Tipo;Colonia;Habitaciones;Garages;Suites;Area;Valor;Condominio;Impuesto
Cocineta;Condesa;1;0;0;40;5950.0;1750.0;210.0
Casa;Polanco;2;0;1;100;24500.0;;
Conjunto Comercial/Sala;Santa Fe;0;4;0;150;18200.0;14070.0;3888.5
Departamento;Centro Histórico;1;0;0;15;2800.0;1365.0;70.0
Departamento;Del Valle;1;0;0;48;2800.0;805.0;
Casa de Condominio;Santa Fe;5;4;5;750;77000.0;;
Conjunto Comercial/Sala;Centro Histórico;0;3;0;695;122500.0;67175.5;10605.0
Departamento;Centro Histórico;1;0;0;36;4200.0;;
Departamento;Condesa;1;0;1;40;7000.0;1963.5;175.0
Cocineta;Condesa;1;0;0;27;6300.0;1753.5;
Departamento;Condesa;4;3;1;243;45500.0;7000.0;2810.5
Edificio Completo;Roma;0;0;0;536;98000.0;;12470.5
Departamento en Hotel;Roma;3;1;1;80;13300.0;3640.0;
Departamento;Santa Fe;2;1;1;67;5950.0;2061.5;514.5
Departamento;Narvarte;2;1;0;110;6650.0;2450.0;483.0
Casa de Condominio;Santa Fe;4;3;2;466;26250.0;9432.5;
Departamento;Narvarte;2;1;0;78;7000.0;2450.0;
Departamento en Hotel;Lomas de Chapultepec;1;0;0;56;15750.0;6650.0;5250.0
Departamento;Coyoacán;3;1;1;125;24500.0;7350.0;1620.5
Departamento;Narvarte;1;0;0;48;2625.0;2702.0;87.5
Departamento;Santa Fe;3;3;1;175;14700.0;5250.0;1750.0
Departamento;Roma;2;1;0;76;8750.0;2590.0;
Departamento;Condesa;3;1;2;378;35000.0;7525.0;2450.0
Departamento;Condesa;3;0;0;180;19250.0;6230.0;1470.0
Conjunto Comercial/Sala;Santa Fe;0;1;0;22;2450.0;;
Departamento;Lomas de Chapultepec;3;1;0;110;13650.0;5250.0;420.0
Conjunto Comercial/Sala;Centro Histórico;0;5;0;1306;411390.0;68201.0;
Cocineta;Condesa;1;0;0;27;4550.0;1330.0;185.5
Departamento;Santa Fe;3;1;2;70;6300.0;3832.5;490.0
Departamento;Condesa;4;1;0;244;17500.0;8750.0;14350.0
Departamento;Santa Fe;3;2;1;110;15750.0;7000.0;1575.0
Conjunto Comercial/Sala;Centro Histórico;0;0;0;460;26250.0;16789.5;7066.5
Conjunto Comercial/Sala;Centro Histórico;0;0;0;1170;491596.0;81931.5;20482.0
Departamento;Santa Fe;3;1;1;72;8225.0;2100.0;245.0
Departamento;San Pedro de los Pinos;2;2;1;180;14000.0;8750.0;1050.0
Conjunto Comercial/Sala;Centro Histórico;0;1;0;70;6650.0;3780.0;878.5
Conjunto Comercial/Sala;Polanco;0;1;0;50;14000.0;4060.0;700.0
Departamento;Centro Histórico;1;0;0;27;2625.0;1298.5;66.5
Departamento;Coyoacán;1;0;0;35;7000.0;2275.0;262.5
Departamento;Coyoacán;1;0;0;38;4900.0;1855.0;269.5
Tienda/Salón;Condesa;0;0;0;34;7000.0;2572.5;
Casa de Condominio;Santa Fe;5;10;5;1600;87500.0;5600.0;
Departamento;Santa Fe;4;3;3;153;22750.0;8050.0;1519.0
Departamento;Coyoacán;3;1;0;87;11200.0;4567.5;759.5
Departamento;Roma;3;1;1;108;20825.0;4917.5;1011.5
Departamento;Coyoacán;3;2;1;150;28000.0;8400.0;
Conjunto Comercial/Sala;Centro Histórico;0;0;0;1;9975.0;7175.0;
Departamento;Coyoacán;3;1;1;140;27650.0;10150.0;1750.0
Departamento;Polanco;2;2;0;95;14000.0;4095.0;
Departamento;Santa Fe;2;1;1;70;;3395.0;238.0
Conjunto Comercial/Sala;Santa Fe;0;1;0;33;2450.0;3535.0;196.0
Conjunto Comercial/Sala;Polanco;0;1;0;24;8750.0;2387.0;392.0
Conjunto Comercial/Sala;Santa Fe;0;1;0;32;2975.0;2516.5;
Casa Comercial;Roma;0;0;0;140;24500.0;;479.5
Conjunto Comercial/Sala;Centro Histórico;0;1;0;390;88889.5;42315.0;4613.0
Conjunto Comercial/Sala;Centro Histórico;0;0;0;320;42000.0;13090.0;5393.5
Departamento;Lomas de Chapultepec;2;1;1;80;12250.0;3465.0;857.5
Departamento;Santa Fe;4;4;4;240;44450.0;15400.0;5040.0
Departamento;Santa Fe;3;2;1;104;9100.0;4774.0;1421.0
Departamento;San Ángel;2;1;0;70;9800.0;2380.0;343.0
Departamento;Santa Fe;2;1;1;88;9450.0;4550.0;7147.0
Departamento;Centro Histórico;1;1;0;37;3850.0;1890.0;3150.0
Departamento;San Jerónimo;3;4;0;130;19250.0;4924.5;861.0
Departamento;Santa Fe;3;2;2;85;8750.0;4900.0;665.0
Departamento;Del Valle;2;1;0;54;8050.0;2037.0;
Cocineta;Centro Histórico;0;0;0;30;2800.0;1767.5;
Departamento;Coyoacán;3;1;1;120;24500.0;6300.0;1295.0
Tienda/Salón;Santa Fe;0;0;0;36;18550.0;7399.0;2936.5
Departamento;Santa Fe;2;1;1;78;9625.0;4550.0;483.0
Conjunto Comercial/Sala;Centro Histórico;0;0;0;95;13300.0;5908.0;1372.0
Conjunto Comercial/Sala;Centro Histórico;0;0;0;310;59675.0;20825.0;6709.5
Departamento;San Pedro de los Pinos;2;1;0;86;14000.0;4406.5;658.0
Departamento;Santa Fe;1;1;1;70;5950.0;3045.0;500.5
Conjunto Comercial/Sala;Santa Fe;0;4;0;145;31500.0;22400.0;
Departamento;Ciudad de los Deportes;2;0;0;80;3500.0;;
Departamento;Narvarte;2;1;0;80;6300.0;3850.0;294.0
Conjunto Comercial/Sala;Santa Fe;0;2;0;142;14000.0;17584.0;43452.5
Conjunto Comercial/Sala;Roma;0;3;0;241;77000.0;32844.0;
Casa de Vecindad;Villa Coapa;2;1;0;70;4550.0;;
Departamento;Narvarte;3;1;0;172;9450.0;2730.0;595.0
Departamento;Coyoacán;3;1;1;145;28000.0;51688.0;15379.0
Cocineta;Condesa;1;0;0;29;4200.0;1610.0;
Departamento;Roma;2;1;1;83;9800.0;1960.0;483.0
Departamento;Roma;2;1;1;80;15050.0;4123.0;654.5
Departamento;Bosques de las Lomas;3;1;2;250;48650.0;8750.0;
Conjunto Comercial/Sala;Centro Histórico;0;0;0;40;5250.0;2229.5;294.0
Conjunto Comercial/Sala;Centro Histórico;0;0;0;48;4900.0;2551.5;549.5
Departamento;Lomas de Chapultepec;3;2;1;147;26250.0;3598.0;864.5
Departamento;Condesa;2;1;0;67;12250.0;3325.0;560.0
Departamento;Coyoacán;3;1;1;150;87500.0;5656.0;14892.5
Departamento;Santa Fe;4;3;2;220;26250.0;13688.5;2506.0
Departamento;Juárez;2;0;0;77;8400.0;3955.0;490.0
Conjunto Comercial/Sala;Centro Histórico;0;0;0;55;3150.0;4340.0;840.0
Departamento;Chapultepec;2;1;0;55;4725.0;1505.0;164.5
Departamento;Lomas de Chapultepec;3;1;0;85;13650.0;2800.0;4238.5
Departamento;Juárez;2;0;0;75;11725.0;1592.5;
Casa;Lindavista;1;0;0;33;4200.0;;
Cocineta;La Condesa;1;0;0;16;4900.0;1050.0;735.0
Conjunto Comercial/Sala;Centro Histórico;0;0;0;212;45500.0;16450.0;4725.0
Conjunto Comercial/Sala;Santa Fe;0;1;0;20;1557.5;2768.5;3643.5
Departamento;Ciudad de los Deportes;2;0;0;80;3150.0;1225.0;
Departamento;San Miguel Chapultepec;1;0;0;37;3500.0;997.5;84.0
Conjunto Comercial/Sala;Mixcoac;0;1;0;27;5250.0;2030.0;
Departamento;Condesa;3;0;0;150;19250.0;6230.0;1470.0
Departamento;Bosques de las Lomas;3;1;1;127;17500.0;5390.0;1295.0
Conjunto Comercial/Sala;Santa Fe;0;1;0;32;4550.0;3272.5;759.5
Conjunto Comercial/Sala;Santa Fe;0;0;0;28;2800.0;1925.0;
Conjunto Comercial/Sala;Santa Fe;0;1;0;45;5600.0;3850.0;1225.0
Departamento;Santa Fe;3;2;1;128;10500.0;4844.0;1134.0
Terreno Estándar;Santa Fe;0;0;0;1110;490000.0;;
Departamento;San Ángel;3;1;1;160;28000.0;7000.0;
Conjunto Comercial/Sala;Centro Histórico;0;0;0;154;13650.0;17850.0;1956.5
Departamento;Condesa;3;1;1;200;21700.0;6300.0;1470.0
Departamento;Santa Fe;2;1;0;58;5250.0;2331.0;371.0
Departamento;Roma;3;1;1;100;19250.0;4550.0;770.0
Departamento;Santa Fe;4;2;3;320;19250.0;9450.0;2800.0
Departamento;El Rosedal;2;1;0;50;3850.0;;
Conjunto Comercial/Sala;Santa Fe;0;0;0;21;4200.0;2058.0;
Departamento;Coyoacán;2;0;2;52;35000.0;12911.5;1375.5
Tienda/Salón;Santa Fe;0;1;0;120;14000.0;4900.0;5250.0
Departamento;Lomas de Chapultepec;4;4;4;380;140000.0;16450.0;5250.0
Conjunto Comercial/Sala;Centro Histórico;0;0;0;35;3500.0;1127.0;115.5
Conjunto Comercial/Sala;Narvarte;0;1;0;20;3500.0;2415.0;203.0
Tienda/Salón;Santa Fe;0;1;0;50;15750.0;4102.0;4644.5
Conjunto Comercial/Sala;Centro Histórico;0;0;0;120;10500.0;4830.0;1781.5
Departamento;Santa Fe;2;1;1;72;9100.0;5950.0;829.5
Departamento;Roma;4;1;1;190;19250.0;6020.0;1225.0
Cocineta;Juárez;0;0;0;20;2450.0;1750.0;98.0
Departamento;Coyoacán;4;6;1;700;227500.0;31010.0;19946.5
Conjunto Comercial/Sala;Centro Histórico;0;0;0;270;24500.0;9800.0;4371.5
Departamento;Bosques de las Lomas;3;1;2;105;12600.0;3850.0;983.5
Departamento;Condesa;3;1;1;500;52500.0;9030.0;1281.0
Departamento;Narvarte;3;0;0;87;5600.0;2275.0;350.0
Departamento;Roma;1;0;0;35;5250.0;1645.0;175.0
Conjunto Comercial/Sala;Santa Fe;0;1;0;24;2450.0;2198.0;3920.0
Conjunto Comercial/Sala;Narvarte;0;0;0;21;3500.0;1820.0;406.0
Departamento;Santa Fe;1;1;1;65;8225.0;;
Departamento;Coyoacán;3;3;1;220;77000.0;14000.0;4200.0
Departamento;Condesa;3;0;0;100;11550.0;2975.0;315.0
Departamento;Santa Fe;3;1;2;93;8750.0;3850.0;
Departamento;Nueva Santa María;2;2;0;78;2800.0;3202.5;192.5
Departamento;Santa Fe;2;1;1;85;8750.0;5505.5;689.5
Departamento;Lomas de Chapultepec;2;1;1;115;26250.0;3430.0;945.0
Departamento;Roma;2;1;1;70;12950.0;3965.5;514.5
Departamento;Santa Fe;4;4;4;392;105000.0;24500.0;10500.0
Casa Comercial;Roma;0;0;0;220;56000.0;;
Cochera/Estacionamiento;Narvarte;0;0;0;0;1330.0;;
Departamento;Arboledas;3;1;1;61;4900.0;1743.0;
Departamento;Condesa;3;2;1;250;24500.0;5250.0;1519.0
Departamento en Hotel;Condesa;1;1;0;63;12600.0;4252.5;
Departamento en Hotel;Lomas de Chapultepec;1;0;1;50;15750.0;4550.0;525.0
Departamento;Coyoacán;3;2;1;200;52500.0;5250.0;2002.0
Departamento;Condesa;3;1;0;140;12950.0;4714.5;
Departamento;Condesa;2;0;0;50;8750.0;2625.0;2660.0
Casa;Chapultepec;3;2;1;135;10500.0;;
Departamento;Narvarte;3;1;1;78;8750.0;2555.0;623.0
Conjunto Comercial/Sala;Condesa;0;2;0;210;88200.0;22050.0;6615.0
Cocineta;Centro Histórico;0;0;0;28;2450.0;1400.0;56.0
Departamento;Bosques de las Lomas;3;1;1;75;14000.0;4375.0;1081.5
Conjunto Comercial/Sala;Narvarte;0;1;0;32;3150.0;1575.0;
Departamento;Narvarte;1;0;0;65;4200.0;1120.0;
Departamento;Santa Fe;2;1;0;60;5250.0;4431.0;815.5
Departamento;Condesa;4;1;2;210;45500.0;7700.0;2275.0
Departamento;Santa Fe;2;1;1;83;7000.0;5418.0;910.0
Departamento;Del Valle;5;2;1;400;31500.0;10500.0;
Departamento;Santa Fe;3;1;1;84;6650.0;3860.5;742.0
Departamento;Narvarte;3;0;0;75;6300.0;1225.0;
Departamento;Coyoacán;3;1;1;126;19250.0;4900.0;7000.0
Departamento;Lomas de Chapultepec;4;2;2;250;61250.0;17465.0;2170.0
Conjunto Comercial/Sala;Roma;0;8;0;463;324100.0;41450.5;50242.5
Conjunto Comercial/Sala;Centro Histórico;0;0;0;190;15750.0;3101.0;
Conjunto Comercial/Sala;Centro Histórico;0;0;0;185;10500.0;35161.0;1617.0
Conjunto Comercial/Sala;Centro Histórico;0;4;0;230;24500.0;10955.0;4207.0
Conjunto Comercial/Sala;Centro Histórico;0;0;0;55;6160.0;4970.0;
Departamento;Condesa;4;2;2;436;59500.0;13650.0;3500.0
Departamento;Narvarte;2;1;1;71;5250.0;2100.0;
Departamento;Santa Fe;2;1;1;81;6650.0;4200.0;423.5
Casa de Condominio;Santa Fe;4;2;4;595;105000.0;8750.0;8785.0
Departamento;Lomas de Chapultepec;3;1;0;87;13300.0;3395.0;955.5
Tienda/Salón;Condesa;0;0;0;13;5250.0;1820.0;332.5
Tienda/Salón;Santa Fe;0;1;0;95;52500.0;6300.0;3500.0
Conjunto Comercial/Sala;Centro Histórico;0;0;0;150;14000.0;7000.0;2450.0
Departamento;Del Valle;4;1;2;288;24500.0;6545.0;2037.0
Conjunto Comercial/Sala;Santa Fe;0;1;0;25;3500.0;1575.0;
Departamento;Lomas de Chapultepec;2;1;0;70;14700.0;3850.0;700.0
Departamento;Villa de Cortés;1;0;0;46;3500.0;;
Departamento;Casa Blanca;3;0;0;65;4200.0;1225.0;56.0
Tienda/Salón;Santa Fe;0;1;0;50;3850.0;4683.0;
Departamento;Santa Fe;3;3;2;169;22750.0;6601.0;1575.0
Cocineta;Condesa;1;0;0;23;3500.0;1967.0;
Departamento;Del Valle;3;1;1;90;8400.0;4588.5;
Departamento;Narvarte;2;0;0;50;6300.0;1214.5;87.5
Departamento;Coyoacán;3;1;1;140;22750.0;6300.0;1771.0
Departamento;Coyoacán;4;1;1;170;42000.0;4235.0;14777.0
Casa;Narvarte;4;1;1;191;14000.0;1050.0;
Departamento;Centro Histórico;1;0;0;35;4725.0;1470.0;84.0
Departamento;Narvarte;2;0;0;63;4900.0;1540.0;213.5
Departamento;Condesa;3;1;0;112;13300.0;3930.5;1001.0
Tienda/Salón;Santa Fe;0;8;0;500;133000.0;;17398.5
Departamento;Lomas de Chapultepec;3;0;1;85;29750.0;;6016.5
Departamento;Narvarte;3;1;0;129;6300.0;2975.0;406.0
Departamento;Santa Fe;4;3;3;160;30100.0;8050.0;875.0
Conjunto Comercial/Sala;Centro Histórico;0;0;0;100;9800.0;5250.0;1715.0
Departamento;Santa Fe;1;1;1;60;7700.0;5600.0;1225.0
Conjunto Comercial/Sala;Villa de Cortés;0;20;0;2160;453600.0;211680.0;
Cocineta;Centro Histórico;1;0;0;33;3465.0;1620.5;87.5
Departamento;Condesa;2;0;0;54;6300.0;2065.0;
Conjunto Comercial/Sala;Centro Histórico;0;10;0;1136;477295.0;79548.0;19887.0
Casa Comercial;La Condesa;0;0;0;139;58590.0;6835.5;486.5
Departamento en Hotel;Bosques de Aragón;1;1;1;55;10500.0;6527.5;1179.5
Departamento;Juárez;2;1;1;70;11550.0;4777.5;630.0
Departamento;Condesa;5;1;3;390;35000.0;3500.0;3500.0
Departamento;Roma;1;0;0;35;3500.0;1025.5;301.0
Departamento;Narvarte;3;1;0;164;12250.0;4585.0;899.5
Departamento;Roma;2;1;1;79;15102.5;3885.0;654.5
Departamento;Narvarte;1;0;0;36;4550.0;1032.5;84.0
Cocineta;Condesa;1;0;0;26;4900.0;1295.0;73.5
Casa de Condominio;Santa Fe;4;4;4;1000;105000.0;9432.5;83002.5
Conjunto Comercial/Sala;Centro Histórico;0;0;0;120;10500.0;4830.0;1774.5
Departamento;San Pedro de los Pinos;1;0;0;57;13965.0;3010.0;350.0
Departamento;Lomas de Chapultepec;4;2;2;200;38500.0;10150.0;2030.0
Departamento;Santa Fe;2;1;1;63;6650.0;2884.0;
Departamento;San Ángel;2;1;1;100;13650.0;4550.0;1120.0
Departamento;Coyoacán;3;2;1;165;26250.0;7700.0;1862.0
Conjunto Comercial/Sala;Centro Histórico;0;0;0;145;13300.0;4900.0;1445.5
Departamento;Coyoacán;3;2;2;160;21000.0;12250.0;16100.0
Departamento;Lomas de Chapultepec;2;1;1;87;16800.0;4550.0;1263.5
Departamento;Santa Fe;3;1;1;105;8750.0;4900.0;5250.0
Conjunto Comercial/Sala;Centro Histórico;0;0;0;87;10500.0;2674.0;469.0
Cocineta;Condesa;1;0;0;30;4550.0;1295.0;105.0
Conjunto Comercial/Sala;Santa Fe;0;9;0;190;35000.0;19260.5;4375.0
Conjunto Comercial/Sala;Lomas de Chapultepec;0;0;0;6;3150.0;;
Departamento;Santa Fe;3;1;1;80;12250.0;4935.0;945.0
Conjunto Comercial/Sala;Centro Histórico;0;0;0;375;65625.0;22190.0;8221.5
Departamento;Roma;3;1;1;102;17850.0;4550.0;
Departamento;San Ángel;3;0;1;120;9450.0;3080.0;833.0
Departamento;San Pedro de los Pinos;2;2;1;112;15750.0;4550.0;
Conjunto Comercial/Sala;Centro Histórico;0;0;0;34;3500.0;2551.5;
Conjunto Comercial/Sala;Centro Histórico;0;0;0;48;15750.0;3097.5;1330.0
Conjunto Comercial/Sala;Santa Fe;0;2;0;80;17500.0;3850.0;10500.0
Departamento;Bosques de las Lomas;1;1;0;75;9800.0;2800.0;735.0
Departamento;Coyoacán;3;1;1;125;24500.0;7350.0;1620.5
Conjunto Comercial/Sala;Lomas de Chapultepec;0;0;0;120;70000.0;8400.0;2156.0
Departamento;Nueva Santa María;2;0;0;53;4900.0;1610.0;42.0
Loft;Santa Fe;1;1;1;78;9450.0;4795.0;658.0
Departamento;Santa Fe;2;2;1;86;12250.0;4574.5;
Departamento;Santa Fe;2;1;1;77;8750.0;2905.0;546.0
Departamento;Nueva Santa María;1;1;0;63;2450.0;2187.5;126.0
Conjunto Comercial/Sala;Centro Histórico;0;0;0;22;2800.0;924.0;290.5
Departamento;Santa Fe;4;2;2;149;15750.0;7455.0;
Conjunto Comercial/Sala;Roma;0;10;0;534;157500.0;51975.0;
Departamento;Coyoacán;4;1;2;250;42000.0;8050.0;3675.0
Departamento;San Ángel;2;1;1;68;9450.0;2975.0;651.0
Departamento;Santa Fe;2;1;1;75;4900.0;4480.0;
Departamento;Coyoacán;2;1;1;97;24500.0;14000.0;16537.5
Conjunto Comercial/Sala;Santa Fe;0;1;0;72;7700.0;2922.5;2082.5
Cocineta;Lomas de Chapultepec;1;0;0;30;5950.0;1960.0;217.0
Departamento;Condesa;4;2;1;279;11025.0;7087.5;1295.0
Casa;La Florida;2;1;0;59;4200.0;595.0;
Cochera/Estacionamiento;Centro Histórico;0;1;0;0;875.0;;297.5
Conjunto Comercial/Sala;Santa Fe;0;1;0;50;5600.0;3045.0;1421.0
Departamento;Del Valle;5;3;2;713;105000.0;13300.0;
Conjunto Comercial/Sala;Roma;0;28;0;1510;739900.0;178157.0;28483.0
Conjunto Comercial/Sala;Centro Histórico;0;0;0;254;35000.0;19600.0;
Conjunto Comercial/Sala;Centro Histórico;0;0;0;24;2100.0;1351.0;416.5
Conjunto Comercial/Sala;Centro Histórico;0;0;0;250;28000.0;16765.0;4060.0
Conjunto Comercial/Sala;Santa Fe;0;1;0;22;2625.0;1396.5;182.0
Departamento;Narvarte;2;1;1;70;5250.0;3115.0;238.0
Casa de Condominio;Santa Fe;5;6;5;640;48300.0;3430.0;6300.0
Departamento;Álvaro Obregón;2;0;0;70;3500.0;112.0;
Conjunto Comercial/Sala;Narvarte;0;0;0;150;25200.0;5950.0;1683.5
Conjunto Comercial/Sala;Centro Histórico;0;0;0;219;80500.0;20783.0;4560.5
Conjunto Comercial/Sala;Centro Histórico;0;0;0;322;29750.0;15102.5;283.5
Departamento;Iztacalco;2;0;0;40;2100.0;1452.5;
Departamento;Condesa;2;1;1;81;10150.0;3125.5;665.0
Conjunto Comercial/Sala;Santa Fe;0;4;0;350;57750.0;21105.0;13930.0
Casa de Condominio;Santa Fe;5;3;5;1000;70000.0;6300.0;6300.0
Departamento en Hotel;San Pedro de los Pinos;1;1;0;55;7000.0;4312.0;616.0
Conjunto Comercial/Sala;Centro Histórico;0;0;0;360;31500.0;10388.0;4228.0
Departamento;Ciudad de los Deportes;3;0;0;90;3150.0;1155.0;52.5
Departamento;San Miguel Chapultepec;3;3;1;124;5950.0;4900.0;
Tienda/Salón;Santa Fe;0;0;0;210;192500.0;;10500.0
Departamento;Coyoacán;2;0;1;75;18200.0;1666.0;420.0
Departamento;Del Valle;2;1;1;70;8050.0;2170.0;665.0
Departamento;Santa Fe;4;3;4;192;17500.0;7700.0;1967.0
Conjunto Comercial/Sala;Centro Histórico;0;18;0;1141;279492.5;78057.0;10419.5
Departamento;Condesa;1;0;0;43;5600.0;1582.0;847.0
Departamento;Santa Fe;2;1;1;70;7700.0;2730.0;
Departamento;Mixcoac;3;1;1;73;4200.0;1820.0;
Departamento;Condesa;3;0;0;120;10500.0;4970.0;
Conjunto Comercial/Sala;Narvarte;0;0;0;29;2800.0;3850.0;
Conjunto Comercial/Sala;Roma;0;11;0;705;238000.0;93502.5;16026.5
Departamento;Peralvillo;2;1;0;64;2800.0;868.0;49.0
Departamento;Condesa;1;0;0;45;9800.0;1575.0;105.0
Departamento;Del Valle;2;0;0;110;8750.0;3388.0;584.5
Departamento;Coyoacán;4;3;3;433;129500.0;34300.0;
Departamento;Napoles;3;1;1;175;28000.0;4830.0;
Casa;Nueva Santa María;2;0;0;70;3850.0;;
Conjunto Comercial/Sala;Santa Fe;0;1;0;75;8750.0;4375.0;2383.5
Departamento;San Pedro de los Pinos;2;1;0;64;8750.0;1820.0;
Conjunto Comercial/Sala;Centro Histórico;0;0;0;90;9800.0;5740.0;945.0
Departamento;Condesa;1;0;1;37;8750.0;1564.5;70.0
Departamento;Condesa;4;2;2;240;35000.0;7000.0;2450.0
Casa de Condominio;Santa Fe;4;3;2;188;21000.0;3577.0;
Departamento;Santa Fe;3;2;2;137;43750.0;6475.0;948.5
Departamento;Santa Fe;14;2;2;212;17500.0;4200.0;2275.0
Departamento;Nativitas;2;1;0;65;3850.0;892.5;
Departamento;Santa Fe;2;2;1;105;10500.0;5250.0;
Conjunto Comercial/Sala;Centro Histórico;0;0;0;240;73500.0;12250.0;
Tienda/Salón;San Rafael;0;0;0;330;21000.0;;60497.5
Departamento;San Miguel Chapultepec;2;1;0;70;3850.0;1925.0;
Departamento;San Ángel;3;1;1;108;17500.0;6191.5;791.0
Departamento;Juárez;1;0;0;45;5600.0;1750.0;192.5
Conjunto Comercial/Sala;Santa Fe;0;1;0;32;2800.0;3045.0;
Cocineta;Condesa;1;0;0;15;3850.0;2100.0;
Conjunto Comercial/Sala;Centro Histórico;0;0;0;101;7000.0;16450.0;
Conjunto Comercial/Sala;Santa Fe;0;1;0;28;5600.0;3192.0;
Departamento;Santa Fe;3;2;3;160;24500.0;3804.5;1592.5
Conjunto Comercial/Sala;Centro Histórico;0;0;0;150;14000.0;7000.0;
Conjunto Comercial/Sala;Roma;0;0;0;457;175000.0;61600.0;82250.0
Departamento;Bosques de las Lomas;3;2;1;130;17500.0;3500.0;1050.0
Conjunto Comercial/Sala;Centro Histórico;0;2;0;240;24500.0;11210.5;4550.0
Departamento;Condesa;3;0;0;80;8750.0;2800.0;549.5
Casa de Condominio;Santa Fe;3;0;2;367;21000.0;1785.0;1480.5
Casa;Polanco;2;4;1;107;33250.0;;3818.5
Conjunto Comercial/Sala;Roma;0;15;0;700;208250.0;76979.0;19551.0
Conjunto Comercial/Sala;Santa Fe;0;0;0;10;21745.5;;
Departamento;Santa Fe;5;4;3;171;31500.0;7000.0;12250.0
Departamento;Centro Histórico;1;0;0;42;7700.0;2166.5;707.0
Cocineta;Lomas de Chapultepec;1;0;0;25;6825.0;1260.0;203.0
Departamento;Lomas de Chapultepec;4;3;4;260;47250.0;10850.0;
Conjunto Comercial/Sala;Centro Histórico;0;0;0;594;31500.0;;2544.5
Tienda/Salón;Condesa;0;0;0;310;105000.0;2450.0;
Conjunto Comercial/Sala;Centro Histórico;0;0;0;373;105000.0;23530.5;5222.0
Conjunto Comercial/Sala;Coyoacán;0;5;0;200;88200.0;16380.0;
Departamento;Bosques de las Lomas;4;3;1;180;38500.0;8855.0;2842.0
Departamento;Condesa;1;0;0;43;6300.0;2236.5;266.0
Departamento;Bosques de las Lomas;2;1;1;80;7700.0;9100.0;1470.0
Conjunto Comercial/Sala;Condesa;0;0;0;25;3500.0;1519.0;353.5
Departamento;Polanco;3;1;2;170;21000.0;3010.0;1890.0
Casa Comercial;Roma;3;0;0;280;45500.0;1575.0;4854.5
Departamento;Lomas de Chapultepec;4;2;2;207;54250.0;21000.0;3269.0
Departamento;Santa Fe;4;4;4;518;133000.0;17514.0;6114.5
Galpón/Depósito/Almacén;Vallejo;0;0;0;850;29750.0;;
Departamento;Coyoacán;1;0;1;50;8400.0;3139.5;91.0
Cocineta;Condesa;1;0;0;35;5950.0;1400.0;192.5
Tienda/Salón;Juárez;0;6;0;300;61250.0;1085.0;49000.0
Tienda/Salón;Santa Fe;0;1;0;49;7000.0;2730.0;
Conjunto Comercial/Sala;Centro Histórico;0;3;0;151;38587.5;12005.0;
Departamento;Condesa;2;0;0;65;9450.0;2485.0;455.0
Conjunto Comercial/Sala;Santa Fe;0;7;0;300;52500.0;32760.0;
Casa;Roma;12;5;0;500;63000.0;;6300.0
Conjunto Comercial/Sala;Coyoacán;0;0;0;45;17500.0;7700.0;850.5
Departamento;Santa Fe;4;3;4;304;45500.0;13300.0;4725.0
Casa de Condominio;Santa Fe;4;2;4;280;29750.0;2625.0;2170.0
Edificio Completo;Santa Fe;0;80;0;5500;1680000.0;;
Departamento;Narvarte;3;1;0;88;8050.0;2765.0;3097.5
Departamento;Coyoacán;3;1;1;145;25200.0;10150.0;1750.0
Casa;Juárez;10;0;10;300;52500.0;;770.0
Departamento;Tlalpan;1;0;0;53;9800.0;2695.0;
Departamento;Coyoacán;3;1;1;116;17500.0;5600.0;1106.0
Departamento;Narvarte;3;1;0;116;7000.0;2765.0;679.0
Departamento;San Miguel Chapultepec;3;0;0;82;4200.0;2324.0;301.0
Cocineta;La Condesa;1;0;1;26;2975.0;1123.5;101.5
Departamento;Santa Fe;3;2;1;130;16800.0;5950.0;1515.5
Departamento;Condesa;1;0;0;60;9800.0;2170.0;448.0
Tienda/Salón;Arboledas;0;0;0;56;7700.0;;350.0
Departamento;Villa de Cortés;2;0;0;64;3325.0;630.0;
Departamento;Polanco;3;1;1;130;22400.0;5250.0;
Tienda/Salón;Santa Fe;0;0;0;140;25200.0;1102.5;5425.0
Departamento;Lomas de Chapultepec;2;1;0;90;12250.0;4550.0;700.0
Departamento;Lomas de Chapultepec;4;2;4;200;29750.0;9485.0;3307.5
Conjunto Comercial/Sala;Centro Histórico;0;0;0;208;17500.0;9345.0;1855.0
Departamento;Narvarte;1;1;1;84;7000.0;2513.0;420.0
Galpón/Depósito/Almacén;Pueblo Culhuacán;0;0;0;2000;105000.0;;
Departamento;Condesa;1;1;0;150;10500.0;4200.0;1365.0
Departamento;Santa Fe;3;2;3;156;19250.0;8050.0;1393.0
Conjunto Comercial/Sala;Roma;0;3;0;90;20650.0;7770.0;
Tienda/Salón;Santa Fe;0;1;0;65;7700.0;2082.5;1750.0
Departamento;Roma;2;0;0;115;7700.0;3657.5;665.0
Departamento;Narvarte;2;0;0;49;6300.0;630.0;
Terreno Estándar;Villa de Cortés;0;0;0;721;14000.0;;2138.5
Departamento;Condesa;2;0;0;120;13300.0;3500.0;689.5
Departamento;Santa Fe;2;1;1;70;6300.0;2383.5;420.0
Tienda/Salón;San Antonio Tecomitl;0;0;0;42;3500.0;;
Departamento;Santa Fe;2;1;1;70;11340.0;3325.0;
Departamento;Coyoacán;2;0;0;99;11550.0;3220.0;
Conjunto Comercial/Sala;Centro Histórico;0;0;0;42;2450.0;1802.5;290.5
Departamento;Condesa;3;1;0;80;10850.0;2450.0;4228.0
Departamento;Condesa;2;1;0;74;9100.0;3573.5;
Departamento;San Pedro de los Pinos;2;1;0;75;10150.0;3241.0;315.0
Departamento;Santa Fe;4;3;4;250;33250.0;9800.0;1830.5
Tienda/Salón;Centro Histórico;0;0;0;530;42000.0;26022.5;6125.0
Departamento;Coyoacán;4;1;3;250;42000.0;8050.0;3629.5
Departamento;Santa Fe;4;3;2;260;26250.0;12425.0;1225.0
Departamento;Del Valle;2;0;0;85;7350.0;2450.0;332.5
Departamento;Roma Norte;2;1;0;69;6650.0;2100.0;245.0
Departamento;San Rafael;2;1;0;56;6650.0;2124.5;311.5
Cochera/Estacionamiento;Centro Histórico;0;1;0;0;350.0;;
Departamento;Coyoacán;4;3;4;480;136500.0;32900.0;
Departamento;Santa Fe;4;3;3;180;24500.0;6772.5;1571.5
Departamento;Condesa;2;0;0;81;10500.0;2695.0;556.5
Departamento;Santa Fe;2;1;1;88;8400.0;4595.5;
Conjunto Comercial/Sala;Santa Fe;0;4;0;125;24500.0;17500.0;3850.0
Casa de Condominio;La Florida;2;0;1;100;5250.0;560.0;280.0
Departamento;Coyoacán;3;3;3;169;31500.0;8050.0;3101.0
Tienda en Centro Comercial;Santa Fe;0;2;0;88;8750.0;15750.0;5404.0
Conjunto Comercial/Sala;Lomas de Chapultepec;0;0;0;120;70000.0;8400.0;
Conjunto Comercial/Sala;Santa Fe;0;0;0;45;3850.0;3500.0;3.5
Tienda en Centro Comercial;Coyoacán;0;2;0;25;17500.0;;525.0
Departamento;Lomas de Chapultepec;3;1;0;74;11550.0;2450.0;290.5
Departamento;Condesa;2;0;0;110;9800.0;2800.0;420.0
Departamento;Napoles;1;0;0;31;3990.0;1470.0;84.0
Conjunto Comercial/Sala;Santa Fe;0;1;0;36;5600.0;2730.0;280.0
Conjunto Comercial/Sala;Coyoacán;0;0;0;32;5950.0;2625.0;
Conjunto Comercial/Sala;Santa Fe;0;3;0;108;20650.0;8484.0;
Casa;Condesa;5;3;0;260;24500.0;;570.5
Departamento;Santa Fe;2;1;0;70;8400.0;6300.0;525.0
Departamento;Industrial Vallejo;3;1;0;60;2625.0;826.0;
Departamento;La Condesa;1;0;0;48;4900.0;1680.0;70.0
Departamento;Condesa;5;1;1;400;29750.0;7560.0;1277.5
Departamento;Coyoacán;2;1;0;45;10500.0;2012.5;87.5
Departamento;Peralvillo;2;1;0;65;3325.0;2240.0;441.0
Departamento;Lomas de Chapultepec;2;0;0;100;13300.0;3150.0;682.5
Departamento;Iztapalapa;2;1;0;70;2975.0;700.0;
Departamento;Ciudad de los Deportes;2;1;1;63;3850.0;1263.5;
Tienda en Centro Comercial;Santa Fe;0;1;0;81;8750.0;8918.0;2544.5
Departamento;Santa Fe;3;2;2;480;52500.0;9625.0;2275.0
Departamento;Del Valle;2;0;0;51;6650.0;1575.0;87.5
Departamento;Roma;1;0;0;17;3850.0;1155.0;52.5
Departamento;Roma;3;0;0;100;21175.0;4042.5;819.0
Departamento;Bosques de las Lomas;2;1;1;90;9450.0;4725.0;875.0
Departamento;Villa Coapa;2;1;0;83;3325.0;;45.5
Departamento;Bosques de las Lomas;3;3;3;230;21000.0;16100.0;3465.0
Departamento;Peralvillo;2;1;1;62;5950.0;1750.0;234.5
Departamento;Lomas de Chapultepec;2;2;1;113;12250.0;4777.5;1354.5
Conjunto Comercial/Sala;Santa Fe;0;1;0;54;8750.0;4200.0;6300.0
Departamento;San Miguel Chapultepec;2;1;0;63;4550.0;1750.0;
Galpón/Depósito/Almacén;Santa Marta Acatitla;0;12;0;3084;237492.5;68988.5;5866.0
Cocineta;Condesa;1;0;0;30;9100.0;1750.0;
Cocineta;Condesa;1;0;0;30;11200.0;1400.0;175.0
Cocineta;Centro Histórico;1;0;1;15;2625.0;;
Departamento;Bosques de las Lomas;3;3;1;250;38500.0;12250.0;3111.5
Departamento;San Pedro de los Pinos;3;1;0;95;8050.0;4550.0;420.0
Departamento;Villa de Guadalupe;1;1;0;45;2450.0;1246.0;441.0
Departamento;Santa Fe;2;1;0;90;7000.0;3430.0;5600.0
Tienda/Salón;Condesa;0;1;0;26;2450.0;3514.0;595.0
Departamento;Santa Fe;1;1;1;80;5950.0;3430.0;875.0
Casa;Álvaro Obregón;1;0;0;35;1400.0;;
Departamento;Santa Fe;2;1;1;70;7700.0;3500.0;245.0
Departamento;Santa Fe;4;3;1;190;19250.0;5600.0;1522.5
Tienda/Salón;Condesa;0;0;0;260;122500.0;2625.0;4725.0
Conjunto Comercial/Sala;Santa Fe;0;10;0;1100;231000.0;105000.0;83251.0
Tienda/Salón;Roma;0;5;0;525;226443.0;;
Departamento;Condesa;3;1;0;140;12250.0;4375.0;
Departamento;Narvarte;1;1;1;87;4900.0;3699.5;567.0
Departamento;Santa Fe;4;3;2;210;18550.0;7280.0;1750.0
Casa de Condominio;Tláhuac;2;1;0;70;2800.0;700.0;
Conjunto Comercial/Sala;Centro Histórico;100;39;0;1600;560000.0;;
Conjunto Comercial/Sala;Centro Histórico;0;0;0;570;68250.0;30800.0;
Departamento;Lomas de Chapultepec;4;3;4;300;105000.0;14955.5;5449.5
Departamento;Coyoacán;3;1;1;140;25200.0;10150.0;1750.0
Casa de Condominio;Polanco;4;4;1;380;42000.0;3045.0;4515.0
Departamento;Polanco;2;1;1;86;14350.0;2905.0;899.5
Departamento;Lomas de Chapultepec;3;1;0;110;21700.0;3097.5;
Casa de Condominio;Santa Fe;4;4;3;280;38500.0;4200.0;3850.0
Departamento;Narvarte;2;1;0;60;6300.0;1470.0;
Departamento en Hotel;Roma;1;1;1;50;8750.0;2926.0;661.5
Departamento;Santa Fe;2;1;1;140;15750.0;3185.0;1470.0
Departamento;San Rafael;1;0;1;30;3850.0;2030.0;
Departamento;Peralvillo;2;1;0;52;2450.0;1470.0;122.5
Conjunto Comercial/Sala;Santa Fe;0;1;0;45;1750.0;3850.0;
Departamento;Bosques de las Lomas;2;1;0;77;9450.0;3675.0;1057.0
Departamento;Condesa;3;1;1;194;26250.0;5985.0;16243.5
Tienda en Centro Comercial;Santa Fe;0;0;0;34;9450.0;3664.5;1141.0
Departamento;Lomas de Chapultepec;3;3;1;208;28000.0;5950.0;3377.5
Cocineta;Condesa;1;0;0;25;4200.0;1113.0;
Conjunto Comercial/Sala;Centro Histórico;0;0;0;50;4200.0;4725.0;805.0
Departamento;San Ángel;3;1;2;220;24500.0;11200.0;1575.0
Conjunto Comercial/Sala;Santa Fe;0;14;0;350;73500.0;;
Departamento;Santa Fe;3;2;1;204;16100.0;8123.5;1711.5
Departamento;Santa Fe;3;1;3;80;9800.0;4550.0;
Departamento;Lomas de Chapultepec;4;2;2;205;52500.0;21000.0;2702.0
Departamento;Santa Fe;3;2;1;165;22750.0;5260.5;1155.0
Conjunto Comercial/Sala;Centro Histórico;0;0;0;576;100957.5;31297.0;7248.5
Conjunto Comercial/Sala;Condesa;0;0;0;73;14000.0;4770.5;1029.0
Conjunto Comercial/Sala;Centro Histórico;0;0;0;34;3150.0;1676.5;399.0
Conjunto Comercial/Sala;Santa Fe;0;1;0;49;4200.0;2159.5;241.5
Departamento;Lomas de Chapultepec;3;2;1;140;15750.0;8932.0;2082.5
Departamento;Del Valle;3;1;1;150;11200.0;5264.0;1053.5
Departamento;Lomas de Padierna;1;1;0;47;4200.0;1015.0;171.5
Departamento;Narvarte;2;1;0;70;6475.0;2618.0;168.0
Departamento;Lomas de Chapultepec;2;1;1;82;20650.0;3948.0;1050.0
Departamento;Santa Fe;4;4;4;330;70000.0;6300.0;36750.0
Departamento;Santa Fe;3;2;1;140;17150.0;5600.0;12530.0
Conjunto Comercial/Sala;Centro Histórico;0;0;0;55;3150.0;4266.5;483.0
Conjunto Comercial/Sala;Santa Fe;0;1;0;22;2100.0;2789.5;574.0
Conjunto Comercial/Sala;Coyoacán;0;0;0;30;8050.0;3080.0;
Tienda/Salón;Centro Histórico;0;0;0;172;8750.0;;1368.5
Departamento;Narvarte;3;1;1;106;7175.0;3052.0;3528.0
Departamento;Napoles;1;0;0;55;7000.0;2047.5;276.5
Departamento;Coyoacán;3;3;3;310;56000.0;10500.0;3850.0
Departamento;San Miguel Chapultepec;2;1;1;79;4550.0;3325.0;105.0
Conjunto Comercial/Sala;Lomas de Chapultepec;0;8;0;408;316414.0;91000.0;
Departamento;El Contadero;2;0;0;92;5600.0;;346.5
Departamento;Santa Fe;2;1;1;102;8750.0;5173.0;892.5
Galpón/Depósito/Almacén;San Mateo;0;0;0;190;12600.0;;1018.5
Departamento;Condesa;3;1;1;160;14000.0;5659.5;1050.0
Casa Comercial;Condesa;12;0;12;360;59500.0;;4025.0
Cocineta;Condesa;1;0;0;38;6300.0;1750.0;350.0
Departamento;Condesa;1;0;0;30;4200.0;2275.0;189.0
Departamento;Coyoacán;3;1;0;80;14000.0;4200.0;878.5
Departamento;Lomas de Chapultepec;4;2;2;300;98000.0;12180.0;
Departamento;Polanco;3;2;2;145;16380.0;4536.0;1109.5
Departamento;Santa Fe;1;1;1;68;9800.0;4375.0;766.5
Departamento;Polanco;2;2;1;83;12250.0;5705.0;686.0
Conjunto Comercial/Sala;Santa Fe;0;0;0;125;12250.0;10850.0;2712.5
Departamento;Lomas de Chapultepec;3;2;1;180;33250.0;9814.0;3325.0
Conjunto Comercial/Sala;Roma;0;1;0;80;15750.0;7640.5;1624.0
Departamento;Condesa;2;1;1;110;14000.0;3535.0;882.0
Conjunto Comercial/Sala;Narvarte;0;0;0;50;4200.0;4410.0;931.0
Departamento;Roma;3;0;0;123;11200.0;1473.5;637.0
Conjunto Comercial/Sala;Centro Histórico;0;0;0;309;52500.0;17500.0;2275.0
Departamento;Santa Fe;3;2;3;120;9800.0;4480.0;1260.0
Departamento;Lomas de Chapultepec;2;3;1;168;31500.0;7434.0;1970.5
Conjunto Comercial/Sala;Centro Histórico;0;0;0;44;3150.0;525.0;581.0
Edificio Completo;Condesa;1;1;0;450;220500.0;47250.0;13387.5
Departamento;Ciudad de los Deportes;1;0;1;50;2100.0;;
Departamento;Santa Fe;1;0;0;71;7350.0;4200.0;770.0
Departamento;Narvarte;2;1;1;81;8225.0;2971.5;280.0
Departamento;Mixcoac;3;1;0;90;6650.0;735.0;560.0
Departamento;Bosques de las Lomas;2;1;1;56;12250.0;5215.0;1130.5
Departamento;Lomas de Chapultepec;4;2;1;200;40250.0;10692.5;1750.0
Casa;Santa Fe;6;4;6;540;87500.0;8165.5;10150.0
Departamento;Narvarte;3;0;0;98;5950.0;1365.0;325.5
Departamento;San Rafael;2;0;0;66;2450.0;3150.0;161.0
Departamento;Coyoacán;3;2;1;200;22050.0;7700.0;1400.0
Departamento;Peralvillo;2;1;0;60;3150.0;1470.0;52.5
Conjunto Comercial/Sala;Centro Histórico;0;1;0;182;29750.0;11200.0;
Departamento;Condesa;2;0;0;65;4900.0;2100.0;
Departamento;Lomas de Chapultepec;4;2;2;230;62650.0;17500.0;3500.0
Departamento;San Ángel;3;1;1;138;27650.0;6650.0;11963.0
Departamento;Coyoacán;3;1;0;130;28000.0;7000.0;1680.0
Departamento;Roma;3;1;1;123;14000.0;4158.0;773.5
Conjunto Comercial/Sala;Santa Fe;0;1;0;35;5250.0;4200.0;700.0
Departamento;Roma;1;0;0;38;4550.0;1400.0;87.5
Departamento en Hotel;Santa Fe;1;1;0;71;9450.0;5950.0;633.5
Departamento;Narvarte;2;1;0;88;3850.0;2425.5;112.0
Conjunto Comercial/Sala;Centro Histórico;0;0;0;30;1750.0;1715.0;297.5
Departamento;Condesa;1;0;0;36;5950.0;2212.0;241.5
Conjunto Comercial/Sala;Centro Histórico;0;0;0;106;12250.0;7392.0;1680.0
Cocineta;Condesa;1;0;0;30;4025.0;1575.0;105.0
Departamento;Narvarte;2;0;1;80;4550.0;;287.0
Conjunto Comercial/Sala;Santa Fe;0;1;0;20;3850.0;2450.0;
Departamento;Condesa;1;0;0;37;7700.0;1942.5;245.0
Departamento;Coyoacán;3;1;1;126;21000.0;5834.5;2065.0
Departamento;San Ángel;2;1;0;63;11550.0;2275.0;
Departamento;Santa Fe;2;1;0;74;7350.0;2625.0;
Conjunto Comercial/Sala;Centro Histórico;0;0;0;31;2800.0;1911.0;444.5
Departamento;Santa Fe;2;1;1;70;8050.0;3500.0;280.0
Departamento;Santa Fe;4;3;4;292;56000.0;17500.0;5250.0
Departamento;Santa Fe;4;2;1;330;31500.0;10850.0;3797.5
Casa;Santa Fe;4;6;2;232;22750.0;3850.0;2800.0
Departamento;Roma;3;1;1;102;17850.0;4550.0;1197.0
Departamento;La Condesa;1;0;0;28;5250.0;875.0;
Departamento;Santa Fe;2;2;1;65;5600.0;4445.0;815.5
Departamento;Nueva Santa María;2;1;0;69;4375.0;2100.0;
Departamento;Las Águilas;2;1;0;48;3500.0;1190.0;315.0
Departamento;Lomas de Chapultepec;4;2;2;240;62650.0;17500.0;3500.0
Departamento;Del Valle;4;2;1;350;35000.0;10500.0;1410.5
Departamento;Santa Fe;2;1;1;87;8050.0;5187.0;878.5
Departamento;Santa Fe;3;1;1;75;6650.0;2625.0;210.0
Departamento;Santa Fe;2;1;1;80;12250.0;3850.0;490.0
Casa de Condominio;Santa Fe;5;6;5;1050;52500.0;7000.0;7000.0
Departamento;Condesa;3;0;2;130;14000.0;3325.0;700.0
Conjunto Comercial/Sala;Centro Histórico;0;3;0;134;41440.0;10143.0;3013.5
Conjunto Comercial/Sala;Santa Fe;0;0;0;5124;2149000.0;;
Conjunto Comercial/Sala;Santa Fe;0;1;0;46;5075.0;3097.5;885.5
Departamento;Culhuacán CTM;3;0;0;58;3465.0;350.0;
Casa Comercial;Polanco;0;0;0;80;21000.0;;3500.0
Departamento;San Pedro de los Pinos;2;1;0;72;10150.0;2852.5;336.0
Departamento;Peralvillo;2;1;1;61;3500.0;1711.5;
Departamento;Tlalpan;3;1;1;220;56000.0;9649.5;1904.0
Galpón/Depósito/Almacén;Santa María la Ribera;0;14;0;590;52500.0;;
Tienda/Salón;Villa de Guadalupe;0;1;0;55;6300.0;3237.5;1837.5
Departamento;Condesa;3;1;0;290;28000.0;7112.0;24500.0
Departamento;Narvarte;2;1;0;72;5250.0;2569.0;
Conjunto Comercial/Sala;Santa Fe;0;2;0;113;28000.0;8015.0;29652.0
Departamento;El Arenal;2;1;0;90;4900.0;1680.0;297.5
Departamento en Hotel;Coyoacán;2;1;2;90;28000.0;7700.0;
Departamento;Narvarte;3;0;0;86;5250.0;2415.0;290.5
Departamento;Coyoacán;3;2;1;200;33250.0;12600.0;5250.0
Loft;Santa Fe;1;1;0;50;9219.0;4641.0;840.0
Conjunto Comercial/Sala;Roma;0;15;0;650;193375.0;42427.0;
Casa;Polanco;4;2;4;387;87500.0;945.0;23313.5
Conjunto Comercial/Sala;Centro Histórico;0;0;0;66;10500.0;2334.5;420.0
Conjunto Comercial/Sala;Centro Histórico;0;0;0;33;3150.0;1085.0;248.5
Departamento;Condesa;2;0;1;120;13300.0;4945.5;1099.0
Departamento;Condesa;4;1;2;270;47250.0;9800.0;
Conjunto Comercial/Sala;Centro Histórico;0;0;0;107;8750.0;5957.0;1494.5
Departamento;Coyoacán;3;2;1;108;21000.0;7350.0;1631.0
Tienda/Salón;Lomas de Chapultepec;0;0;0;50;52500.0;;1750.0
Departamento;Coyoacán;3;2;1;220;31500.0;12600.0;4900.0
Tienda/Salón;Condesa;0;0;0;235;70000.0;;
Departamento;Coyoacán;1;0;1;46;6300.0;3276.0;301.0
Departamento;San Sebastián;2;0;0;65;4550.0;1638.0;105.0
Departamento;Coyoacán;1;0;1;48;7350.0;1890.0;283.5
Conjunto Comercial/Sala;Centro Histórico;0;0;0;194;23800.0;16233.0;4427.5
Departamento;Napoles;4;0;1;350;35000.0;9450.0;22750.0
Departamento;Condesa;2;0;1;45;5600.0;2170.0;
Tienda/Salón;Santa Fe;0;2;0;150;17500.0;7980.0;
Departamento;Santa Fe;3;2;1;201;33250.0;8050.0;47250.0
Conjunto Comercial/Sala;Roma Norte;0;2;0;270;28000.0;;1732.5
Conjunto Comercial/Sala;Centro Histórico;0;0;0;30;2275.0;1473.5;
Departamento;Centro Histórico;1;0;1;38;4025.0;1400.0;87.5
Departamento;Napoles;3;1;0;200;28000.0;8050.0;1785.0
Departamento;Condesa;2;0;0;56;10500.0;;
Tienda en Centro Comercial;Santa Fe;0;1;0;50;10150.0;6405.0;3475.5
Conjunto Comercial/Sala;Roma;0;56;0;4235;1852812.5;401096.5;120207.5
Cochera/Estacionamiento;Condesa;0;9;0;0;1575.0;;
Departamento;Santa Fe;3;2;3;89;15750.0;4200.0;738.5
Galpón/Depósito/Almacén;Narvarte;0;60;0;700;34650.0;;
Departamento;Santa Fe;4;3;2;398;56000.0;9100.0;38500.0
Departamento;Coyoacán;2;2;1;130;28000.0;7000.0;2310.0
Departamento;Santa Fe;2;1;1;69;8750.0;3290.0;2800.0
Departamento;Coyoacán;4;2;1;200;33250.0;12600.0;5250.0
Conjunto Comercial/Sala;Santa Fe;0;1;0;28;2800.0;2520.0;455.0
Departamento;Roma;1;1;0;65;7700.0;2376.5;94.5
Departamento;Santa Fe;2;1;2;100;35000.0;18042.5;1757.0
Departamento;Santa Fe;2;2;1;75;4900.0;2800.0;350.0
Departamento;Lomas de Chapultepec;3;1;2;155;25200.0;5302.5;1883.0
Departamento;Narvarte;2;1;1;70;5600.0;2590.0;
Departamento;Lomas de Chapultepec;2;2;1;65;17500.0;6825.0;1050.0
Conjunto Comercial/Sala;Centro Histórico;0;4;0;250;10500.0;7420.0;1771.0
Departamento;Narvarte;3;2;1;150;7000.0;5950.0;735.0
Departamento;Santa Fe;4;3;4;245;38500.0;10500.0;1904.0
Conjunto Comercial/Sala;Villa de Cortés;0;0;0;178;8750.0;;1015.0
Departamento;Bosques de las Lomas;3;2;3;125;16800.0;5600.0;1610.0
Departamento;Lomas de Chapultepec;2;0;1;71;23450.0;7245.0;
Conjunto Comercial/Sala;Roma;0;7;0;457;175000.0;61411.0;
Conjunto Comercial/Sala;Centro Histórico;0;0;0;320;56000.0;22190.0;6212.5
Departamento;Condesa;1;0;1;39;6300.0;2100.0;
Departamento;Condesa;1;0;0;21;2800.0;1092.0;52.5
Departamento;San Miguel Chapultepec;3;1;0;95;4375.0;2275.0;210.0
Casa de Condominio;Los Alpes;6;4;6;550;87500.0;;2352.0
Departamento;Condesa;1;0;0;36;7700.0;2065.0;
Departamento;Santa Fe;2;1;1;67;7000.0;4550.0;416.5
Departamento;Condesa;3;2;1;190;24500.0;7000.0;2236.5
Departamento;San Rafael;3;0;0;64;4550.0;1085.0;70.0
Conjunto Comercial/Sala;Centro Histórico;0;0;0;60;7000.0;3010.0;595.0
Departamento;Coyoacán;3;0;0;90;12250.0;3493.0;332.5
Conjunto Comercial/Sala;Centro Histórico;0;0;0;200;21000.0;13055.0;1750.0
Departamento;Condesa;3;1;0;90;13300.0;3150.0;805.0
Conjunto Comercial/Sala;Santa Fe;0;1;0;35;7000.0;3531.5;917.0
Casa Comercial;Centro Histórico;0;2;0;258;49000.0;17150.0;3500.0
Departamento;Villa de Guadalupe;2;1;1;58;4725.0;2065.0;1960.0
Tienda/Salón;La Merced;0;1;0;40;4550.0;;539.0
Casa de Condominio;Santa Fe;5;5;5;600;70000.0;8050.0;
Tienda en Centro Comercial;Santa Fe;0;2;0;84;19250.0;3482.5;1470.0
Departamento;Coyoacán;3;3;2;270;56000.0;10850.0;27345.5
Departamento;Las Águilas;2;1;1;51;4200.0;1925.0;2275.0
Departamento;Bosques de las Lomas;3;2;1;162;19250.0;5250.0;2194.5
Departamento;Narvarte;2;1;1;85;5600.0;3360.0;315.0
Departamento;Coyoacán;1;0;0;50;7350.0;2205.0;
Casa;Santa Fe;4;6;2;800;34300.0;;1715.0
Departamento;Santa Fe;1;1;1;69;6650.0;3524.5;556.5
Conjunto Comercial/Sala;Centro Histórico;0;0;0;151;21140.0;18200.0;
Conjunto Comercial/Sala;Roma;0;17;0;795;375879.0;104412.0;
Conjunto Comercial/Sala;Barrio Bravo;0;1;0;24;2800.0;1589.0;73.5
Conjunto Comercial/Sala;Centro Histórico;0;0;0;116;9100.0;3815.0;
Cocineta;Condesa;1;0;0;28;5250.0;1575.0;
Conjunto Comercial/Sala;Condesa;0;0;0;29;5600.0;1729.0;353.5
Galpón/Depósito/Almacén;Pueblo Culhuacán;0;0;0;2170;140000.0;;9744.0
Departamento;San Andrés Tetepilco;1;0;0;58;3325.0;;
Casa;Narvarte;4;6;0;160;12250.0;;
Departamento;Narvarte;3;1;1;80;10500.0;3384.5;644.0
Departamento;Santa Fe;2;1;1;70;4025.0;4410.0;560.0
Departamento;Lomas de Chapultepec;2;1;1;90;12250.0;4025.0;11550.0
Galpón/Depósito/Almacén;Nativitas;0;34;0;14730;1056877.5;195909.0;46399.5
Conjunto Comercial/Sala;Santa Fe;0;1;0;21;4200.0;1925.0;350.0
Departamento;Lomas de Chapultepec;3;2;2;262;70000.0;9026.5;4728.5
Departamento;El Rosedal;1;0;0;33;2625.0;;
Departamento;Del Valle;2;1;0;63;8750.0;3388.0;325.5
Departamento;Del Valle;2;1;0;79;8050.0;2730.0;413.0
Departamento;Polanco;2;2;1;83;12250.0;6265.0;686.0
Conjunto Comercial/Sala;Centro Histórico;0;0;0;660;196350.0;29400.0;
Departamento;San Miguel Chapultepec;2;0;0;80;5950.0;1575.0;210.0
Conjunto Comercial/Sala;Centro Histórico;0;0;0;60;5250.0;3143.0;588.0
Departamento;Del Valle;4;2;1;270;19250.0;9625.0;1470.0
Edificio Completo;Centro Histórico;0;0;0;1164;140000.0;;30387.0
Conjunto Comercial/Sala;Centro Histórico;0;0;0;80;5442.5;;
Departamento;Coyoacán;3;1;2;108;20300.0;6072.5;1288.0
Departamento;Coyoacán;3;2;1;166;24500.0;11900.0;
Departamento;Roma;1;0;0;53;5600.0;2695.0;245.0
Conjunto Comercial/Sala;Santa Fe;0;1;0;21;2800.0;2544.5;
Cocineta;Condesa;1;0;0;15;2800.0;1067.5;84.0
Conjunto Comercial/Sala;Santa Fe;0;1;0;27;2450.0;2450.0;164.5
Galpón/Depósito/Almacén;Santa Marta Acatitla;0;8;0;1981;138705.0;27748.0;8319.5
Conjunto Comercial/Sala;Santa Fe;0;0;0;33;3500.0;1750.0;3500.0
Departamento;Bosques de las Lomas;3;1;1;120;19250.0;3780.0;1942.5
Conjunto Comercial/Sala;Centro Histórico;0;0;0;220;42000.0;16800.0;4777.5
Departamento;Santa Fe;3;2;2;168;12250.0;7483.0;1403.5
Departamento;Narvarte;2;0;1;48;5950.0;2450.0;
Departamento;Santa Fe;2;1;1;60;9800.0;3150.0;521.5
Conjunto Comercial/Sala;Centro Histórico;0;1;0;259;81616.5;17626.0;2002.0
Conjunto Comercial/Sala;Santa Fe;0;1;0;35;4375.0;3500.0;721.0
Departamento;Del Valle;4;0;2;217;31500.0;4200.0;
Conjunto Comercial/Sala;Centro Histórico;0;0;0;375;98437.5;21000.0;
Departamento;Coyoacán;2;0;0;73;10500.0;2450.0;665.0
Conjunto Comercial/Sala;Centro Histórico;0;0;0;56;4900.0;3258.5;612.5
Conjunto Comercial/Sala;Centro Histórico;0;0;0;70;8050.0;6860.0;871.5
Departamento;Lomas de Chapultepec;2;1;0;73;13300.0;3850.0;735.0
Conjunto Comercial/Sala;Santa Fe;0;1;0;80;15750.0;6300.0;
Departamento;Condesa;1;0;1;50;8750.0;1806.0;87.5
Casa;Villa Coapa;2;0;0;95;3850.0;;
Departamento;San Miguel Chapultepec;2;2;1;91;7000.0;2100.0;507.5
Casa de Condominio;Santa Fe;4;2;4;470;29750.0;1785.0;2100.0
Departamento;Santa Fe;2;1;1;90;10500.0;6461.0;1533.0
Departamento;Centro Histórico;1;0;0;35;3500.0;1050.0;
Departamento;Loma Bonita;1;0;0;60;2450.0;;
Departamento;Condesa;2;0;0;79;12250.0;3360.0;598.5
Departamento;Condesa;4;1;1;280;29750.0;6118.0;2324.0
Tienda/Salón;Coyoacán;0;0;0;49;18200.0;;
Conjunto Comercial/Sala;Peralvillo;0;1;0;34;3150.0;980.0;
Conjunto Comercial/Sala;Centro Histórico;0;1;0;94;21000.0;8260.0;
Departamento;Las Águilas;3;1;1;75;7350.0;2380.0;
Cochera/Estacionamiento;Condesa;0;1;0;0;1575.0;;
Departamento;Coyoacán;3;1;1;160;14000.0;4375.0;7.0
Departamento;San Miguel Chapultepec;3;1;2;79;7700.0;2177.0;427.0
Departamento;Narvarte;3;2;1;109;8750.0;2597.0;367.5
Departamento;Polanco;3;2;2;141;17500.0;6870.5;1799.0
Casa;Santa Fe;5;4;5;890;59500.0;8750.0;8750.0
Conjunto Comercial/Sala;Centro Histórico;0;0;0;62;7595.0;4123.0;
Departamento;Condesa;1;0;0;30;4550.0;1400.0;87.5
Conjunto Comercial/Sala;Narvarte;0;1;0;21;4900.0;2383.5;280.0
Conjunto Comercial/Sala;Centro Histórico;0;0;0;38;2100.0;2163.0;
Cocineta;La Condesa;1;0;0;20;2975.0;1732.5;
Departamento;Coyoacán;3;2;1;160;35000.0;6300.0;2674.0
Departamento;Juárez;1;0;0;37;4550.0;1260.0;84.0
Departamento;Santa Fe;4;4;4;279;84000.0;18438.0;4889.5
Departamento;Roma;3;1;1;105;20300.0;4725.0;983.5
Conjunto Comercial/Sala;Centro Histórico;0;0;0;55;1400.0;3150.0;294.0
Departamento;Lomas de Chapultepec;3;2;1;170;42000.0;6650.0;980.0
Departamento;Condesa;3;0;1;160;17500.0;2800.0;665.0
Conjunto Comercial/Sala;Centro Histórico;0;0;0;196;24500.0;4200.0;2614.5
Departamento;Condesa;4;1;3;217;31500.0;9639.0;2275.0
Departamento;Coyoacán;5;2;2;380;42000.0;13300.0;5600.0
Departamento;Del Valle;3;2;1;130;11200.0;3675.0;770.0
Departamento;Santa Fe;4;3;2;270;24500.0;9100.0;2275.0
Departamento;Condesa;1;0;0;45;5600.0;1470.0;252.0
Departamento;Santa Fe;4;3;4;333;42000.0;15400.0;4200.0
Conjunto Comercial/Sala;Lomas de Chapultepec;0;0;0;150;87500.0;8400.0;
Departamento;Santa Fe;2;1;1;90;7700.0;4872.0;1011.5
Tienda/Salón;Santa Fe;0;10;0;440;70000.0;52500.0;
Casa de Vecindad;Tepalcatlalpan;2;1;0;150;4200.0;;
Conjunto Comercial/Sala;Lomas de Chapultepec;0;0;0;150;87500.0;8400.0;2429.0
Departamento;Bosques de las Lomas;2;2;2;100;12250.0;3570.0;1330.0
Departamento;Santa Fe;3;2;3;102;9450.0;5330.5;10304.0
Departamento;Condesa;1;0;0;40;7000.0;2159.5;84.0
Conjunto Comercial/Sala;Coyoacán;0;8;0;415;188825.0;55923.0;
Conjunto Comercial/Sala;Santa Fe;0;1;0;30;6300.0;3412.5;1064.0
Departamento;Santa Fe;3;2;1;126;17500.0;4200.0;
Departamento;Lomas de Chapultepec;2;1;0;80;17500.0;5950.0;630.0
Conjunto Comercial/Sala;Santa Fe;0;1;0;25;1400.0;2047.5;367.5
Departamento;Del Valle;3;2;1;147;17150.0;4620.0;791.0
Casa de Condominio;Santa Fe;4;3;2;450;24150.0;4025.0;2625.0
Departamento;Coyoacán;3;1;1;150;21000.0;7700.0;1750.0
Conjunto Comercial/Sala;Centro Histórico;0;0;0;758;106120.0;39291.0;
Tienda en Centro Comercial;Santa Fe;0;4;0;310;17500.0;27300.0;24500.0
Departamento;Coyoacán;3;2;1;190;15750.0;9100.0;1799.0
Departamento;Lomas de Chapultepec;2;1;0;82;13300.0;3710.0;
Departamento;Santa Fe;2;2;1;180;17500.0;4900.0;1750.0
Departamento;Condesa;4;2;1;365;45500.0;9800.0;5218.5
Departamento;Santa Fe;3;2;1;120;14350.0;6125.0;1449.0
Conjunto Comercial/Sala;Santa Fe;0;0;0;30;32455.5;;
Conjunto Comercial/Sala;Santa Fe;0;4;0;132;13422.5;8960.0;2369.5
Tienda/Salón;Santa Fe;0;10;0;470;119000.0;36225.0;
Departamento;Coyoacán;2;1;0;124;15750.0;4119.5;1039.5
Departamento;Santa Fe;4;2;1;115;9800.0;6300.0;875.0
Departamento;Roma;1;0;0;40;6300.0;1225.0;
Departamento;Del Valle;2;0;0;70;7700.0;1750.0;259.0
Casa;Santa Fe;6;1;0;425;45500.0;;2030.0
Departamento;Santa Fe;4;3;2;310;33250.0;7700.0;6125.0
Tienda/Salón;Peralvillo;0;4;0;180;43750.0;;
Departamento en Hotel;Coyoacán;1;1;1;43;8750.0;7409.5;1064.0
Conjunto Comercial/Sala;Santa Fe;0;3;0;121;16800.0;13212.5;1743.0
Conjunto Comercial/Sala;Centro Histórico;0;0;0;285;87500.0;29998.5;5593.0
Departamento;Coyoacán;2;1;0;45;10500.0;1750.0;105.0
Conjunto Comercial/Sala;Centro Histórico;0;0;0;500;31500.0;;4200.0
Departamento;Coyoacán;3;1;1;127;24500.0;3500.0;
Departamento;Condesa;3;1;1;100;28000.0;3675.0;1190.0
Conjunto Comercial/Sala;Roma;0;3;0;134;42000.0;17902.5;
Departamento;Coyoacán;3;2;1;157;31500.0;10150.0;2170.0
Galpón/Depósito/Almacén;Mixcoac;0;0;0;1695;105000.0;;
Departamento;San Miguel Chapultepec;1;1;1;50;3675.0;1575.0;
Conjunto Comercial/Sala;Centro Histórico;0;0;0;219;80500.0;;
Tienda/Salón;Coyoacán;0;0;0;78;42000.0;;3902.5
Departamento;Lomas de Chapultepec;3;1;1;123;28000.0;6300.0;1466.5
Departamento;Santa Fe;2;1;1;90;10500.0;6510.0;1575.0
Departamento;Condesa;2;2;1;98;14700.0;2660.0;875.0
Departamento;Narvarte;2;1;1;80;5250.0;1750.0;105.0
Conjunto Comercial/Sala;Santa Fe;0;4;0;82;8400.0;7735.0;1470.0
Departamento;Condesa;2;0;1;122;15400.0;2047.5;
Departamento;Santa Fe;1;1;0;80;17500.0;3850.0;700.0
Departamento;Napoles;1;0;1;90;12250.0;1925.0;
Departamento;Bosques de las Lomas;4;3;1;210;25200.0;9450.0;
Departamento;Narvarte;3;1;2;100;8750.0;4550.0;990.5
Departamento;Narvarte;1;0;0;34;4900.0;878.5;84.0
Conjunto Comercial/Sala;Santa Fe;0;1;0;36;3500.0;4200.0;
Conjunto Comercial/Sala;Villa de Guadalupe;0;1;0;55;4200.0;1750.0;
Departamento;Coyoacán;3;0;0;85;12075.0;2289.0;500.5
Departamento;Coyoacán;3;1;1;120;22750.0;5250.0;1575.0
Departamento;Del Valle;1;1;0;57;6300.0;2429.0;329.0
Departamento;Lomas de Chapultepec;2;0;0;63;7700.0;3150.0;612.5
Departamento;Arboledas;2;1;0;66;3500.0;1435.0;
Galpón/Depósito/Almacén;San Miguel Chapultepec;0;0;0;286;14000.0;;
Departamento;Santa Cruz Atoyac;1;0;0;50;3850.0;1953.0;70.0
Departamento;Coyoacán;2;1;0;78;12600.0;2254.0;448.0
Departamento;Del Valle;1;0;0;55;2625.0;420.0;
Conjunto Comercial/Sala;Centro Histórico;0;0;0;460;21000.0;16467.5;6618.5
Departamento;Roma;2;1;2;84;14805.0;3990.0;707.0
Departamento;Coyoacán;2;1;0;100;14000.0;2800.0;301.0
Casa Comercial;El Contadero;0;0;0;1200;35000.0;;
Departamento;Santa Fe;4;2;1;127;14000.0;5652.5;11672.5
Departamento;Peralvillo;2;1;1;50;3325.0;1925.0;59.5
Casa;Bosques de las Lomas;6;1;0;750;63000.0;;4200.0
Departamento;El Rodeo;2;1;0;60;2275.0;892.5;
Departamento;Narvarte;2;1;1;97;8750.0;2310.0;
Departamento;Bosques de las Lomas;3;3;1;220;21000.0;5950.0;2100.0
Departamento;Roma;1;0;0;35;3500.0;1025.5;301.0
Departamento;Condesa;1;1;0;49;4025.0;1995.0;98.0
Departamento;Santa Fe;3;2;1;129;13300.0;6650.0;
Conjunto Comercial/Sala;Santa Fe;0;1;0;24;2800.0;1995.0;367.5
Departamento;Santa Fe;3;2;1;110;7000.0;6188.0;969.5
Departamento;Santa Fe;3;1;2;190;19250.0;9975.0;2310.0
Casa;Tlalpan;6;5;5;1000;45500.0;;
Departamento en Hotel;Santa Fe;1;1;1;35;21000.0;;
Conjunto Comercial/Sala;Centro Histórico;0;0;0;24;1750.0;1085.0;276.5
Departamento;Condesa;1;0;0;40;4900.0;1886.5;
Casa Comercial;Roma;0;6;0;261;63000.0;;
Departamento;Santa Fe;3;2;1;300;14000.0;13300.0;28000.0
Departamento;La Virgen;2;1;0;68;3500.0;3500.0;
Departamento;Lomas de Chapultepec;3;1;0;98;14000.0;4340.0;574.0
Conjunto Comercial/Sala;Villa de Cortés;0;47;0;7357;1802465.0;583481.5;51754.5
Departamento;Narvarte;3;0;0;80;5600.0;1225.0;
Departamento;Santa Fe;3;1;2;100;12250.0;4550.0;966.0
Departamento;Santa Fe;3;2;3;155;20650.0;6475.0;1162.0
Conjunto Comercial/Sala;Condesa;0;0;0;105;17500.0;10552.5;
Departamento;Coyoacán;3;2;1;80;19950.0;4630.5;1277.5
Departamento;Coyoacán;4;3;3;450;122500.0;17500.0;
Departamento;Lomas de Chapultepec;3;1;1;124;28000.0;7192.5;1617.0
Departamento en Hotel;Roma;1;1;1;50;10150.0;4025.0;350.0
Tienda/Salón;Centro Histórico;0;0;0;214;142642.5;28245.0;
Departamento;San Miguel Chapultepec;2;1;1;70;5250.0;2432.5;248.5
Departamento;Santa Fe;4;3;4;237;29750.0;11900.0;1890.0
Departamento;Santa Fe;2;2;2;150;35000.0;12250.0;14000.0
Departamento;Narvarte;2;1;1;84;9625.0;2415.0;637.0
Departamento;Santa Fe;3;3;1;175;13650.0;4550.0;1925.0
Conjunto Comercial/Sala;Santa Fe;0;2;0;70;15750.0;8750.0;1708.0
Departamento;San Rafael;1;0;0;30;5425.0;1410.5;322.0
Departamento;Lindavista;1;0;0;15;1225.0;;
Conjunto Comercial/Sala;Santa Fe;1;1;0;36;4550.0;3150.0;
Departamento;Narvarte;1;0;0;42;5250.0;525.0;791.0
Conjunto Comercial/Sala;Centro Histórico;0;0;0;120;14000.0;8841.0;1169.0
Conjunto Comercial/Sala;Roma;0;5;0;212;68250.0;27300.0;
Conjunto Comercial/Sala;Santa Fe;0;1;0;30;3500.0;2730.0;
Departamento;Coyoacán;5;1;4;424;87500.0;11200.0;16184.0
Conjunto Comercial/Sala;Santa Fe;0;8;0;350;49000.0;31899.0;
Departamento;Bosques de las Lomas;4;3;4;250;49000.0;15155.0;4200.0
Departamento;Narvarte;3;2;1;120;9800.0;5600.0;595.0
Conjunto Comercial/Sala;Centro Histórico;0;0;0;35;2450.0;1676.5;385.0
Tienda/Salón;Santa Fe;0;1;0;47;12950.0;1907.5;
Conjunto Comercial/Sala;Santa Fe;0;6;0;274;42000.0;40712.0;
Conjunto Comercial/Sala;Santa Fe;0;1;0;38;6300.0;4007.5;962.5
Conjunto Comercial/Sala;Condesa;0;2;0;140;57750.0;14700.0;4550.0
Departamento;Narvarte;3;1;0;81;6125.0;2089.5;329.0
Departamento;Santa Fe;2;1;1;104;19250.0;9450.0;2275.0
Departamento;Santa Fe;3;2;1;120;17500.0;9100.0;1750.0
Departamento;Roma Norte;2;1;0;56;3500.0;1092.0;115.5
Departamento;Coyoacán;4;3;3;480;129500.0;33950.0;7581.0
Departamento;San Miguel Chapultepec;2;0;0;82;5950.0;1225.0;
Tienda/Salón;Coyoacán;0;0;0;33;5250.0;2660.0;
Departamento;El Contadero;3;2;1;98;11900.0;2639.0;794.5
Departamento;Ciudad de los Deportes;2;1;1;64;3850.0;1540.0;
Departamento;Polanco;3;1;1;113;17150.0;5253.5;1151.5
Casa de Condominio;Santa Fe;4;4;2;746;45500.0;1785.0;17185.0
Cocineta;Condesa;1;0;0;30;5600.0;1925.0;248.5
Casa de Condominio;Santa Fe;4;4;3;350;20650.0;1050.0;
Departamento;Coyoacán;3;1;1;250;35000.0;8400.0;3500.0
Departamento;Narvarte;3;0;0;80;5600.0;2310.0;343.0
Departamento;Coyoacán;2;0;0;75;10500.0;5600.0;525.0
Conjunto Comercial/Sala;Coyoacán;0;0;0;30;6300.0;4462.5;
Departamento;Santa Fe;4;3;2;170;14700.0;5950.0;1050.0
Tienda/Salón;Santa Fe;1;3;0;165;24150.0;4200.0;6475.0
Conjunto Comercial/Sala;Santa Fe;0;1;0;36;5250.0;2590.0;315.0
Casa Comercial;Condesa;0;0;0;45;63000.0;1925.0;1365.0
Departamento;Coyoacán;3;1;1;170;29750.0;5775.0;1540.0
Departamento;San José Insurgentes;3;0;0;67;2730.0;577.5;
Departamento;Santa Fe;2;1;1;77;7700.0;4326.0;493.5
Conjunto Comercial/Sala;Centro Histórico;0;0;0;104;25900.0;11200.0;1288.0
Departamento;Lomas de Chapultepec;3;1;0;120;15750.0;7000.0;962.5
Tienda/Salón;Santa Fe;0;1;0;27;4200.0;2432.5;175.0
Casa de Vecindad;Roma;4;2;1;210;28000.0;1323.0;945.0
Departamento;La Condesa;1;0;0;42;5250.0;1400.0;84.0
Departamento;Condesa;4;2;3;550;70000.0;14000.0;35000.0
Conjunto Comercial/Sala;Centro Histórico;0;0;0;60;3325.0;4781.0;
Departamento;Centro Histórico;2;0;0;75;5250.0;3272.5;255.5
Departamento;Roma;2;1;0;90;8750.0;2289.0;332.5
Galpón/Depósito/Almacén;Nativitas;0;2;0;631;28000.0;;1939.0
Departamento;Lomas de Chapultepec;3;2;2;160;20300.0;5950.0;1050.0
Departamento;Coyoacán;3;1;1;100;22750.0;875.0;738.5
Conjunto Comercial/Sala;Santa Fe;0;1;0;58;6650.0;4455.5;1410.5
Departamento;San Pedro de los Pinos;2;0;1;101;10500.0;1400.0;707.0
Departamento;San Pedro de los Pinos;1;1;0;60;7350.0;2625.0;444.5
Departamento;Lomas de Chapultepec;4;1;2;220;27300.0;6930.0;
Departamento;Lomas de Chapultepec;1;0;0;90;26250.0;4900.0;
Conjunto Comercial/Sala;Centro Histórico;0;0;0;350;98000.0;17500.0;
Conjunto Comercial/Sala;Centro Histórico;0;0;0;73;5477.5;9849.0;301.0
Departamento;Condesa;2;2;1;250;33250.0;5029.5;2240.0
Departamento;Santa Fe;2;1;1;104;7000.0;6125.0;
Departamento;Narvarte;3;1;1;82;6300.0;3850.0;392.0
Tienda/Salón;Centro Histórico;0;0;0;532;175000.0;19530.0;25273.5
Departamento;Lomas de Chapultepec;3;3;1;209;38500.0;6359.5;
Tienda/Salón;Roma;0;5;0;400;140000.0;3451.0;7119.0
Departamento;Santa Fe;1;1;0;50;6650.0;4200.0;1050.0
Departamento;Narvarte;2;0;0;67;4900.0;1680.0;168.0
Departamento;Tlalpan;3;2;1;168;24500.0;7602.0;1610.0
Departamento;Lomas de Chapultepec;3;4;1;176;59500.0;12537.0;1400.0
Casa de Vecindad;Nativitas;2;0;0;53;3150.0;;
Conjunto Comercial/Sala;Santa Fe;0;1;0;70;12250.0;5110.0;
Conjunto Comercial/Sala;Centro Histórico;0;5;0;1306;342835.5;77710.5;14353.5
Departamento;San Rafael;2;1;1;80;5250.0;2607.5;311.5
Tienda/Salón;Condesa;0;0;0;55;21000.0;;1400.0
Departamento;Santa Fe;5;3;3;157;29750.0;8050.0;
Conjunto Comercial/Sala;Centro Histórico;0;0;0;375;72187.5;20825.0;7077.0
Departamento;Santa Fe;2;3;2;220;42000.0;14700.0;3500.0
Departamento;Narvarte;3;0;3;110;9800.0;875.0;822.5
Departamento;Santa Fe;4;3;1;180;24500.0;8400.0;2334.5
Departamento;Santa Fe;4;3;2;170;16450.0;6650.0;168.0
Departamento;San Rafael;2;0;0;60;4900.0;1925.0;280.0
Casa;Santa Fe;5;4;2;600;28000.0;;
Departamento;San Ángel;1;0;0;40;6825.0;1722.0;
Departamento;Coyoacán;4;0;4;370;84000.0;14000.0;6331.5
Departamento;Coyoacán;3;1;3;172;42000.0;5075.0;22550.5
Departamento;Roma;1;1;0;59;8750.0;2289.0;
Departamento en Hotel;Santa Fe;1;1;0;60;11200.0;6650.0;1120.0
Departamento;Santa Fe;1;1;0;68;5775.0;3150.0;630.0
Departamento;Santa Fe;2;1;1;70;6300.0;3062.5;
Departamento;Lomas de Chapultepec;4;2;2;230;62650.0;17500.0;3500.0
Departamento;Santa Fe;3;2;1;172;8050.0;5600.0;1575.0
Cocineta;Centro Histórico;1;0;0;40;3850.0;1750.0;
Departamento;Narvarte;2;1;1;68;5425.0;2100.0;
Loft;Santa Fe;2;1;2;86;8050.0;7350.0;1400.0
Departamento;Condesa;4;1;1;320;21000.0;9205.0;2100.0
Casa;San Andrés Tetepilco;3;1;0;69;5600.0;;
Departamento;Lomas de Chapultepec;4;2;2;140;45500.0;8750.0;2450.0
Departamento;Narvarte;3;2;1;85;8225.0;3150.0;336.0
Conjunto Comercial/Sala;Centro Histórico;0;0;0;66;8750.0;6727.0;1172.5
Departamento;Coyoacán;5;4;1;380;31500.0;14266.0;2660.0
Departamento;Del Valle;3;1;1;110;10500.0;3384.5;507.5
Departamento;Culhuacán CTM;2;1;0;70;4550.0;595.0;
Departamento;Condesa;1;0;0;25;7000.0;;
Conjunto Comercial/Sala;Santa Fe;0;6;0;219;52500.0;25970.0;5600.0
Departamento;Bosques de las Lomas;3;3;1;250;30100.0;6650.0;2030.0
Departamento;Condesa;4;0;2;130;29750.0;2765.0;350.0
Conjunto Comercial/Sala;Narvarte;0;0;0;30;1396.5;2380.0;105.0
Departamento;Santa Fe;5;3;5;231;52500.0;8400.0;1645.0
Casa de Condominio;Santa Fe;4;4;4;300;31500.0;2817.5;
Conjunto Comercial/Sala;Santa Fe;0;1;0;36;5250.0;4550.0;980.0
Departamento;Narvarte;3;1;1;126;6300.0;3881.5;567.0
Casa de Condominio;Santa Fe;4;4;4;340;31500.0;2471.0;28084.0
Departamento;Coyoacán;1;0;1;33;6300.0;1977.5;
Tienda/Salón;Condesa;0;0;0;400;217000.0;7700.0;56609.0
Departamento;Santa Fe;2;1;0;62;3850.0;2380.0;346.5
Tienda/Salón;Narvarte;0;5;0;262;98000.0;9579.5;5582.5
Conjunto Comercial/Sala;Santa Fe;0;1;0;32;2100.0;3216.5;416.5
Departamento;Santa Fe;4;3;2;219;18550.0;7294.0;19950.0
Departamento;Condesa;1;0;0;30;4200.0;1750.0;700.0
Departamento;Santa Fe;1;1;1;85;8050.0;3531.5;
Casa Comercial;Nueva Santa María;0;0;0;148;12250.0;910.0;
Casa Comercial;Centro Histórico;0;0;0;150;38500.0;;3024.0
Departamento;Condesa;4;1;1;390;63000.0;14000.0;2100.0
Conjunto Comercial/Sala;Narvarte;0;0;0;24;3150.0;1347.5;
Departamento en Hotel;Coyoacán;1;1;1;52;10500.0;8351.0;1092.0
Tienda/Salón;Santa Fe;0;1;0;56;12250.0;1855.0;
Casa Comercial;Bosques de las Lomas;4;0;0;241;49000.0;;7682.5
Departamento;Lomas de Chapultepec;2;1;2;130;38500.0;9100.0;22036.0
Departamento en Hotel;Coyoacán;2;2;2;74;21000.0;8750.0;1680.0
Departamento;Napoles;2;0;1;63;8400.0;3244.5;
Departamento;Santa Fe;4;3;1;245;24500.0;9100.0;2485.0
Departamento;Coyoacán;2;1;0;95;22750.0;7626.5;1655.5
Tienda/Salón;Centro Histórico;0;0;0;320;157500.0;;7875.0
Conjunto Comercial/Sala;Centro Histórico;0;0;0;28;1400.0;1925.0;276.5
Departamento;Coyoacán;3;1;1;140;28000.0;5425.0;1533.0
Departamento;Condesa;1;0;0;30;7000.0;1470.0;280.0
Terreno Estándar;Santa Fe;0;0;0;1873;175000.0;;22372.0
Conjunto Comercial/Sala;Lomas de Chapultepec;0;0;0;300;210000.0;10500.0;6860.0
Conjunto Comercial/Sala;Santa Fe;0;0;0;5;1046.5;;
Departamento;Santa Fe;2;1;1;60;9800.0;3150.0;4865.0
Departamento;Santa Fe;2;1;1;86;7700.0;3675.0;
Conjunto Comercial/Sala;Centro Histórico;0;0;0;93;7000.0;2940.0;
Departamento;Condesa;4;2;3;354;41300.0;16901.5;4035.5
Departamento;Santa Fe;2;1;1;86;10150.0;4574.5;752.5
Departamento;Roma;2;1;0;65;6650.0;2100.0;357.0
Departamento;Santa Fe;3;2;1;170;11550.0;51744.0;1949.5
Cocineta;Condesa;0;0;0;17;3500.0;1820.0;794.5
Conjunto Comercial/Sala;Centro Histórico;0;0;0;560;176417.5;54306.0;7168.0
Cocineta;Condesa;0;0;0;25;5250.0;1172.5;87.5
Conjunto Comercial/Sala;Roma;0;8;0;425;94500.0;41331.5;6790.0
Departamento;Condesa;1;0;0;35;3850.0;1400.0;192.5
Tienda/Salón;Narvarte;0;0;0;150;27300.0;;
Conjunto Comercial/Sala;Santa Fe;0;1;0;55;3500.0;3500.0;1347.5
Departamento;Condesa;3;0;0;160;21000.0;7000.0;770.0
Departamento;Coyoacán;4;2;1;191;33250.0;12904.5;5260.5
Cocineta;Roma;1;0;0;30;7350.0;1281.0;875.0
Departamento;Narvarte;1;0;0;40;3850.0;1225.0;175.0
Departamento;Santa Fe;3;2;1;78;23800.0;5950.0;1225.0
Departamento;Coyoacán;1;0;0;58;8750.0;1669.5;504.0
Cocineta;Roma;1;0;0;25;3500.0;1540.0;87.5
Departamento;Condesa;1;0;0;32;4900.0;2030.0;210.0
Departamento;San Pedro de los Pinos;2;1;1;90;11900.0;2597.0;458.5
Departamento;Lomas de Chapultepec;3;1;1;150;17500.0;3150.0;
Departamento;Santa Fe;3;2;3;200;17150.0;8750.0;2100.0
Departamento;Lomas de Chapultepec;4;2;3;400;70000.0;14875.0;3850.0
Edificio Completo;Coyoacán;0;0;0;750;210000.0;;
Conjunto Comercial/Sala;Roma;0;12;0;730;383250.0;86128.0;13769.0
Departamento;Santa Fe;3;2;1;230;10500.0;14700.0;2450.0
Departamento;Santa Fe;4;3;4;291;33250.0;16450.0;31500.0
Casa;Polanco;4;1;4;387;87500.0;;2037.0
Departamento;Coyoacán;4;4;1;400;35000.0;12250.0;2541.0
Conjunto Comercial/Sala;Centro Histórico;0;0;0;35;3500.0;1722.0;339.5
Cocineta;Centro Histórico;1;0;0;26;5250.0;1715.0;
Departamento;Santa Fe;3;2;1;170;19250.0;7210.0;1785.0
Departamento;Santa Fe;4;3;4;200;23450.0;6755.0;1498.0
Departamento;Bosques de las Lomas;3;1;1;106;15750.0;4018.0;1225.0
Conjunto Comercial/Sala;Santa Fe;0;3;0;108;18900.0;14140.0;2922.5
Cocineta;Centro Histórico;1;0;0;34;3500.0;1452.5;
Conjunto Comercial/Sala;Santa Fe;0;1;0;23;3500.0;1190.0;371.0
Conjunto Comercial/Sala;Condesa;0;0;0;58;4200.0;1788.5;
Departamento;Lomas de Chapultepec;3;2;2;250;59500.0;17500.0;3535.0
Conjunto Comercial/Sala;Centro Histórico;0;0;0;680;80500.0;19698.0;9614.5
Conjunto Comercial/Sala;Santa Fe;0;21;0;643;199500.0;47250.0;28350.0
Tienda/Salón;Centro Histórico;0;0;0;51;21000.0;5775.0;1099.0
Departamento;Santa Fe;4;3;4;192;28000.0;7350.0;11200.0
Departamento;Narvarte;3;2;1;102;9100.0;2793.0;311.5
Departamento;Santa Fe;3;1;1;90;9975.0;2975.0;455.0
Tienda/Salón;Santa Fe;0;0;0;370;52500.0;3661.0;
Departamento;Santa Fe;4;3;4;240;57750.0;8400.0;1575.0
Departamento;Santa Fe;1;1;1;52;17500.0;9310.0;1330.0
Departamento;Coyoacán;2;1;0;120;33250.0;7175.0;
Departamento;Condesa;3;1;0;139;14000.0;6650.0;1144.5
Departamento;Coyoacán;2;1;2;120;52500.0;3640.0;1050.0
Departamento;Centro Histórico;3;1;0;95;7000.0;3034.5;252.0
Departamento;Peralvillo;2;1;0;49;2765.0;1435.0;
Departamento;San Miguel Chapultepec;1;1;0;52;4200.0;1638.0;91.0
Departamento;San Pedro de los Pinos;3;1;0;106;15750.0;6125.0;1340.5
Casa de Condominio;Santa Fe;4;2;4;800;52500.0;7000.0;
Conjunto Comercial/Sala;Centro Histórico;0;1;0;260;36400.0;23432.5;
Departamento;Loma Bonita;1;0;0;30;1575.0;;
Departamento;Lomas de Chapultepec;3;1;0;105;17500.0;5600.0;808.5
Departamento;La Condesa;1;0;0;34;3850.0;962.5;49.0
Galpón/Depósito/Almacén;Atlampa;0;0;0;800;28000.0;;
Departamento;Del Valle;1;0;1;45;2800.0;420.0;108.5
Departamento;Condesa;1;0;1;90;11900.0;3500.0;
Departamento;Condesa;1;0;0;30;5950.0;2100.0;84.0
Departamento;Lomas de Chapultepec;1;0;1;135;35000.0;6650.0;1750.0
Conjunto Comercial/Sala;Centro Histórico;0;0;0;300;28000.0;14700.0;3955.0
Departamento;Narvarte;3;1;0;125;8750.0;3850.0;700.0
Galpón/Depósito/Almacén;Tepalcatlalpan;0;0;0;1170;50085.0;;
Cocineta;Coyoacán;1;0;0;45;12775.0;2100.0;
Departamento;Moctezuma;2;0;0;70;3500.0;;
Edificio Completo;Coyoacán;0;0;0;500;420000.0;;
Departamento;Roma Norte;2;1;0;73;5215.0;1718.5;49.0
Conjunto Comercial/Sala;Centro Histórico;0;0;0;31;2625.0;1960.0;287.0
Departamento;Santa Fe;4;2;3;153;10500.0;6300.0;1739.5
Departamento;Narvarte;3;1;0;98;7700.0;2205.0;
Departamento;San Miguel Chapultepec;2;0;0;86;7000.0;1638.0;66.5
Departamento;Santa Fe;2;1;1;89;10500.0;5565.0;892.5
Departamento;Santa Fe;4;1;1;112;15750.0;5250.0;665.0
Departamento;Santa Fe;4;4;4;333;43750.0;15050.0;3500.0
Casa de Condominio;Santa Fe;5;4;5;700;56000.0;7525.0;59500.0
Departamento;Condesa;1;0;0;45;7525.0;1925.0;
Departamento;Bosques de las Lomas;4;4;4;354;87500.0;15526.0;7308.0
Conjunto Comercial/Sala;Lomas de Chapultepec;0;0;0;150;87500.0;8400.0;2429.0
Casa;Polanco;4;5;4;845;122500.0;;
Conjunto Comercial/Sala;Santa Fe;0;1;0;27;2800.0;2240.0;455.0
Departamento;Coyoacán;3;1;1;140;45150.0;5530.0;980.0
Departamento;Santa Fe;2;2;1;93;9450.0;4564.0;626.5
Departamento;Coyoacán;3;1;0;80;14000.0;4200.0;878.5
Departamento;Narvarte;4;2;2;300;17500.0;5250.0;1330.0
Departamento;Santa Fe;2;1;1;70;13300.0;4200.0;
Departamento;Condesa;3;1;1;280;28000.0;4200.0;1400.0
Departamento;Narvarte;2;0;0;81;6300.0;2327.5;301.0
Departamento;Bosques de las Lomas;3;3;1;210;52150.0;10500.0;
Departamento;Coyoacán;3;1;1;151;35000.0;7875.0;1795.5
Departamento;Condesa;3;0;1;110;28000.0;;
Departamento;San Rafael;1;0;0;30;4550.0;1785.0;87.5
Departamento;Santa Fe;4;3;3;290;49000.0;13825.0;2695.0
Conjunto Comercial/Sala;Roma;0;3;0;140;43750.0;14616.0;
Tienda en Centro Comercial;San Antonio Tecomitl;0;847;0;31;7350.0;2502.5;
Departamento;Santa Fe;1;1;0;70;7000.0;3010.0;717.5
Departamento;Nativitas;2;0;0;57;5950.0;2114.0;178.5
Departamento;Santa Fe;2;1;1;78;8750.0;4550.0;1050.0
Cocineta;Coyoacán;1;0;0;27;5250.0;1848.0;
Departamento;Condesa;3;1;0;380;15750.0;6930.0;
Departamento;Condesa;2;1;0;64;6300.0;2439.5;
Conjunto Comercial/Sala;Centro Histórico;0;3;0;328;92025.5;19554.5;
Departamento;La Condesa;2;2;0;78;8645.0;2583.0;423.5
Departamento;Roma;1;1;0;57;7525.0;3080.0;301.0
Conjunto Comercial/Sala;Centro Histórico;0;0;0;70;12600.0;6013.0;850.5
Departamento;Santa Fe;3;2;1;220;10500.0;6230.0;
Casa de Condominio;Santa Fe;6;2;6;556;70000.0;3675.0;
Conjunto Comercial/Sala;Roma;0;0;0;10;5617.5;;
Departamento;Santa Fe;2;1;1;70;5950.0;1960.0;269.5
Tienda/Salón;Centro Histórico;0;0;0;1245;525000.0;;
Departamento;Coyoacán;2;1;0;78;10500.0;3675.0;980.0
Conjunto Comercial/Sala;Centro Histórico;0;0;0;30;3500.0;2100.0;472.5
Departamento;El Contadero;3;2;1;127;8750.0;2170.0;1025.5
Departamento en Hotel;Coyoacán;2;1;1;90;35000.0;14000.0;2145.5
Departamento;Las Águilas;2;1;1;60;4900.0;1785.0;
Departamento;Del Valle;2;1;1;86;10500.0;3045.0;560.0
Cocineta;Centro Histórico;1;1;1;37;3850.0;1295.0;87.5
Departamento;Condesa;3;1;0;140;12250.0;3500.0;420.0
Conjunto Comercial/Sala;Centro Histórico;0;3;0;160;44800.0;11550.0;3010.0
Departamento;Nueva Santa María;1;0;0;37;2100.0;1449.0;56.0
Departamento;Narvarte;2;0;0;90;4900.0;2100.0;122.5
Tienda/Salón;Centro Histórico;0;0;0;23;14000.0;2156.0;472.5
Departamento;Santa Fe;3;2;1;120;15750.0;3850.0;2275.0
Departamento;Coyoacán;1;0;0;37;6300.0;1715.0;140.0
Departamento;Bosques de las Lomas;2;1;1;85;7700.0;4287.5;973.0
Departamento;Atlampa;2;1;0;70;4375.0;763.0;
Departamento;Coyoacán;2;1;2;120;26250.0;7973.0;917.0
Casa de Condominio;Santa Fe;6;0;4;800;59500.0;9432.5;7770.0
Casa;Chapultepec;3;2;1;317;17500.0;;7773.5
Tienda en Centro Comercial;Centro Histórico;0;0;0;17;19250.0;;255.5
Departamento;Condesa;4;0;0;103;9800.0;3335.5;840.0
Departamento;Narvarte;2;0;0;75;5950.0;980.0;
Departamento;Peralvillo;2;1;1;69;4900.0;1746.5;437.5
Departamento;Coyoacán;1;2;1;64;13195.0;5950.0;805.0
Tienda/Salón;San Miguel Chapultepec;0;1;0;46;7000.0;;780.5
Departamento en Hotel;Santa Fe;1;1;0;60;8400.0;4900.0;1050.0
Departamento;Condesa;2;1;1;80;17500.0;1750.0;1057.0
Departamento;Condesa;3;0;0;105;11200.0;4116.0;602.0
Departamento;Mixcoac;2;1;1;58;3500.0;2110.5;122.5
Departamento;Narvarte;2;0;0;89;4900.0;210.0;
Departamento;Ciudad de los Deportes;2;1;1;65;3500.0;1802.5;
Departamento;Del Valle;4;2;3;284;31500.0;11200.0;
Conjunto Comercial/Sala;Santa Fe;0;2;0;72;350.0;4830.0;1092.0
Departamento;Roma;2;0;0;70;8050.0;3727.5;469.0
Conjunto Comercial/Sala;Centro Histórico;0;0;0;33;3710.0;3290.0;
Departamento;Peralvillo;2;1;0;80;3500.0;1750.0;500.5
Departamento;Condesa;4;1;0;150;24500.0;5250.0;913.5
Departamento;Coyoacán;3;1;1;262;15050.0;5582.5;2576.0
Departamento;Coyoacán;3;1;1;108;28000.0;4732.0;1225.0
Conjunto Comercial/Sala;Coyoacán;2;0;0;45;17500.0;7700.0;857.5
Departamento;Santa Fe;3;2;1;112;7700.0;6132.0;896.0
Conjunto Comercial/Sala;Centro Histórico;0;0;0;94;10500.0;3150.0;1179.5
Departamento;Coyoacán;3;1;1;180;28000.0;9660.0;1627.5
Departamento;Lomas de Chapultepec;2;1;0;70;8750.0;2940.0;616.0
Departamento;Coyoacán;3;1;1;110;12250.0;2842.0;997.5
Departamento;Bosques de las Lomas;2;2;1;100;12600.0;2625.0;525.0
Departamento;Santa Fe;4;3;3;222;28000.0;9450.0;15365.0
Departamento;San Jerónimo;3;2;2;110;13125.0;4480.0;
Departamento;Coyoacán;1;0;0;40;8400.0;1330.0;280.0
Departamento;Lomas de Chapultepec;3;1;0;120;20300.0;3752.0;1039.5
Departamento;Coyoacán;3;1;1;116;35000.0;5950.0;1505.0
Departamento;Narvarte;2;1;0;73;5950.0;1750.0;
Departamento;Santa Fe;3;2;1;96;11900.0;5075.0;
Departamento;Napoles;2;0;0;64;7000.0;3850.0;
Departamento;Condesa;2;0;0;90;11200.0;2800.0;280.0
Departamento en Hotel;Villa de Guadalupe;1;1;0;36;4550.0;2100.0;49.0
Departamento;Del Valle;2;1;0;55;6300.0;3675.0;339.5
Departamento;Santa Fe;4;4;4;466;56000.0;14000.0;42000.0
Departamento;Lomas de Chapultepec;2;2;2;234;35000.0;11375.0;2275.0
Cocineta;Lomas de Chapultepec;1;0;1;32;7000.0;2275.0;294.0
Departamento;Santa Fe;3;2;1;149;11550.0;7700.0;1400.0
Departamento;Lomas de Chapultepec;3;1;1;150;26250.0;5950.0;1739.5
Conjunto Comercial/Sala;Centro Histórico;0;0;0;40;3850.0;1225.0;
Conjunto Comercial/Sala;Santa Fe;0;6;0;239;29750.0;27527.5;
Conjunto Comercial/Sala;Santa Fe;0;22;0;800;157500.0;108500.0;49000.0
Departamento;Lomas de Chapultepec;3;2;3;360;105000.0;11550.0;3500.0
Departamento;Condesa;3;0;0;140;12250.0;3850.0;770.0
Departamento;Santa Fe;3;1;1;96;11900.0;4550.0;
Departamento;Coyoacán;4;3;2;280;35000.0;16800.0;
Departamento;Condesa;3;0;0;66;11200.0;3125.5;511.0
Departamento;Roma;4;0;0;132;27825.0;5887.0;1190.0
Departamento;Bosques de las Lomas;1;1;1;85;10500.0;3930.5;1354.5
Conjunto Comercial/Sala;Centro Histórico;0;0;0;26;1925.0;1774.5;294.0
Departamento;Santa Fe;2;1;1;71;5250.0;2520.0;
Departamento;Santa Fe;3;4;3;336;63000.0;14847.0;3538.5
Tienda/Salón;Centro Histórico;0;1;0;42;4550.0;1295.0;315.0
Conjunto Comercial/Sala;Centro Histórico;0;0;0;330;45500.0;19355.0;7157.5
Conjunto Comercial/Sala;Narvarte;0;1;0;27;4200.0;2975.0;
Departamento;Coyoacán;4;1;1;260;31500.0;14525.0;3237.5
Departamento;Del Valle Centro;1;1;0;44;1750.0;1211.0;
Departamento;Lomas de Chapultepec;4;2;3;202;63000.0;13079.5;
Departamento;Condesa;3;0;1;270;35000.0;8225.0;2275.0
Departamento en Hotel;Lomas de Chapultepec;1;1;0;50;14000.0;7122.5;826.0
Departamento;Santa Fe;1;1;1;45;3185.0;2240.0;42.0
Departamento;Roma;1;0;0;45;5250.0;1960.0;
Departamento;Coyoacán;4;2;1;160;56000.0;12250.0;2800.0
Departamento;Santa Fe;4;2;1;121;9800.0;4165.0;731.5
Casa de Condominio;Santa Fe;5;3;5;700;87500.0;;
Departamento;Santa Fe;2;1;1;80;12250.0;4200.0;525.0
Departamento;Coyoacán;4;3;4;310;108500.0;21245.0;
Departamento;Santa Fe;2;1;1;80;8750.0;4585.0;
Departamento;Lomas de Chapultepec;2;0;2;60;17500.0;1225.0;
Departamento;San Ángel;3;2;1;200;24150.0;9247.0;
Cochera/Estacionamiento;Centro Histórico;0;1;0;0;1225.0;;276.5
Departamento;Peralvillo;3;1;1;85;4550.0;2677.5;
Conjunto Comercial/Sala;Centro Histórico;0;0;0;96;10080.0;5782.0;833.0
Departamento;Coyoacán;3;1;1;125;19250.0;5985.0;770.0
Departamento en Hotel;Coyoacán;2;1;1;89;42000.0;17150.0;20713.0
Departamento;Roma;3;1;1;103;12250.0;4357.5;5666.5
Departamento;Centro Histórico;1;1;0;38;5250.0;1855.0;
Conjunto Comercial/Sala;Centro Histórico;0;0;0;35;1050.0;2079.0;
Departamento;Condesa;2;0;1;70;14000.0;;
Galpón/Depósito/Almacén;Villa de Cortés;0;0;0;1800;87500.0;;
Departamento;Coyoacán;4;3;1;600;147000.0;22750.0;630.0
Departamento;Del Valle;2;1;1;95;10850.0;3076.5;637.0
Departamento;Centro Histórico;1;0;0;30;3150.0;1120.0;
Departamento;Roma;1;0;0;40;5950.0;1400.0;84.0
Departamento;Condesa;2;0;0;71;8400.0;2117.5;
Tienda/Salón;Lomas de Chapultepec;0;6;0;1200;854000.0;;
Casa;Tlalpan;5;4;3;350;56000.0;;1750.0
Departamento;Narvarte;2;1;0;90;5950.0;1645.0;318.5
Departamento;Lindavista Sur;2;1;1;60;5250.0;1925.0;
Departamento;Peralvillo;2;1;1;60;3850.0;2296.0;56.0
Casa;Tláhuac;2;0;0;60;2800.0;;
Tienda/Salón;Santa Fe;0;1;0;50;5600.0;4655.0;1260.0
Departamento;Condesa;4;2;1;300;33250.0;9800.0;1750.0
Cochera/Estacionamiento;Centro Histórico;0;0;0;9;350.0;1561.0;
Casa;Ciudad de los Deportes;3;0;1;159;4900.0;;350.0
Departamento;Bosques de las Lomas;1;1;0;66;7350.0;2205.0;791.0
Departamento;Roma;3;1;1;101;19600.0;4585.0;945.0
Conjunto Comercial/Sala;Santa Fe;0;2;0;42;14700.0;;
Departamento;Santa Fe;4;2;1;120;10500.0;7350.0;1050.0
Conjunto Comercial/Sala;Centro Histórico;0;0;0;35;2450.0;1109.5;315.0
Galpón/Depósito/Almacén;Nativitas;0;0;0;2800;105000.0;;6300.0
Departamento;Napoles;3;1;1;336;42000.0;9800.0;
Edificio Completo;Centro Histórico;0;1;0;411;96666.5;44971.5;
Conjunto Comercial/Sala;Centro Histórico;0;0;0;641;70000.0;25322.5;9464.0
Departamento;Santa Fe;3;2;2;173;19246.5;8575.0;1382.5
Departamento;Coyoacán;2;0;0;90;34300.0;3965.5;
Departamento;Condesa;2;0;0;90;10500.0;2800.0;763.0
Conjunto Comercial/Sala;Centro Histórico;0;0;0;292;28000.0;25200.0;5950.0
Departamento;Centro Histórico;1;0;0;21;3150.0;1011.5;70.0
Departamento;Roma;1;0;0;40;5250.0;1925.0;199.5
Conjunto Comercial/Sala;Centro Histórico;0;0;0;58;9800.0;2450.0;175.0
Departamento;Lomas de Chapultepec;4;3;3;509;87500.0;16866.5;8193.5
Galpón/Depósito/Almacén;Las Águilas;0;0;0;600;31500.0;;
Departamento;Condesa;3;2;2;154;18200.0;5215.0;1102.5
Departamento;Condesa;1;1;0;54;8400.0;2145.5;458.5
Conjunto Comercial/Sala;Santa Fe;0;2;0;40;6650.0;4417.0;1032.5
Departamento;Santa Fe;3;3;2;250;20300.0;8925.0;2299.5
Galpón/Depósito/Almacén;Tepalcatlalpan;0;8;0;1000;63000.0;;5250.0
Departamento;Las Águilas;3;2;2;64;5950.0;3388.0;
Casa de Condominio;Santa Fe;5;2;2;450;29750.0;2975.0;19250.0
Departamento;San Ángel;4;3;2;240;21000.0;11375.0;1400.0
Departamento;Bosques de las Lomas;2;2;1;100;12600.0;2625.0;525.0
Departamento;Arboledas;2;1;1;70;4200.0;2684.5;129.5
Departamento;Nativitas;1;0;0;35;1400.0;455.0;
Departamento;Condesa;2;0;0;81;8750.0;2800.0;315.0
Departamento;Santa Fe;4;4;4;230;63000.0;17500.0;7000.0
Departamento;Lomas de Chapultepec;4;1;1;100;19250.0;4900.0;
Galpón/Depósito/Almacén;Nativitas;0;0;0;420;13300.0;;1610.0
Cocineta;Condesa;1;0;0;40;7000.0;1400.0;84.0
Casa;Lomas de Padierna;2;0;0;100;8750.0;;
Casa de Condominio;Santa Fe;5;4;5;700;87500.0;7000.0;3500.0
Departamento;San Ángel;3;1;0;120;16450.0;4382.0;822.5
Departamento;Casa Blanca;3;2;1;82;7700.0;2205.0;245.0
Departamento;Lomas de Chapultepec;4;2;0;261;29750.0;10500.0;2170.0
Departamento;Condesa;4;2;1;279;12600.0;7087.5;1295.0
Departamento;Condesa;1;0;0;50;4550.0;1470.0;84.0
Departamento;Roma;3;2;2;130;14700.0;4725.0;1141.0
Departamento;Lomas de Chapultepec;2;1;0;60;11200.0;4830.0;668.5
Departamento;Coyoacán;3;1;0;116;15050.0;4515.0;819.0
Terreno Estándar;Santa Fe;0;0;0;1296;140000.0;;9646.0
Departamento;Napoles;2;0;0;75;8750.0;2660.0;619.5
Departamento;Santa Fe;2;2;1;90;9800.0;4550.0;1400.0
Cocineta;Coyoacán;1;0;0;30;4200.0;1400.0;101.5
Departamento;Santa Fe;2;1;0;65;4550.0;2660.0;420.0
Cocineta;Condesa;1;0;0;33;5075.0;1225.0;196.0
Departamento;Santa Fe;3;2;1;104;11200.0;6783.0;11585.0
Departamento;Juárez;1;1;0;45;5950.0;2537.5;
Conjunto Comercial/Sala;Santa Fe;0;1;0;25;3500.0;2992.5;623.0
Tienda/Salón;Iztacalco;0;0;0;180;31500.0;;3.5
Departamento;Condesa;2;0;0;70;8400.0;2100.0;469.0
Galpón/Depósito/Almacén;Santa Fe;0;0;0;500;42000.0;;
Tienda en Centro Comercial;Santa Fe;0;2;0;77;350.0;12600.0;4550.0
Departamento;Coyoacán;3;3;2;260;63000.0;9345.0;3150.0
Casa;Narvarte;2;0;0;50;7350.0;350.0;
Conjunto Comercial/Sala;Santa Fe;0;0;0;60;6300.0;4620.0;1610.0
Departamento;Santa Fe;4;3;3;200;29750.0;7560.0;1225.0
Departamento;Roma Norte;1;0;0;33;2800.0;962.5;84.0
Departamento;Narvarte;2;1;1;70;6475.0;1925.0;
Casa de Condominio;Santa Fe;4;3;4;1100;52500.0;7000.0;
Conjunto Comercial/Sala;La Condesa;0;1;0;32;3850.0;1767.5;
Conjunto Comercial/Sala;Santa Fe;0;1;0;36;3500.0;3220.0;378.0
Conjunto Comercial/Sala;Roma;0;14;0;755;393750.0;89078.5;14241.5
Tienda/Salón;Narvarte;0;0;0;358;42000.0;;
Tienda/Salón;Villa de Cortés;0;1;0;90;8750.0;;
Cocineta;Villa de Guadalupe;1;0;0;38;2625.0;;
Conjunto Comercial/Sala;Santa Fe;0;1;0;21;3500.0;2079.0;402.5
Conjunto Comercial/Sala;Centro Histórico;0;0;0;76;7000.0;2513.0;
Departamento;Potrero de San Bernardino;1;0;0;25;1120.0;;
Departamento;Santa Fe;2;1;1;93;10500.0;3668.0;976.5
Departamento;Polanco;2;1;2;79;9800.0;6044.5;675.5
Conjunto Comercial/Sala;Centro Histórico;0;0;0;138;13125.0;8424.5;1960.0
Casa Comercial;Coyoacán;0;1;0;200;63000.0;19250.0;5425.0
Departamento;Peralvillo;2;1;1;78;4200.0;2275.0;420.0
Tienda/Salón;Villa de Cortés;0;0;0;396;19250.0;;
Tienda en Centro Comercial;Condesa;0;0;0;45;8750.0;2016.0;1589.0
Departamento;Napoles;4;4;2;280;63000.0;8977.5;3584.0
Departamento;Coyoacán;3;1;1;120;17500.0;7000.0;2709.0
Departamento en Hotel;Coyoacán;2;0;2;80;35000.0;12600.0;1400.0
Conjunto Comercial/Sala;Santa Fe;0;19;0;594;208250.0;46511.5;
Departamento;San Rafael;3;2;1;103;5600.0;2450.0;560.0
Cocineta;Condesa;1;0;0;30;3500.0;1050.0;105.0
Conjunto Comercial/Sala;Santa Fe;0;2;0;54;7000.0;4900.0;
Departamento;Lomas de Chapultepec;3;1;0;140;22750.0;7192.5;1743.0
Departamento;Santa Fe;2;2;1;105;15050.0;8547.0;2278.5
Conjunto Comercial/Sala;Centro Histórico;0;1;0;30;2975.0;1715.0;
Conjunto Comercial/Sala;Santa Fe;0;6;0;295;63000.0;21000.0;4200.0
Conjunto Comercial/Sala;Centro Histórico;1;0;0;325;35000.0;;37898.0
Departamento;Santa Fe;1;1;1;72;6300.0;3220.0;693.0
Cocineta;Del Valle;0;0;0;23;2800.0;1925.0;
Departamento;Coyoacán;1;1;1;110;31500.0;10150.0;2345.0
Departamento;Narvarte;2;1;0;66;7700.0;2492.0;227.5
Departamento;Coyoacán;4;2;0;240;52500.0;17500.0;2632.0
Departamento;Condesa;3;0;0;128;10500.0;4200.0;437.5
Departamento;Roma;1;1;0;73;8750.0;2275.0;427.0
Departamento;Santa Fe;4;3;3;160;29750.0;8050.0;1207.5
Departamento;Coyoacán;4;0;3;245;45500.0;7700.0;2555.0
Departamento;Lomas de Chapultepec;3;1;0;120;16450.0;5775.0;626.5
Departamento;Roma;1;0;0;30;4900.0;1683.5;91.0
Departamento en Hotel;Roma;1;1;0;39;9100.0;2719.5;507.5
Departamento;Nativitas;2;0;0;50;3500.0;910.0;
Departamento;Lomas de Chapultepec;2;2;2;175;52500.0;17500.0;1925.0
Departamento;Villa de Guadalupe;2;1;0;47;4900.0;1925.0;420.0
Conjunto Comercial/Sala;Centro Histórico;0;0;0;423;38500.0;28287.0;
Conjunto Comercial/Sala;Centro Histórico;0;0;0;39;1750.0;2590.0;434.0
Departamento;Polanco;4;2;1;150;24500.0;3850.0;
Cocineta;Napoles;0;0;0;26;4200.0;1767.5;
Departamento;Del Valle;2;0;0;67;6650.0;2660.0;434.0
Departamento;Lomas de Chapultepec;3;3;2;280;84000.0;17342.5;4130.0
Departamento;Santa Fe;3;1;1;103;9100.0;4725.0;805.0
Departamento;Lomas de Chapultepec;3;1;0;201;49000.0;21000.0;
Cocineta;Condesa;1;0;0;26;4900.0;2292.5;189.0
Departamento;Ciudad de los Deportes;1;1;1;70;2100.0;1683.5;59.5
Conjunto Comercial/Sala;Santa Fe;0;1;0;51;4550.0;3325.0;1421.0
Casa de Condominio;Santa Fe;5;8;5;1150;210000.0;7000.0;5950.0
Conjunto Comercial/Sala;Lomas de Chapultepec;0;0;0;110;38500.0;5180.0;1715.0
Conjunto Comercial/Sala;Centro Histórico;0;0;0;35;5250.0;1890.0;77.0
Departamento;Coyoacán;4;3;4;320;103250.0;19950.0;5250.0
Departamento;Roma;1;0;0;31;4900.0;1508.5;101.5
Departamento;Santa Fe;2;1;1;62;9450.0;4441.5;742.0
Conjunto Comercial/Sala;Centro Histórico;0;3;0;540;62370.0;53602.5;9975.0
Edificio Completo;Centro Histórico;0;0;0;727;24500.0;;11200.0
Departamento;Santa Fe;2;2;1;65;7700.0;4200.0;420.0
Departamento;Condesa;4;2;2;354;43400.0;13387.5;4826.5
Tienda/Salón;Santa Fe;0;4;0;202;49000.0;14000.0;
Departamento;Coyoacán;3;0;1;145;24496.5;2450.0;455.0
Conjunto Comercial/Sala;Centro Histórico;0;1;0;367;83548.5;39819.5;4301.5
Casa de Condominio;Santa Fe;5;4;5;750;105000.0;7350.0;63000.0
Departamento;Condesa;1;0;0;42;6300.0;5939.5;129.5
Conjunto Comercial/Sala;Centro Histórico;0;1;0;391;123074.0;48405.0;4350.5
Conjunto Comercial/Sala;Santa Fe;0;16;0;505;87500.0;64400.0;25200.0
Departamento;Coyoacán;2;1;0;78;12600.0;2254.0;448.0
Departamento;Santa Fe;3;1;1;105;12950.0;4900.0;945.0
Departamento;Bosques de las Lomas;4;4;4;400;87500.0;14700.0;5250.0
Departamento;Lomas de Chapultepec;3;2;1;156;45500.0;9800.0;
Conjunto Comercial/Sala;Santa Fe;0;1;0;40;9100.0;28927.5;542.5
Tienda/Salón;Santa Fe;0;2;0;70;8400.0;8750.0;
Departamento;Condesa;2;0;1;70;7700.0;2023.0;332.5
Departamento;San Miguel Chapultepec;2;1;0;135;8050.0;1995.0;350.0
Casa de Condominio;Santa María Nonoalco;2;1;0;50;2450.0;630.0;
Conjunto Comercial/Sala;Villa de Cortés;0;0;0;28;3500.0;1715.0;
Departamento;Bosques de las Lomas;2;1;0;80;12250.0;3430.0;4550.0
Cochera/Estacionamiento;La Loma;0;0;0;10;1225.0;;
Departamento;Santa Fe;1;1;1;60;5250.0;3360.0;497.0
Conjunto Comercial/Sala;Santa Fe;0;8;0;345;84000.0;33481.0;32147.5
Departamento;Santa Fe;3;1;3;80;9800.0;4550.0;490.0
Conjunto Comercial/Sala;Centro Histórico;0;0;0;484;31500.0;25130.0;6065.5
Conjunto Comercial/Sala;Centro Histórico;0;0;0;60;3150.0;2975.0;490.0
Departamento;Condesa;2;2;1;90;24500.0;11732.0;1239.0
Departamento;Roma;1;0;0;70;6300.0;2275.0;245.0
Conjunto Comercial/Sala;Centro Histórico;0;1;0;28;2625.0;1400.0;
Departamento;Condesa;2;0;0;72;7875.0;2975.0;252.0
Departamento;Condesa;4;1;2;220;52500.0;7556.5;2156.0
Departamento;Coyoacán;4;1;2;210;24500.0;10150.0;2509.5
Conjunto Comercial/Sala;Coyoacán;0;0;0;85;7000.0;2117.5;630.0
Conjunto Comercial/Sala;Santa Fe;0;2;0;122;29750.0;8526.0;
Tienda/Salón;Narvarte;0;0;0;90;9800.0;315.0;1788.5
Conjunto Comercial/Sala;Peralvillo;0;0;0;21;3150.0;2107.0;
Conjunto Comercial/Sala;Centro Histórico;0;0;0;1582;387345.0;83279.0;23807.0
Departamento;Del Valle;3;1;1;120;14000.0;5250.0;525.0
Departamento;Bosques de las Lomas;3;1;1;131;15050.0;4375.0;994.0
Departamento;Coyoacán;2;1;0;90;14000.0;5425.0;654.5
Cocineta;Condesa;0;0;0;40;5600.0;1400.0;168.0
Departamento;Condesa;3;1;0;77;10500.0;3353.0;493.5
Conjunto Comercial/Sala;Santa Fe;0;1;0;36;6650.0;3010.0;
Departamento;Narvarte;4;1;1;190;9800.0;3150.0;630.0
Departamento;Coyoacán;3;1;1;160;29750.0;4550.0;1295.0
Departamento en Hotel;Santa Fe;2;1;1;72;10500.0;6510.0;1575.0
Departamento;Napoles;3;1;1;100;21000.0;6230.0;
Departamento;Doctores;2;1;1;84;2800.0;1575.0;
Departamento;Tlalpan;3;1;1;220;45500.0;9649.5;1904.0
Departamento;Nativitas;2;1;0;54;4900.0;1295.0;
Departamento;Santa Fe;3;1;1;86;7000.0;2656.5;
Conjunto Comercial/Sala;Centro Histórico;0;0;0;33;1575.0;1295.0;294.0
Departamento;San Miguel Chapultepec;2;0;0;92;5250.0;1050.0;308.0
Departamento;Condesa;3;2;1;140;15750.0;5075.0;805.0
Cocineta;Condesa;1;0;0;30;4200.0;1120.0;189.0
Conjunto Comercial/Sala;Centro Histórico;0;0;0;6;11466.0;;
Departamento;Santa Fe;2;1;0;60;4550.0;2464.0;
Conjunto Comercial/Sala;Centro Histórico;0;0;0;30;1750.0;1512.0;476.0
Departamento;Coyoacán;4;1;1;220;31500.0;6300.0;1743.0
Departamento;Narvarte;1;1;0;68;5600.0;1564.5;224.0
Departamento;Lomas de Chapultepec;3;1;0;120;19250.0;5617.5;1417.5
Departamento;Lomas de Chapultepec;3;1;1;130;26250.0;6650.0;2289.0
Departamento;Arboledas;3;1;1;146;8400.0;;448.0
Departamento;Condesa;1;0;0;38;5250.0;1277.5;259.0
Departamento;Santa Fe;3;2;1;130;31500.0;8515.5;2824.5
Departamento;Roma;1;1;0;50;9100.0;2310.0;374.5
Departamento;Santa Fe;2;1;1;96;8750.0;5610.5;822.5
Departamento;Lomas de Chapultepec;1;0;0;19;5075.0;1757.0;
Departamento;Santa Fe;2;1;1;78;14000.0;9625.0;
Departamento;Condesa;5;1;3;390;35000.0;3500.0;3500.0
Departamento;Condesa;4;1;1;220;42000.0;5250.0;1802.5
Conjunto Comercial/Sala;Roma;0;0;0;5;1046.5;;
Departamento;Coyoacán;4;3;1;180;28000.0;6300.0;2100.0
Conjunto Comercial/Sala;Coyoacán;0;1;0;33;8750.0;4550.0;
Departamento;Condesa;2;0;0;56;8050.0;2684.5;455.0
Departamento;Del Valle;2;0;0;90;7700.0;2275.0;416.5
Tienda en Centro Comercial;Santa Fe;0;1;0;21;4200.0;1785.0;462.0
Tienda/Salón;Coyoacán;0;0;0;200;122500.0;;
Conjunto Comercial/Sala;Centro Histórico;0;2;0;459;152838.0;26547.5;7833.0
Departamento;Barrio Bravo;2;1;0;60;3500.0;700.0;
Departamento;San Ángel;2;1;1;68;10465.0;3087.0;479.5
Departamento;San Miguel Chapultepec;2;1;0;83;3850.0;2100.0;343.0
Departamento;Roma;2;1;2;82;16800.0;4025.0;689.5
Conjunto Comercial/Sala;Condesa;0;1;0;135;8750.0;4900.0;2100.0
Departamento;La Loma;1;0;0;99;6300.0;2275.0;168.0
Casa Comercial;San Pedro de los Pinos;0;1;0;262;35000.0;;1634.5
Conjunto Comercial/Sala;Lindavista;0;0;0;32;1750.0;2135.0;1634.5
Departamento;Coyoacán;2;0;0;60;10150.0;1774.5;437.5
Departamento;Coyoacán;2;1;1;80;17500.0;4305.0;910.0
Departamento;Lomas de Chapultepec;4;2;0;167;15750.0;17500.0;2625.0
Departamento;Lomas de Chapultepec;2;1;2;93;20650.0;4340.0;1120.0
Departamento;Roma;3;1;0;110;8750.0;4550.0;
Tienda/Salón;San Ángel;0;2;0;110;31500.0;15750.0;3325.0
Conjunto Comercial/Sala;Santa Fe;0;2;0;40;3500.0;3850.0;931.0
Cochera/Estacionamiento;Del Valle;0;0;0;4;1050.0;147.0;
Departamento;Condesa;1;0;0;57;7000.0;2170.0;276.5
Conjunto Comercial/Sala;Tlalnepantla;0;1;0;30;2625.0;1697.5;500.5
Departamento;Santa Fe;4;4;2;330;27650.0;6695.5;2390.5
Conjunto Comercial/Sala;Centro Histórico;0;0;0;25;1750.0;976.5;
Tienda/Salón;Santa Fe;0;1;0;100;24500.0;;22337.0
Departamento;Condesa;3;0;0;120;8050.0;6650.0;8267.0
Departamento;Santa Fe;2;1;1;78;10500.0;;
Conjunto Comercial/Sala;Santa Fe;0;1;0;75;10500.0;4480.0;
Departamento;Santa Fe;4;3;2;145;17500.0;5425.0;1750.0
Conjunto Comercial/Sala;Peralvillo;0;1;0;34;2800.0;1858.5;350.0
Departamento;Condesa;3;0;0;120;10500.0;2730.0;770.0
Conjunto Comercial/Sala;Santa Fe;0;1;0;36;4025.0;2520.0;
Casa;San Ángel;4;4;2;450;49000.0;;25200.0
Departamento;Roma;2;1;1;80;14000.0;3.5;
Departamento;Condesa;1;0;0;41;4200.0;1505.0;
Casa de Condominio;Santa María Nonoalco;2;1;2;70;5600.0;;
Departamento;Centro Histórico;2;0;0;69;5600.0;1232.0;1533.0
Galpón/Depósito/Almacén;Nueva Santa María;0;0;0;203;7000.0;;602.0
Departamento;Santa Fe;5;2;4;200;20615.0;8050.0;1015.0
Departamento;Del Valle;2;0;0;54;6300.0;1925.0;105.0
Departamento;Coyoacán;1;1;0;51;9800.0;2222.5;350.0
Tienda/Salón;Santa Fe;0;2;0;71;13300.0;8750.0;1575.0
Departamento;Nueva Santa María;2;1;1;50;3430.0;1701.0;
Conjunto Comercial/Sala;Santa Fe;0;1;0;135;19250.0;4200.0;
Conjunto Comercial/Sala;Centro Histórico;0;0;0;63;2800.0;3850.0;539.0
Departamento;Santa Fe;4;2;4;206;24150.0;9383.5;2142.0
Conjunto Comercial/Sala;La Condesa;0;9;0;320;52500.0;29781.5;549.5
Departamento;Santa Fe;4;2;2;168;17500.0;7245.0;17850.0
Departamento;Santa Fe;3;1;1;98;8400.0;4830.0;525.0
Departamento;Santa Fe;2;2;2;112;14000.0;4900.0;1050.0
Departamento;Santa Fe;2;1;1;70;7700.0;2730.0;350.0
Departamento;Coyoacán;3;1;1;140;25550.0;10150.0;1750.0
Tienda/Salón;Santa Fe;0;1;0;90;17500.0;3850.0;4200.0
Cocineta;San Ángel;1;0;1;50;6300.0;;
Conjunto Comercial/Sala;Santa Fe;0;4;0;84;3325.0;2240.0;385.0
Departamento;Lomas de Chapultepec;2;0;0;70;12250.0;2667.0;819.0
Conjunto Comercial/Sala;Santa Fe;0;1;0;34;2800.0;2079.0;
Departamento;Lomas de Chapultepec;3;1;0;140;35000.0;7000.0;1750.0
Departamento;Santa Fe;1;1;0;55;7350.0;4200.0;
Galpón/Depósito/Almacén;Pueblo Culhuacán;0;0;0;500;61950.0;;742.0
Departamento;Bosques de las Lomas;1;1;0;46;8750.0;3335.5;
Conjunto Comercial/Sala;Las Águilas;0;1;0;24;1400.0;2275.0;245.0
Conjunto Comercial/Sala;Moctezuma;0;0;0;25;3500.0;2205.0;
Casa de Condominio;Santa Fe;5;3;5;788;63000.0;7000.0;7350.0
Departamento;Santa Fe;1;1;0;50;5600.0;3325.0;350.0
Departamento;Roma Norte;2;1;0;46;4025.0;595.0;
Departamento;Del Valle;2;2;1;65;8568.0;4389.0;511.0
Departamento;Santa Fe;2;1;1;69;8750.0;3500.0;630.0
Departamento;Lomas de Chapultepec;3;3;2;200;36750.0;5985.0;
Departamento;Santa Fe;4;3;2;303;31500.0;7969.5;59185.0
Departamento;Roma;2;1;0;95;8750.0;3045.0;
Conjunto Comercial/Sala;Santa Fe;0;1;0;41;4550.0;4532.5;1120.0
Tienda/Salón;Santa Fe;0;1;0;40;7000.0;5215.0;980.0
Tienda/Salón;Santa Fe;0;3;0;454;87500.0;38276.0;10423.0
Casa;San Miguel Chapultepec;2;0;0;96;7000.0;;140.0
Conjunto Comercial/Sala;Centro Histórico;0;0;0;38;3150.0;2128.0;406.0
Conjunto Comercial/Sala;Santa Fe;0;1;0;21;3500.0;2555.0;
Cocineta;Juárez;1;0;0;31;4550.0;1295.0;196.0
Departamento;Coyoacán;1;0;0;36;7350.0;2030.0;87.5
Casa de Vecindad;San Miguel Chapultepec;2;0;0;55;6300.0;;787.5
Conjunto Comercial/Sala;Centro Histórico;0;0;0;90;7350.0;7000.0;602.0
Conjunto Comercial/Sala;Polanco;0;1;0;27;5950.0;2859.5;1365.0
Departamento en Hotel;Condesa;1;1;0;43;17500.0;7409.5;350.0
Departamento;Bosques de las Lomas;3;1;0;80;10500.0;2520.0;665.0
Departamento;Coyoacán;3;0;0;165;24150.0;10500.0;2691.5
Conjunto Comercial/Sala;Condesa;0;0;0;40;1750.0;1578.5;
Casa de Condominio;Santa Fe;4;3;4;168;14000.0;4060.0;10542.0
Departamento;Santa Fe;2;1;0;68;9800.0;5425.0;
Tienda/Salón;Centro Histórico;0;0;0;69;3850.0;2548.0;1449.0
Tienda en Centro Comercial;Santa Fe;0;0;0;285;56000.0;14252.0;7430.5
Cocineta;Condesa;0;1;0;33;5950.0;1295.0;
Departamento;Santa Fe;2;0;1;100;17500.0;8400.0;21000.0
Departamento;Santa Fe;3;2;1;93;8750.0;5075.0;581.0
Conjunto Comercial/Sala;Roma;0;1;0;100;38500.0;10500.0;
Departamento en Hotel;Coyoacán;1;1;0;45;22750.0;;
Departamento;Santa Fe;4;3;2;245;24500.0;12250.0;2450.0
Departamento;San Pedro de los Pinos;3;2;1;110;12250.0;4550.0;812.0
Galpón/Depósito/Almacén;San Rafael;0;0;0;960;70000.0;;9800.0
Conjunto Comercial/Sala;Santa Fe;0;1;0;60;8750.0;4102.0;959.0
Conjunto Comercial/Sala;Centro Histórico;0;2;0;190;350.0;13566.0;
Departamento;Lomas de Chapultepec;3;1;1;150;17500.0;3500.0;119.0
Departamento;Santa Fe;2;1;1;74;6650.0;4550.0;
Departamento;Condesa;2;1;1;156;42000.0;3500.0;875.0
Casa;Tepalcatlalpan;2;0;0;80;3325.0;;
Departamento;Narvarte;2;0;0;65;6650.0;2030.0;304.5
Departamento;Santa Fe;3;2;1;180;15750.0;5075.0;1715.0
Conjunto Comercial/Sala;Centro Histórico;0;0;0;35;1750.0;2765.0;339.5
Tienda/Salón;Santa Fe;0;1;0;55;15225.0;6055.0;2695.0
Departamento;Polanco;3;2;1;130;17500.0;4200.0;1155.0
Departamento;Coyoacán;3;2;1;150;24500.0;7700.0;1354.5
Conjunto Comercial/Sala;Santa Fe;0;4;0;170;17500.0;13713.0;3780.0
Departamento;Santa Fe;4;4;4;290;56000.0;17150.0;4900.0
Departamento;Coyoacán;2;1;1;142;29750.0;9100.0;1505.0
Departamento;Peralvillo;2;1;1;60;3500.0;1680.0;
Conjunto Comercial/Sala;Roma;0;34;0;1482;700245.0;194512.5;
Departamento;Condesa;4;1;2;210;55650.0;7700.0;
Departamento;Condesa;2;0;0;74;5600.0;3.5;3.5
Tienda/Salón;Santa Fe;0;1;0;80;14700.0;;5250.0
Conjunto Comercial/Sala;Historiadores;0;0;0;106;8750.0;3244.5;1116.5
Departamento;Roma;2;0;0;60;9100.0;1680.0;245.0
Departamento;San Ángel;3;2;1;112;18060.0;4375.0;1323.0
Departamento;Centro Histórico;1;0;0;38;3150.0;780.5;52.5
Conjunto Comercial/Sala;Centro Histórico;0;0;0;106;17500.0;7000.0;4046.0
Conjunto Comercial/Sala;Peralvillo;0;1;0;33;3850.0;2275.0;
Departamento;Santa Fe;3;2;1;145;14000.0;8575.0;1190.0
Departamento;Coyoacán;4;1;1;201;70000.0;14350.0;3500.0
Departamento;Peralvillo;2;2;1;110;6300.0;2100.0;462.0
Departamento;Coyoacán;2;0;0;80;19250.0;7000.0;1750.0
Departamento;San Pedro de los Pinos;2;1;1;96;12250.0;2450.0;525.0
Departamento;Santa Fe;1;2;0;68;6300.0;2975.0;724.5
Cocineta;Del Valle;1;0;0;26;2450.0;1575.0;
Departamento;Santa Fe;4;2;2;140;17150.0;4725.0;2905.0
Departamento;Santa Fe;2;2;1;104;10500.0;6562.5;1960.0
Conjunto Comercial/Sala;Centro Histórico;0;0;0;128;15750.0;5600.0;1967.0
Departamento;El Contadero;1;1;1;50;4550.0;875.0;
Departamento;Bosques de las Lomas;3;1;1;120;15050.0;2625.0;1330.0
Casa Comercial;Roma;4;0;0;161;29750.0;;1830.5
Conjunto Comercial/Sala;Centro Histórico;0;0;0;80;8750.0;4025.0;1225.0
Departamento;Juárez;1;0;0;31;4200.0;1295.0;
Cocineta;Condesa;1;0;0;40;14000.0;1610.0;805.0
Tienda/Salón;Narvarte;0;0;0;1817;56000.0;;14700.0
Departamento en Hotel;Coyoacán;2;1;1;82;13650.0;8050.0;1050.0
Departamento;Condesa;3;0;2;145;14000.0;3325.0;
Conjunto Comercial/Sala;Santa Fe;0;19;0;594;208250.0;45160.5;
Casa de Condominio;Santa Fe;5;4;5;600;87500.0;;
Cocineta;Condesa;1;0;0;35;8750.0;1925.0;
Departamento;Lomas de Chapultepec;3;2;1;195;22400.0;6545.0;1610.0
Conjunto Comercial/Sala;Centro Histórico;0;0;0;547;157500.0;46511.5;9961.0
Departamento en Hotel;Lomas de Chapultepec;2;1;1;80;21000.0;7700.0;595.0
Departamento;Coyoacán;1;0;0;50;13300.0;1575.0;105.0
Departamento;Coyoacán;4;2;4;520;77000.0;12705.0;3850.0
Conjunto Comercial/Sala;Centro Histórico;0;0;0;354;87500.0;25025.0;8697.5
Departamento;Lomas de Chapultepec;3;1;2;107;22750.0;4340.0;1487.5
Conjunto Comercial/Sala;Santa Fe;0;1;0;35;5600.0;1715.0;560.0
Conjunto Comercial/Sala;Santa Fe;0;1;0;33;6300.0;5600.0;
Departamento en Hotel;Coyoacán;2;1;1;110;35000.0;17500.0;1750.0
Departamento;Coyoacán;3;1;2;174;29750.0;8400.0;21000.0
Departamento;Roma;2;1;1;85;9450.0;4056.5;644.0
Departamento;Lomas de Chapultepec;2;2;1;94;23450.0;4200.0;1120.0
Departamento;San Rafael;2;2;1;103;5600.0;2100.0;378.0
Conjunto Comercial/Sala;Santa Fe;0;1;0;27;2800.0;2656.5;434.0
Conjunto Comercial/Sala;Narvarte;0;0;0;38;3850.0;1785.0;
Conjunto Comercial/Sala;Santa Fe;0;0;0;135;20650.0;6125.0;4550.0
Departamento;Santa Fe;4;3;3;160;29750.0;8050.0;1207.5
Conjunto Comercial/Sala;Narvarte;0;1;0;34;2450.0;1820.0;245.0
Departamento;Roma;1;0;0;42;7700.0;1400.0;203.0
Departamento;Santa Fe;1;1;0;52;12250.0;9502.5;
Departamento;San Rafael;3;0;1;97;5775.0;920.5;350.0
Departamento;Nueva Santa María;1;1;1;51;2975.0;1781.5;59.5
Tienda/Salón;Narvarte;0;0;0;38;3500.0;770.0;780.5
Tienda/Salón;Santa Fe;0;1;0;88;26600.0;9079.0;4917.5
Departamento;Peralvillo;2;1;0;77;4900.0;2096.5;133.0
Casa;Nativitas;3;1;0;102;7350.0;;4200.0
Departamento;Coyoacán;2;1;1;130;16800.0;4550.0;1361.5
Departamento;Lomas de Chapultepec;4;3;4;256;56000.0;12250.0;2100.0
Departamento;Condesa;3;0;1;140;27300.0;4550.0;693.0
Conjunto Comercial/Sala;Villa de Guadalupe;0;1;0;32;1750.0;2450.0;192.5
Casa;San Ángel;4;2;3;250;56000.0;;1400.0
Conjunto Comercial/Sala;Centro Histórico;0;0;0;70;13300.0;6300.0;304.5
Departamento;Narvarte;3;1;1;140;6300.0;4014.5;
Departamento;Residencial Emiliano Zapata;2;1;0;75;3500.0;;
Departamento;Santa Fe;3;1;0;80;5950.0;3608.5;7682.5
Tienda/Salón;Lomas de Chapultepec;0;0;0;40;17500.0;7700.0;
Departamento;Santa Fe;2;2;1;113;10500.0;6720.0;2135.0
Departamento;Coyoacán;2;2;2;240;59500.0;8750.0;2800.0
Conjunto Comercial/Sala;Santa Fe;0;0;0;20;2100.0;1330.0;525.0
Conjunto Comercial/Sala;Centro Histórico;0;0;0;525;91938.0;50932.0;
Casa Comercial;Roma;0;0;0;270;24500.0;;2800.0
Departamento;Narvarte;3;1;0;140;8050.0;2380.0;399.0
Departamento;Condesa;2;0;0;70;8400.0;2233.0;521.5
Rancho;Santa María Nonoalco;3;0;0;0;17150.0;;
Departamento;Nativitas;3;1;0;68;6300.0;2152.5;
Conjunto Comercial/Sala;Santa Fe;0;3;0;175;42000.0;11375.0;11375.0
Casa de Condominio;Santa Fe;5;2;5;700;87500.0;;6300.0
Conjunto Comercial/Sala;Santa Fe;0;1;0;22;2450.0;2331.0;371.0
Departamento en Hotel;Coyoacán;2;1;1;90;31500.0;8750.0;
Conjunto Comercial/Sala;Condesa;0;5;0;600;252000.0;63000.0;18900.0
Casa;Tepalcatlalpan;1;0;0;40;2800.0;;
Conjunto Comercial/Sala;Centro Histórico;0;0;0;145;14000.0;13405.0;2803.5
Conjunto Comercial/Sala;Santa Fe;0;1;0;24;3150.0;1123.5;336.0
Departamento;Coyoacán;4;2;1;350;59150.0;17500.0;2800.0
Departamento;Del Valle;3;1;0;140;11900.0;4025.0;661.5
Galpón/Depósito/Almacén;Santa Marta Acatitla;0;8;0;2035;154000.0;45997.0;3906.0
Departamento;Coyoacán;2;1;1;100;26250.0;16100.0;1701.0
Departamento;Bosques de las Lomas;3;2;1;120;28000.0;5810.0;1340.5
Tienda/Salón;Nueva Santa María;0;0;0;120;3500.0;;854.0
Departamento;Santa Fe;2;1;1;95;7700.0;4669.0;899.5
Departamento;Condesa;3;0;1;100;10500.0;3325.0;8995.0
Departamento;Santa Fe;4;3;2;361;28000.0;10738.0;
Tienda en Centro Comercial;Centro Histórico;0;0;0;32;26250.0;;483.0
Conjunto Comercial/Sala;Santa Fe;0;1;0;25;3150.0;2170.0;
Conjunto Comercial/Sala;Centro Histórico;0;0;0;285;87500.0;29998.5;5593.0
Conjunto Comercial/Sala;Santa Fe;0;1;0;31;3500.0;3209.5;437.5
Conjunto Comercial/Sala;Condesa;0;0;0;28;3500.0;2310.0;
Departamento;Napoles;2;0;0;75;;3073.0;
Departamento;Santa Fe;2;1;1;80;8750.0;4284.0;742.0
Conjunto Comercial/Sala;Centro Histórico;0;0;0;4;1575.0;;
Departamento;Del Valle;2;1;0;80;7000.0;1575.0;
Edificio Completo;Narvarte;0;2;0;200;35000.0;;7350.0
Tienda en Centro Comercial;Narvarte;0;0;0;50;14000.0;5775.0;682.5
Departamento;Santa Fe;3;2;1;105;8050.0;5250.0;
Departamento;Roma;2;0;1;85;11200.0;2450.0;700.0
Departamento;Narvarte;3;1;0;80;6650.0;2450.0;210.0
Tienda/Salón;Centro Histórico;0;0;0;230;76475.0;20125.0;
Tienda/Salón;Santa Fe;0;1;0;70;13405.0;6744.5;3461.5
Departamento;Santa Fe;2;1;1;73;9450.0;4147.5;724.5
Departamento;Coyoacán;3;1;1;160;70000.0;8400.0;2313.5
Departamento;Condesa;3;1;0;81;8750.0;3500.0;6076.0
Departamento;Santa Fe;3;3;1;250;12250.0;9100.0;686.0
Conjunto Comercial/Sala;Santa Fe;0;1;0;35;2800.0;4550.0;875.0
Departamento;Santa Fe;4;3;4;230;31500.0;9625.0;2100.0
Conjunto Comercial/Sala;Centro Histórico;0;0;0;35;1400.0;2030.0;465.5
Casa de Condominio;Santa Fe;4;5;4;1000;98031.5;5600.0;52500.0
Conjunto Comercial/Sala;Centro Histórico;0;0;0;554;145372.5;30373.0;6258.0
Conjunto Comercial/Sala;Chapultepec;0;1;0;27;3150.0;1925.0;2933.0
Departamento;Coyoacán;2;1;0;75;11550.0;3500.0;682.5
Departamento;Santa Fe;2;1;1;58;4025.0;2450.0;318.5
Departamento;Del Valle;3;1;1;150;9450.0;5495.0;630.0
Conjunto Comercial/Sala;Centro Histórico;0;1;0;588;185426.5;57078.0;7532.0
Departamento;Santa Fe;3;2;3;105;11550.0;5250.0;945.0
Departamento;Santa Fe;3;2;1;147;12250.0;7871.5;1956.5
Departamento;Condesa;2;0;0;70;7700.0;2695.0;437.5
Departamento;Santa Fe;2;1;1;60;7350.0;2565.5;346.5
Departamento;Narvarte;1;0;0;63;4550.0;2537.5;175.0
Departamento;Condesa;1;0;0;28;5425.0;1673.0;84.0
Conjunto Comercial/Sala;Centro Histórico;0;0;0;1192;266000.0;105000.0;
Departamento;Condesa;3;1;1;200;26250.0;5600.0;896.0
Cocineta;Centro Histórico;0;0;0;30;3150.0;1400.0;
Departamento;Polanco;3;2;2;220;17150.0;6685.0;2194.5
Conjunto Comercial/Sala;Santa Fe;0;1;0;40;3500.0;2530.5;931.0
Conjunto Comercial/Sala;Santa Fe;0;1;0;32;4200.0;4725.0;787.5
Departamento;Condesa;3;0;1;123;26250.0;4550.0;693.0
Departamento;Santa Fe;2;1;1;68;7700.0;2730.0;350.0
Departamento;Peralvillo;3;1;1;70;4550.0;2450.0;297.5
Departamento;Nueva Santa María;3;0;0;75;4550.0;;
Tienda/Salón;Santa Fe;0;1;0;150;20650.0;3850.0;700.0
Departamento;Villa de Guadalupe;2;1;0;59;4200.0;1785.0;45.5
Departamento;Santa Fe;4;3;1;240;52500.0;17500.0;
Departamento en Hotel;Coyoacán;2;1;1;76;28000.0;9450.0;2625.0
Departamento;Peralvillo;3;0;0;78;5250.0;2541.0;280.0
Conjunto Comercial/Sala;Santa Fe;0;9;0;370;35000.0;38500.0;
Departamento;Condesa;2;0;1;83;10500.0;4231.5;714.0
Conjunto Comercial/Sala;Centro Histórico;0;1;0;459;144767.0;44562.0;5880.0
Departamento;Coyoacán;3;1;1;128;20300.0;4924.5;3979.5
Casa de Condominio;Santa Fe;4;3;3;280;27300.0;5232.5;
Cocineta;Centro Histórico;1;0;0;28;3150.0;1225.0;70.0
Casa Comercial;Roma;6;0;0;322;42000.0;;882.0
Conjunto Comercial/Sala;Santa Fe;0;1;0;36;3500.0;2625.0;
Conjunto Comercial/Sala;Santa Fe;0;1;0;38;5950.0;3605.0;1396.5
Departamento;Coyoacán;4;3;3;433;91000.0;33250.0;7581.0
Departamento;Condesa;3;1;1;90;9800.0;4200.0;525.0
Departamento;Santa Fe;2;2;1;66;5950.0;4641.0;
Departamento;Lomas de Chapultepec;2;0;0;59;6650.0;1827.0;
Conjunto Comercial/Sala;Centro Histórico;0;0;0;450;63000.0;17944.5;5600.0
Conjunto Comercial/Sala;Iztacalco;0;0;0;20;3150.0;1400.0;126.0
Departamento;Condesa;1;0;0;40;5250.0;1785.0;189.0
Departamento;Santa Fe;3;0;1;235;42000.0;16061.5;54271.0
Departamento;Santa Fe;3;1;2;66;4550.0;2415.0;273.0
Tienda/Salón;Santa Fe;0;1;0;390;94500.0;24556.0;1781.5
Departamento;Condesa;2;0;0;90;8400.0;3080.0;392.0
Cocineta;Condesa;1;0;0;40;3850.0;1575.0;175.0
Departamento;Coyoacán;4;1;2;260;52500.0;16100.0;6027.0
Conjunto Comercial/Sala;Centro Histórico;0;0;0;680;49000.0;29410.5;11900.0
Departamento;Coyoacán;4;1;4;200;70000.0;8400.0;2275.0
Departamento;El Contadero;3;2;1;125;9380.0;1750.0;1207.5
Departamento;Roma;1;1;0;66;7700.0;2450.0;
Departamento;Nativitas;2;0;0;48;2100.0;700.0;
Departamento;Santa Fe;1;1;0;66;6300.0;3955.0;1179.5
Departamento;Santa Fe;3;2;1;115;17500.0;4200.0;2240.0
Departamento;Santa Fe;4;2;1;145;12250.0;7637.0;1806.0
Departamento;Coyoacán;3;1;2;165;29750.0;6720.0;1190.0
Departamento;Lomas de Chapultepec;3;1;1;178;42000.0;5351.5;1862.0
Departamento;Santa Fe;3;2;1;150;11900.0;8225.0;1473.5
Departamento;Roma;3;1;1;108;12250.0;3500.0;455.0
Departamento;Narvarte;3;1;0;107;8050.0;1400.0;
Conjunto Comercial/Sala;Industrial Vallejo;0;2;0;56;10500.0;4900.0;
Conjunto Comercial/Sala;Santa Fe;0;1;0;36;4550.0;4550.0;994.0
Conjunto Comercial/Sala;Centro Histórico;0;0;0;33;2100.0;1165.5;294.0
Conjunto Comercial/Sala;Centro Histórico;0;0;0;347;103320.0;23530.5;4543.0
Departamento;Santa Fe;2;1;2;82;7700.0;4200.0;
Departamento;Santa Fe;4;3;3;250;45500.0;11900.0;3850.0
Departamento;Narvarte;2;0;0;76;6300.0;2450.0;84.0
Departamento;Condesa;2;0;0;90;10500.0;3500.0;1400.0
Galpón/Depósito/Almacén;Nativitas;0;0;0;9220;255500.0;;29221.5
Departamento;Arboledas;3;1;0;75;3500.0;2275.0;
Tienda/Salón;Santa Fe;0;0;0;320;70000.0;13125.0;14140.0
Departamento;Santa Fe;4;3;2;230;33250.0;13937.0;1634.5
Departamento;Lomas de Chapultepec;3;1;1;96;19250.0;5250.0;875.0
Departamento;Condesa;1;0;0;55;10500.0;2520.0;280.0
Departamento;Coyoacán;3;1;2;250;35000.0;7000.0;2975.0
Cocineta;Condesa;0;0;0;28;4550.0;2110.5;185.5
Conjunto Comercial/Sala;Santa Fe;0;1;0;32;5250.0;3325.0;595.0
Departamento;Condesa;2;0;1;120;13650.0;1750.0;350.0
Departamento;Lomas de Chapultepec;3;1;1;150;19250.0;3150.0;
Departamento;Condesa;3;1;1;130;20300.0;2555.0;980.0
Departamento;Santa Fe;3;2;2;83;8400.0;2124.5;4900.0
Conjunto Comercial/Sala;Lomas de Chapultepec;0;0;0;120;70000.0;8400.0;2429.0
Conjunto Comercial/Sala;Centro Histórico;0;0;0;36;4900.0;1050.0;364.0
Departamento;Condesa;3;0;1;140;17500.0;6475.0;630.0
Departamento;Lomas de Chapultepec;2;1;0;77;13650.0;4200.0;647.5
Casa de Vecindad;San Felipe de Jesús;2;0;0;68;4200.0;227.5;472.5
Departamento;Santa Fe;3;1;3;83;12600.0;3850.0;490.0
Departamento;Condesa;1;0;0;50;7000.0;3328.5;199.5
Departamento;Coyoacán;3;1;2;115;21000.0;2485.0;
Departamento;San Pedro de los Pinos;3;2;2;200;31500.0;4200.0;1330.0
Conjunto Comercial/Sala;Santa Fe;1;1;0;34;5950.0;4147.5;910.0
Casa de Condominio;Lomas de Chapultepec;5;0;5;850;105000.0;5250.0;9100.0
Departamento;San Jerónimo;2;1;0;87;8750.0;2789.5;
Conjunto Comercial/Sala;Santa Fe;0;1;0;30;1750.0;3150.0;420.0
Conjunto Comercial/Sala;Lomas de Chapultepec;0;10;0;580;385000.0;104527.5;
Conjunto Comercial/Sala;Santa Fe;0;0;0;21;1750.0;1715.0;301.0
Tienda/Salón;Santa Fe;0;1;0;84;18550.0;5474.0;14808.5
Departamento;Narvarte;1;1;0;55;5600.0;2285.5;143.5
Departamento;Narvarte;3;1;1;87;8050.0;1956.5;350.0
Conjunto Comercial/Sala;Centro Histórico;0;0;0;36;1750.0;4200.0;
Conjunto Comercial/Sala;Santa Fe;0;2;0;144;15750.0;16275.0;
Departamento;Condesa;2;2;2;76;15750.0;7175.0;1078.0
Conjunto Comercial/Sala;Centro Histórico;0;0;0;42;3850.0;3881.5;
Conjunto Comercial/Sala;Condesa;0;0;0;32;3850.0;1750.0;707.0
Departamento;Coyoacán;2;0;0;66;9100.0;2905.0;682.5
Departamento;Doctores;2;1;0;56;5600.0;1379.0;56.0
Conjunto Comercial/Sala;Centro Histórico;0;0;0;30;2800.0;1295.0;444.5
Departamento;Santa Fe;4;2;1;115;9800.0;6615.0;875.0
Conjunto Comercial/Sala;Condesa;0;0;0;39;3500.0;2684.5;
Departamento;Narvarte;4;1;0;160;7000.0;3612.0;3696.0
Conjunto Comercial/Sala;Centro Histórico;0;1;0;544;171496.5;52790.5;6965.0
Departamento;Condesa;1;0;0;45;2590.0;630.0;87.5
Departamento;Santa Fe;2;1;1;65;5250.0;3500.0;
Tienda/Salón;Centro Histórico;0;0;0;7;10500.0;948.5;
Departamento;Santa Fe;1;1;0;69;8750.0;4900.0;1050.0
Edificio Completo;La Merced;0;89;0;2397;539665.0;;15445.5
Departamento;Roma;3;1;2;110;17500.0;5425.0;1393.0
Departamento;Coyoacán;4;3;2;230;31500.0;10500.0;3850.0
Departamento;Narvarte;1;0;0;60;6300.0;1645.0;
Casa de Condominio;Santa Fe;5;0;3;270;70000.0;4025.0;2275.0
Conjunto Comercial/Sala;Centro Histórico;0;0;0;597;52500.0;;
Departamento;Santa Fe;2;1;1;70;7700.0;2730.0;
Departamento;Bosques de las Lomas;3;1;1;150;21000.0;3325.0;1365.0
Departamento;Santa Fe;1;2;1;100;24500.0;6965.0;8050.0
Casa;San Andrés Tetepilco;1;0;0;65;2800.0;;
Departamento;Lomas de Chapultepec;2;1;1;80;12600.0;4375.0;822.5
Conjunto Comercial/Sala;Centro Histórico;1;0;0;76;4550.0;2625.0;
Departamento;Bosques de las Lomas;2;1;1;100;13300.0;3325.0;
Departamento;Condesa;1;0;0;50;8750.0;3.5;3.5
Departamento;Lomas de Chapultepec;4;2;1;170;38500.0;9450.0;1995.0
Departamento;Coyoacán;2;1;0;85;10500.0;2660.0;280.0
Departamento;Nativitas;2;1;1;61;4900.0;2593.5;
Departamento;Santa Fe;2;2;1;65;6300.0;2075.5;189.0
Departamento;Santa Fe;3;2;3;145;10150.0;6300.0;
Cocineta;Condesa;1;0;0;23;4900.0;1050.0;
Conjunto Comercial/Sala;Roma;0;0;0;20;4193.0;;
Departamento;Bosques de las Lomas;4;3;2;388;42000.0;21161.0;4336.5
Conjunto Comercial/Sala;Santa Fe;0;0;0;605;157500.0;64956.5;179116.0
Tienda/Salón;Santa Fe;0;0;0;32;3500.0;6023.5;2457.0
Departamento;San Jerónimo;3;4;1;200;17500.0;4928.0;861.0
Departamento;Santa Fe;4;3;3;266;52500.0;12950.0;2422.0
Casa de Condominio;Santa Fe;4;4;4;806;84000.0;7283.5;8050.0
Conjunto Comercial/Sala;Santa Fe;0;4;0;126;19250.0;8820.0;
Departamento;San Jerónimo;3;1;1;115;13825.0;;
Departamento en Hotel;Santa Fe;2;1;2;65;7700.0;9450.0;507.5
Departamento;Bosques de las Lomas;3;1;0;153;21700.0;6650.0;
Departamento;Del Valle;3;1;0;100;10850.0;3153.5;644.0
Departamento;Condesa;4;1;1;230;17500.0;6373.5;1750.0
Departamento;Condesa;1;0;0;45;5600.0;1715.0;255.5
Departamento;Condesa;1;0;0;35;4900.0;2117.5;185.5
Cocineta;Condesa;1;0;0;20;2450.0;1060.5;49.0
Departamento;San Ángel;3;2;1;130;22050.0;5600.0;1155.0
Conjunto Comercial/Sala;Santa Fe;0;1;0;27;3850.0;3062.5;675.5
Cocineta;Centro Histórico;1;0;0;20;3815.0;1050.0;52.5
Tienda/Salón;Santa Fe;0;0;0;647;158515.0;56612.5;20380.5
Departamento;Santa Fe;5;4;5;352;45500.0;11200.0;
Departamento;Napoles;1;0;0;65;10500.0;2065.0;315.0
Departamento;Condesa;1;0;0;20;10500.0;;
Conjunto Comercial/Sala;Santa Fe;0;1;0;31;3500.0;2870.0;154.0
Departamento;Santa Fe;1;1;1;71;8750.0;6146.0;672.0
Conjunto Comercial/Sala;Centro Histórico;0;0;0;460;122500.0;26509.0;67245.5
Conjunto Comercial/Sala;Moctezuma;0;1;0;25;3150.0;2257.5;7.0
Departamento;Roma Norte;2;1;1;48;5600.0;1834.0;42.0
Departamento;Condesa;2;0;0;74;7000.0;3150.0;462.0
Departamento;Lomas de Chapultepec;2;1;0;70;13300.0;2450.0;350.0
Departamento;Lomas de Chapultepec;2;1;0;96;15750.0;2625.0;
Departamento;Culhuacán CTM;2;0;0;50;2975.0;490.0;
Departamento;San Ángel;3;0;1;120;9450.0;3080.0;833.0
Departamento;Condesa;4;1;0;100;11200.0;3577.0;
Departamento;Roma;2;1;0;65;10325.0;2100.0;357.0
Conjunto Comercial/Sala;Centro Histórico;0;0;0;60;6300.0;3780.0;490.0
Departamento;San Ángel;1;0;0;50;9450.0;1785.0;301.0
Conjunto Comercial/Sala;Coyoacán;0;0;0;34;8400.0;3003.0;759.5
Cocineta;Centro Histórico;0;0;0;25;2275.0;1522.5;
Departamento en Hotel;Roma;2;1;1;90;8750.0;6160.0;651.0
Departamento;Narvarte;2;1;1;92;10150.0;3174.5;
Departamento;Santa Fe;3;3;3;266;52500.0;12950.0;2422.0
Tienda/Salón;Santa Fe;0;2;0;154;37800.0;10419.5;2604.0
Departamento;Condesa;2;0;0;80;8400.0;3482.5;630.0
Conjunto Comercial/Sala;Condesa;0;1;0;60;10500.0;3850.0;875.0
Departamento;Narvarte;3;2;1;135;7000.0;3220.0;8400.0
Conjunto Comercial/Sala;Condesa;0;1;0;120;15750.0;7700.0;1848.0
Conjunto Comercial/Sala;Santa Fe;0;2;0;20;11200.0;25613.0;665.0
Conjunto Comercial/Sala;Santa Fe;0;1;0;51;3500.0;6310.5;1232.0
Departamento;Peralvillo;3;2;1;113;4550.0;2940.0;
Galpón/Depósito/Almacén;Villa de Guadalupe;0;0;0;893;118769.0;18690.0;10874.5
Departamento;Del Valle;3;1;1;105;13300.0;4200.0;
Departamento;Coyoacán;2;1;1;82;52500.0;14000.0;20713.0
Departamento;Villa de Cortés;2;0;0;117;4550.0;;385.0
Tienda/Salón;Roma;0;0;0;585;210000.0;1400.0;175000.0
Tienda en Centro Comercial;Santa Fe;0;1;0;82;12250.0;7973.0;2373.0
Tienda/Salón;Santa Fe;0;0;0;27;5495.0;2842.0;2159.5
Conjunto Comercial/Sala;Santa Fe;0;4;0;113;1505.0;9824.5;1505.0
Casa de Condominio;Santa Fe;5;3;0;900;70000.0;4578.0;5603.5
Departamento;Condesa;4;1;3;220;56000.0;5950.0;1925.0
Departamento;Lomas de Chapultepec;2;1;1;98;15750.0;5729.5;
Departamento;La Florida;1;1;1;64;3150.0;1645.0;52.5
Departamento;Lomas de Chapultepec;2;1;1;80;28000.0;7976.5;
Departamento;Coyoacán;1;0;0;54;7350.0;2733.5;
Departamento;Santa Fe;3;2;1;133;12250.0;8022.0;2415.0
Departamento;Peralvillo;2;1;0;50;2100.0;1155.0;49.0
Departamento;Santa Fe;4;4;4;601;24500.0;20300.0;4207.0
Conjunto Comercial/Sala;Santa Fe;0;1;0;49;8400.0;3675.0;
Edificio Completo;Centro Histórico;1;92;0;6550;1505000.0;;181947.5
Conjunto Comercial/Sala;Narvarte;0;1;0;29;5075.0;1925.0;290.5
Departamento;Santa Marta Acatitla;2;0;0;40;2100.0;;
Departamento;Roma;3;2;1;86;12950.0;2852.5;486.5
Conjunto Comercial/Sala;Santa Fe;0;7;0;200;52500.0;14700.0;3290.0
Departamento;Bosques de las Lomas;3;3;1;252;31500.0;6650.0;2100.0
Departamento;Narvarte;2;1;0;66;8050.0;437.5;1858.5
Conjunto Comercial/Sala;Del Valle;0;6;0;942;280245.0;65940.0;
Departamento;Coyoacán;4;3;1;236;45500.0;10500.0;3290.0
Conjunto Comercial/Sala;Santa Fe;0;5;0;370;97125.0;23208.5;7700.0
Conjunto Comercial/Sala;Centro Histórico;0;0;0;200;35000.0;8750.0;3150.0
Conjunto Comercial/Sala;Centro Histórico;0;0;0;539;262223.5;50935.5;
Departamento;San Miguel Chapultepec;2;1;0;70;5600.0;2625.0;210.0
Departamento;Santa Fe;3;2;2;212;19250.0;4200.0;2387.0
Cochera/Estacionamiento;Centro Histórico;0;0;0;9;350.0;1561.0;
Departamento;Coyoacán;3;1;0;80;12250.0;3500.0;714.0
Conjunto Comercial/Sala;Centro Histórico;0;0;0;1516;212240.0;78582.0;
Departamento;Lomas de Chapultepec;4;2;4;300;56000.0;14700.0;6174.0
Galpón/Depósito/Almacén;Vallejo;0;0;0;4000;136500.0;;14000.0
Conjunto Comercial/Sala;Santa Fe;0;2;0;70;10500.0;6608.0;
Departamento;Condesa;1;0;0;55;8750.0;;
Conjunto Comercial/Sala;Condesa;0;1;0;40;8750.0;3269.0;448.0
Departamento en Hotel;Condesa;2;1;1;60;10500.0;5600.0;658.0
Tienda/Salón;Condesa;0;0;0;25;4546.5;2380.0;350.0
Departamento;Lomas de Chapultepec;3;1;1;150;17500.0;3500.0;1575.0
Departamento;Roma;2;1;1;84;17500.0;3874.5;735.0
Casa;Casa Blanca;2;0;0;65;2800.0;;
Departamento;Santa Fe;4;3;2;244;24500.0;10885.0;24150.0
Departamento;Lomas de Chapultepec;4;1;4;200;35000.0;5600.0;4193.0
Departamento;Peralvillo;3;1;1;108;4725.0;3150.0;399.0
Departamento;La Condesa;1;0;1;48;3850.0;1750.0;
Conjunto Comercial/Sala;Centro Histórico;0;0;0;30;1225.0;1225.0;325.5
Departamento;Santa Fe;3;2;1;98;9800.0;5320.0;385.0
Conjunto Comercial/Sala;Santa Fe;0;1;0;34;6300.0;4550.0;
Departamento;Bosques de las Lomas;3;1;0;116;12250.0;4039.0;1011.5
Departamento;Narvarte;2;0;0;70;5600.0;2975.0;294.0
Conjunto Comercial/Sala;Centro Histórico;0;36;0;1897;531160.0;169771.0;28780.5
Conjunto Comercial/Sala;Centro Histórico;0;0;0;104;7805.0;14031.5;602.0
Casa;Barrio Bravo;2;2;0;120;5530.0;;
Departamento;San Rafael;1;2;0;67;5250.0;1827.0;364.0
Tienda en Centro Comercial;Santa Fe;0;1;0;30;2800.0;3325.0;525.0
Departamento;Lomas de Chapultepec;2;1;1;70;19250.0;7000.0;1400.0
Departamento;San Pedro de los Pinos;1;1;0;60;11200.0;2149.0;875.0
Departamento en Hotel;Roma;1;1;1;70;10150.0;3748.5;297.5
Tienda/Salón;Santa Fe;0;2;0;202;28000.0;15050.0;11795.0
Departamento;Centro Histórico;3;2;1;120;8750.0;5250.0;728.0
Departamento;Juárez;2;0;0;71;6650.0;1981.0;451.5
Departamento;Villa de Guadalupe;2;1;0;60;5250.0;1225.0;
Departamento;Santa Fe;3;2;3;127;21000.0;5950.0;12250.0
Conjunto Comercial/Sala;Centro Histórico;0;0;0;90;5250.0;3850.0;630.0
Cocineta;Centro Histórico;1;0;0;22;2625.0;1155.0;87.5
Departamento;Santa Fe;3;2;1;126;18900.0;3430.0;2079.0
Departamento;Culhuacán CTM;2;0;0;96;4375.0;;269.5
Departamento;Roma;3;2;2;130;14700.0;4749.5;1141.0
Conjunto Comercial/Sala;Santa Fe;0;0;0;36;7000.0;2450.0;
Conjunto Comercial/Sala;Historiadores;0;0;0;24;3150.0;1050.0;
Departamento;Napoles;2;0;0;75;9100.0;3073.0;
Departamento;San Miguel Chapultepec;2;1;0;69;4725.0;2345.0;
Departamento;Narvarte;2;1;0;210;11200.0;2772.0;623.0
Casa de Vecindad;Barrio Bravo;2;1;0;100;3850.0;;
Departamento;Narvarte;3;1;0;105;7700.0;2394.0;462.0
Departamento;Condesa;4;1;1;298;12250.0;10780.0;
Cocineta;Condesa;1;0;0;30;17500.0;2100.0;
Departamento;Santa Fe;2;1;1;69;9275.0;4550.0;700.0
Casa;San Miguel Chapultepec;2;0;0;52;5250.0;;
Departamento;Santa Fe;2;1;0;84;7700.0;3150.0;7000.0
Departamento;Coyoacán;3;2;2;190;75250.0;9450.0;2450.0
Departamento;Santa Fe;3;3;1;132;17150.0;7350.0;770.0
Departamento;Santa Fe;2;1;1;69;5950.0;3412.5;640.5
Departamento;San Pedro de los Pinos;3;2;1;112;15750.0;4900.0;808.5
Conjunto Comercial/Sala;San Miguel Chapultepec;0;1;0;25;3500.0;2800.0;
Departamento;Narvarte;3;1;0;75;6650.0;1785.0;
Conjunto Comercial/Sala;Centro Histórico;0;0;0;414;56000.0;26369.0;4550.0
Departamento;Condesa;4;1;2;264;12250.0;6650.0;238.0
Departamento;Lomas de Chapultepec;3;0;0;90;35000.0;;
Departamento;Condesa;2;1;1;81;12950.0;3615.5;770.0
Departamento;Santa Fe;4;3;2;218;17150.0;8421.0;2390.5
Conjunto Comercial/Sala;Centro Histórico;0;0;0;33;2625.0;2166.5;434.0
Casa de Condominio;Santa Fe;4;4;4;869;84000.0;7749.0;8316.0
Departamento;Santa Fe;5;3;3;320;38500.0;15428.0;5512.5
Departamento;Napoles;1;0;0;60;9100.0;2100.0;210.0
Departamento;Santa Fe;3;2;1;90;9800.0;5309.5;1256.5
Departamento;Santa Fe;3;1;1;92;12250.0;4200.0;
Departamento;Lomas de Chapultepec;2;0;0;66;9100.0;2313.5;521.5
Casa de Condominio;Santa Fe;4;4;4;300;49000.0;4200.0;1225.0
Departamento;Narvarte;2;0;0;80;5600.0;875.0;70.0
Departamento;Santa Fe;3;1;1;120;14700.0;3584.0;2180.5
Departamento;Coyoacán;3;1;1;98;17325.0;4200.0;910.0
Departamento;Condesa;3;1;0;138;9800.0;5253.5;1113.0
Cocineta;Centro Histórico;1;0;0;32;2450.0;1680.0;315.0
Departamento;Santa Fe;3;3;3;145;17850.0;3850.0;
Departamento;Condesa;2;0;1;52;9800.0;2800.0;175.0
Conjunto Comercial/Sala;Centro Histórico;0;0;0;73;4900.0;2982.0;
Departamento;Centro Histórico;1;0;0;50;4410.0;1015.0;80.5
Conjunto Comercial/Sala;Iztacalco;0;0;0;29;2030.0;1680.0;210.0
Departamento;La Virgen;2;1;0;74;4375.0;2205.0;133.0
Departamento;Santa Fe;2;1;1;91;13300.0;3692.5;
Departamento;Roma;3;2;0;150;19250.0;3500.0;
Departamento;Roma;3;2;1;115;15750.0;4200.0;
Departamento;Bosques de las Lomas;1;1;1;120;24500.0;5250.0;997.5
Departamento;Lomas de Chapultepec;4;2;4;200;36750.0;9485.0;3304.0
Conjunto Comercial/Sala;Casa Blanca;0;1;0;23;1400.0;1400.0;
Departamento;Lomas de Chapultepec;3;1;1;100;15750.0;4924.5;
Departamento;Lomas de Chapultepec;3;1;1;150;24500.0;8750.0;1340.5
Departamento;Santa Fe;2;1;1;75;7350.0;2233.0;
Conjunto Comercial/Sala;San Juan Xalpa;0;0;0;2132;895440.0;;
Departamento;Condesa;1;0;0;33;4900.0;1963.5;101.5
Departamento;Santa Fe;3;1;1;88;8050.0;2810.5;
Departamento;Santa Fe;2;1;1;101;10500.0;7350.0;927.5
Conjunto Comercial/Sala;Centro Histórico;0;0;0;1354;284340.0;327901.0;73780.0
Departamento;Narvarte;3;2;0;74;8750.0;2495.5;332.5
Departamento;Condesa;2;0;0;70;7700.0;1820.0;
Conjunto Comercial/Sala;Centro Histórico;0;18;0;957;301311.5;92869.0;9205.0
Departamento en Hotel;Coyoacán;2;2;2;102;15050.0;7000.0;1050.0
Cocineta;Condesa;1;0;0;30;3850.0;1480.5;847.0
Departamento;Lomas de Chapultepec;3;2;3;274;52500.0;17500.0;5950.0
Departamento;Condesa;4;2;2;389;43400.0;12327.0;
Departamento;Condesa;3;1;0;220;24500.0;7700.0;
Departamento;Lomas de Chapultepec;3;1;1;150;17500.0;3850.0;1365.0
Departamento;Bosques de las Lomas;3;1;1;117;19250.0;3500.0;1596.0
Tienda/Salón;Santa Fe;0;2;0;80;;;
Departamento;Condesa;1;0;1;30;9450.0;;
Tienda/Salón;San Miguel Chapultepec;0;0;0;130;12250.0;;
Tienda/Salón;Roma;0;0;0;180;23800.0;2187.5;
Departamento;Coyoacán;2;1;2;74;35000.0;14147.0;1375.5
Departamento;Condesa;3;1;0;90;10500.0;2730.0;612.5
Departamento;Santa Marta Acatitla;2;1;0;45;2800.0;931.0;
Tienda en Centro Comercial;Santa Fe;0;0;0;32;4550.0;1767.5;448.0
Casa de Vecindad;Condesa;2;0;0;120;7000.0;;
Conjunto Comercial/Sala;Centro Histórico;0;0;0;488;85400.0;25620.0;
Conjunto Comercial/Sala;Narvarte;0;0;0;50;7700.0;7000.0;2621.5
Casa de Condominio;Santa Fe;4;4;4;700;52500.0;8400.0;63000.0
Departamento;Santa Fe;2;1;0;73;8750.0;3430.0;696.5
Cocineta;Condesa;1;0;0;40;5600.0;1925.0;241.5
Departamento;Lomas de Chapultepec;3;1;1;100;35000.0;6650.0;962.5
Departamento;Bosques de las Lomas;3;2;3;125;16450.0;5957.0;1963.5
Departamento;Santa Fe;2;1;1;74;5600.0;3150.0;
Departamento;Roma Norte;2;0;0;67;5250.0;1589.0;52.5
Departamento;Santa Fe;2;1;1;95;7000.0;6300.0;350.0
Departamento;Narvarte;2;1;1;71;4900.0;2100.0;
Departamento;Santa Fe;2;1;1;70;8925.0;3430.0;437.5
Departamento;Narvarte;3;0;0;120;6300.0;2156.0;413.0
Departamento;Santa Fe;2;1;1;72;5600.0;3255.0;574.0
Conjunto Comercial/Sala;Santa Fe;0;4;0;190;52500.0;20226.5;4802.0
Conjunto Comercial/Sala;Centro Histórico;0;0;0;410;84000.0;19908.0;3430.0
Departamento en Hotel;Santa Fe;1;2;1;110;14000.0;8750.0;1575.0
Departamento;Santa Fe;3;3;3;233;70000.0;12327.0;4525.5
Departamento;Roma;2;1;1;85;10150.0;4900.0;
Departamento;Narvarte;4;2;1;120;14000.0;3150.0;1050.0
Departamento;Santa Fe;4;2;1;120;10500.0;7934.5;1050.0
Departamento;Lomas de Chapultepec;3;1;1;120;22750.0;6615.0;1582.0
Conjunto Comercial/Sala;Santa Fe;0;1;0;76;14000.0;5250.0;
Departamento;Condesa;2;1;0;88;13300.0;2544.5;490.0
Departamento;Polanco;3;1;1;104;13300.0;4200.0;350.0
Departamento;Juárez;1;1;0;48;5950.0;2537.5;
Departamento;Coyoacán;2;1;0;100;10500.0;2800.0;980.0
Departamento en Hotel;San Pedro de los Pinos;1;1;1;50;9450.0;4200.0;570.5
Tienda/Salón;Juárez;0;0;0;36;4900.0;1792.0;
Departamento;Condesa;3;1;0;98;13300.0;3374.0;805.0
Conjunto Comercial/Sala;Centro Histórico;0;0;0;40;5600.0;1277.5;339.5
Conjunto Comercial/Sala;Centro Histórico;0;0;0;530;98000.0;36764.0;5523.0
Conjunto Comercial/Sala;Centro Histórico;0;0;0;128;9800.0;6090.0;1715.0
Tienda en Centro Comercial;Centro Histórico;0;0;0;50;6300.0;;
Casa de Condominio;Santa Fe;5;2;5;900;105000.0;6650.0;4900.0
Departamento;Condesa;2;0;0;67;7350.0;2870.0;535.5
Departamento;La Loma;1;0;0;32;5600.0;1750.0;70.0
Departamento en Hotel;Santa Fe;1;1;0;50;10150.0;4725.0;1029.0
Conjunto Comercial/Sala;Santa Fe;0;1;0;30;3430.0;3531.5;574.0
Departamento;Coyoacán;3;1;2;270;35000.0;7350.0;3150.0
Conjunto Comercial/Sala;Santa Fe;0;1;0;54;13300.0;36687.0;
Departamento;Condesa;3;2;2;354;47740.0;13387.5;4826.5
Casa;San Antonio Tecomitl;2;3;0;142;5600.0;;
Tienda/Salón;Lindavista Sur;0;0;0;70;7000.0;;
Departamento;Santa Fe;3;1;1;92;8750.0;4200.0;6062.0
Tienda/Salón;Roma;0;0;0;100;17500.0;1375.5;2737.0
Conjunto Comercial/Sala;Centro Histórico;0;15;0;5666;1855000.0;3.5;3.5
Conjunto Comercial/Sala;Santa Fe;0;1;0;22;2100.0;2100.0;350.0
Departamento;Santa Fe;2;1;0;78;7350.0;2625.0;350.0
Conjunto Comercial/Sala;Coyoacán;0;1;0;115;38500.0;15400.0;4200.0
Conjunto Comercial/Sala;Roma;0;1;0;50;17500.0;5950.0;7224.0
Departamento;Roma;2;1;1;120;11550.0;5061.0;
Conjunto Comercial/Sala;Centro Histórico;0;4;0;288;28000.0;19908.0;4966.5
Departamento;Napoles;2;1;0;200;29750.0;8050.0;1785.0
Departamento;Coyoacán;1;0;1;48;8400.0;2681.0;304.5
Conjunto Comercial/Sala;Centro Histórico;0;0;0;374;104720.0;32725.0;5236.0
Departamento;Condesa;4;1;1;220;52500.0;4550.0;1428.0
Conjunto Comercial/Sala;Santa Fe;0;2;0;49;7700.0;5600.0;
Departamento;Santa Fe;2;1;1;89;7700.0;4004.0;353.5
Departamento;Santa Fe;4;2;1;189;28000.0;6265.0;2401.0
Conjunto Comercial/Sala;Centro Histórico;0;0;0;28;875.0;1494.5;294.0
Departamento;Narvarte;2;0;0;40;3850.0;2597.0;70.0
Departamento;Coyoacán;3;1;1;130;27300.0;4637.5;1725.5
Departamento;Roma;2;0;0;52;6125.0;1400.0;280.0
Cocineta;Juárez;1;0;0;23;4725.0;1120.0;87.5
Conjunto Comercial/Sala;Santa Fe;0;6;0;200;35000.0;12600.0;
Conjunto Comercial/Sala;Santa Fe;0;1;0;30;2450.0;3531.5;574.0
Conjunto Comercial/Sala;Santa Fe;0;2;0;30;2800.0;2975.0;700.0
Departamento;Roma;3;1;1;101;17850.0;4585.0;945.0
Departamento;Condesa;2;0;2;85;21000.0;2975.0;525.0
Galpón/Depósito/Almacén;Villa de Guadalupe;0;10;0;1209;49000.0;;17850.0
Departamento;San Antonio Tecomitl;2;0;0;60;2100.0;385.0;
Departamento;Condesa;3;1;1;229;24500.0;7000.0;1295.0
Conjunto Comercial/Sala;Villa de Cortés;0;0;0;21;1400.0;1400.0;1211.0
Departamento;Narvarte;2;0;0;80;4900.0;2163.0;245.0
Conjunto Comercial/Sala;La Condesa;0;0;0;110;5600.0;5075.0;
Departamento;Narvarte;2;1;1;85;11550.0;3150.0;
Departamento;San Miguel Chapultepec;2;1;0;55;4900.0;2327.5;168.0
Departamento;La Condesa;2;1;0;74;7700.0;2537.5;437.5
Tienda/Salón;Coyoacán;0;0;0;30;8750.0;2555.0;1015.0
Departamento;Narvarte;1;1;0;51;4550.0;1442.0;73.5
Departamento;Coyoacán;2;1;1;109;13230.0;5250.0;1071.0
Conjunto Comercial/Sala;Santa Fe;0;1;0;44;3500.0;3150.0;980.0
Conjunto Comercial/Sala;Centro Histórico;0;0;0;160;7700.0;6860.0;1190.0
Conjunto Comercial/Sala;Centro Histórico;0;0;0;678;105000.0;34979.0;10605.0
Cocineta;Del Valle;0;0;0;24;3850.0;1505.0;
Conjunto Comercial/Sala;Santa Fe;0;1;0;50;7000.0;4130.0;675.5
Departamento;Santa Fe;2;1;1;72;8050.0;4200.0;843.5
Departamento;Santa Fe;2;2;2;100;9800.0;5600.0;1295.0
Conjunto Comercial/Sala;Condesa;0;0;0;44;6300.0;2443.0;595.0
Departamento;Napoles;3;0;0;155;9800.0;4550.0;1018.5
Tienda en Centro Comercial;San Ángel;0;0;0;60;42000.0;22750.0;
Conjunto Comercial/Sala;Santa Fe;0;2;0;65;7000.0;5565.0;385.0
Departamento;Centro Histórico;1;0;0;40;3500.0;1785.0;73.5
Conjunto Comercial/Sala;San Miguel Chapultepec;0;1;0;22;2800.0;1841.0;175.0
Departamento;Bosques de las Lomas;4;2;1;150;15750.0;5250.0;1288.0
Departamento;Condesa;1;0;0;40;7000.0;1785.0;
Departamento;Condesa;3;0;0;113;11900.0;2800.0;563.5
Departamento;Santa Fe;2;1;1;88;6650.0;4725.0;525.0
Departamento;Coyoacán;3;0;0;90;9100.0;4585.0;542.5
Departamento;Bosques de las Lomas;3;2;2;245;29750.0;7000.0;3115.0
Cocineta;Roma;0;0;0;18;2450.0;1281.0;105.0
Conjunto Comercial/Sala;Santa Fe;0;0;0;38;4200.0;1610.0;630.0
Conjunto Comercial/Sala;Santa Fe;0;1;0;32;4200.0;2520.0;
Departamento;Coyoacán;2;2;1;130;57750.0;5355.0;182.0
Departamento;Santa Fe;1;1;0;68;7350.0;3587.5;
Departamento;Tlalpan;3;1;1;130;17150.0;7350.0;1050.0
Departamento;Coyoacán;3;1;2;153;17500.0;6545.0;2065.0
Departamento;Condesa;1;0;0;38;7000.0;1960.0;241.5
Departamento;Coyoacán;2;0;0;64;11200.0;2170.0;
Casa de Condominio;Santa Fe;4;4;4;800;105000.0;9450.0;64050.0
Departamento;Santa Fe;1;1;1;82;6300.0;4550.0;927.5
Departamento en Hotel;Coyoacán;1;1;0;65;12600.0;4200.0;700.0
Departamento;Coyoacán;3;0;0;96;11900.0;2800.0;
Conjunto Comercial/Sala;Centro Histórico;0;0;0;69;7000.0;2275.0;689.5
Departamento;El Contadero;2;1;0;90;5950.0;1400.0;4200.0
Departamento;Condesa;2;1;0;69;9975.0;3097.5;605.5
Conjunto Comercial/Sala;Centro Histórico;0;0;0;70;8750.0;3643.5;1120.0
Tienda/Salón;Centro Histórico;0;0;0;165;19250.0;12950.0;3850.0
Departamento;Condesa;3;1;0;140;10850.0;4375.0;
Departamento;Narvarte;2;1;1;68;8400.0;3552.5;4032.0
Tienda/Salón;Narvarte;0;0;0;720;175000.0;;24675.0
Conjunto Comercial/Sala;Santa Fe;0;0;0;30;6300.0;;
Conjunto Comercial/Sala;Santa Fe;0;8;0;250;51625.0;35234.5;9677.5
Conjunto Comercial/Sala;Santa Fe;1;1;0;21;3325.0;2590.0;591.5
Departamento;Del Valle;3;0;0;111;8050.0;2684.5;444.5
Conjunto Comercial/Sala;Santa Fe;0;1;0;43;3500.0;1960.0;1134.0
Conjunto Comercial/Sala;Centro Histórico;0;0;0;24;1155.0;2030.0;276.5
Departamento;Coyoacán;2;0;0;75;10150.0;2450.0;
Departamento;Condesa;1;0;0;31;4550.0;1750.0;
Conjunto Comercial/Sala;Nativitas;0;0;0;24;4200.0;;77.0
Casa;Del Valle;2;0;0;46;6475.0;626.5;101.5
Departamento;La Condesa;1;0;0;50;4900.0;1575.0;70.0
Departamento;Narvarte;3;0;0;120;8400.0;2401.0;273.0
Departamento;San Pedro de los Pinos;1;1;0;62;8750.0;3430.0;402.5
Conjunto Comercial/Sala;Roma;0;3;0;238;52500.0;32840.5;5775.0
Departamento;Santa Fe;3;2;1;350;24500.0;9450.0;2100.0
Departamento;Coyoacán;2;1;1;114;17850.0;3458.0;724.5
Casa de Condominio;Santa Fe;5;3;4;407;31500.0;3671.5;29491.0
Departamento;Polanco;3;0;0;85;8750.0;2765.0;
Departamento;Ciudad de los Deportes;3;1;0;57;1925.0;959.0;45.5
Departamento;Santa Fe;3;2;1;117;15750.0;3500.0;2184.0
Departamento;Loma Bonita;2;0;0;57;3325.0;;
Conjunto Comercial/Sala;Centro Histórico;0;0;0;129;10500.0;4900.0;280.0
Departamento;Santa Fe;1;1;0;58;6300.0;3381.0;
Departamento;Centro Histórico;1;0;0;55;2975.0;1225.0;122.5
Departamento;Lomas de Chapultepec;4;2;2;180;62650.0;17500.0;2800.0
Tienda/Salón;La Merced;0;1;0;40;4550.0;;539.0
Departamento;Coyoacán;3;1;1;150;24500.0;5985.0;1400.0
Departamento;Lomas de Chapultepec;2;1;1;110;13650.0;5635.0;
Conjunto Comercial/Sala;Centro Histórico;0;1;0;400;192500.0;14287.0;4263.0
Conjunto Comercial/Sala;Polanco;0;1;0;30;8750.0;3766.0;777.0
Conjunto Comercial/Sala;Santa Fe;0;4;0;149;25900.0;16688.0;4375.0
Departamento;Napoles;3;1;0;104;12600.0;4725.0;
Tienda/Salón;Centro Histórico;0;0;0;450;66500.0;3500.0;2800.0
Conjunto Comercial/Sala;Santa Fe;0;0;0;250;34650.0;8750.0;2450.0
Conjunto Comercial/Sala;Centro Histórico;0;0;0;210;52500.0;22561.0;2712.5
Casa de Condominio;Santa Fe;4;7;4;496;70000.0;5250.0;4571.0
Departamento;Narvarte;2;1;1;80;6300.0;4133.5;
Tienda/Salón;Nativitas;0;0;0;131;17500.0;;
Departamento;Centro Histórico;1;0;0;28;3150.0;1561.0;84.0
Departamento;Lomas de Chapultepec;4;2;1;142;22750.0;6265.0;1652.0
Conjunto Comercial/Sala;Santa Fe;0;1;0;21;1050.0;2502.5;420.0
Departamento;Juárez;1;0;0;27;3500.0;1256.5;101.5
Departamento;Las Águilas;2;1;0;50;3150.0;1225.0;56.0
Edificio Completo;Coyoacán;0;0;0;800;630000.0;;
Departamento;Santa Fe;4;3;4;304;42000.0;13034.0;2817.5
Departamento;Condesa;1;0;0;35;6300.0;3675.0;455.0
Cocineta;Nativitas;1;0;0;22;2800.0;1095.5;87.5
Departamento;Narvarte;3;1;0;115;7875.0;3500.0;612.5
Departamento;San Rafael;2;0;0;75;4200.0;525.0;70.0
Departamento;Nueva Santa María;1;1;0;62;3150.0;1942.5;
Departamento;Condesa;2;0;0;67;7700.0;2114.0;
Departamento;Santa Fe;2;1;0;53;4900.0;2355.5;
Departamento;Narvarte;1;0;0;35;2800.0;1330.0;84.0
Departamento;Condesa;1;0;0;50;5600.0;2331.0;322.0
Departamento;Condesa;2;1;2;80;21000.0;12467.0;1095.5
Departamento;Napoles;2;1;0;90;8750.0;2800.0;
Departamento;Santa Fe;4;2;4;144;24500.0;5075.0;612.5
Departamento;Roma;3;1;2;110;21000.0;4917.5;1011.5
Departamento;Santa Fe;2;1;1;69;7875.0;3325.0;2450.0
Departamento;Culhuacán CTM;1;0;0;40;2380.0;840.0;
Departamento;Santa Fe;2;1;0;104;17500.0;6832.0;2275.0
Departamento;Condesa;1;0;0;50;4550.0;2446.5;
Conjunto Comercial/Sala;Centro Histórico;0;0;0;44;3500.0;1904.0;
Departamento en Hotel;Lomas de Chapultepec;1;1;0;55;24500.0;3.5;3.5
Departamento;Coyoacán;2;1;1;110;20650.0;9800.0;945.0
Departamento;Roma;1;0;0;40;4900.0;1470.0;84.0
Conjunto Comercial/Sala;Peralvillo;0;0;0;20;2100.0;1638.0;196.0
Casa;San Miguel Chapultepec;3;0;0;100;10500.0;;766.5
Conjunto Comercial/Sala;Centro Histórico;0;0;0;70;7000.0;4200.0;700.0
Conjunto Comercial/Sala;Centro Histórico;0;0;0;295;46354.0;18543.0;1032.5
Conjunto Comercial/Sala;Centro Histórico;0;0;0;1055;184625.0;102280.5;
Departamento;Bosques de las Lomas;2;1;1;70;11550.0;2572.5;742.0
Departamento;Santa Fe;3;1;2;97;8925.0;4571.0;896.0
Departamento;Condesa;4;2;1;298;26250.0;9163.0;1067.5
Departamento;Santa Fe;2;1;1;90;9800.0;3115.0;857.5
Departamento;Condesa;4;1;1;154;15050.0;4900.0;
Departamento;Coyoacán;3;1;1;112;35000.0;4560.5;770.0
Departamento;Napoles;2;0;1;70;21000.0;4200.0;805.0
Departamento;Santa Fe;2;1;2;90;7000.0;5215.0;
Departamento;Santa Fe;4;2;2;145;21000.0;6300.0;23765.0
Casa Comercial;Santa Fe;0;12;0;1150;245000.0;;
Conjunto Comercial/Sala;Santa Fe;0;2;0;120;23450.0;13870.5;30100.0
Tienda/Salón;Santa Fe;0;1;0;70;19250.0;3300.5;13856.5
Departamento;Del Valle;3;1;1;110;25200.0;4725.0;
Terreno Estándar;Villa de Guadalupe;0;0;0;2000;84000.0;;1750.0
Departamento;Narvarte;2;0;2;68;5600.0;2121.0;217.0
Departamento;Condesa;3;0;1;115;10150.0;3325.0;357.0
Departamento;Santa Fe;4;4;4;235;59500.0;15400.0;5047.0
Departamento;Roma;2;0;0;95;;3535.0;595.0
Conjunto Comercial/Sala;Centro Histórico;0;0;0;62;7000.0;2520.0;584.5
Departamento;Roma;3;0;0;157;9450.0;3395.0;700.0
Departamento;Las Águilas;2;1;1;50;3500.0;1470.0;105.0
Departamento;Las Águilas;2;1;1;69;4550.0;2681.0;
Casa;San Pedro de los Pinos;3;2;1;234;35000.0;;1067.5
Departamento;Santa Fe;2;1;1;130;10500.0;4935.0;819.0
Departamento;Narvarte;2;1;0;86;3850.0;1869.0;
Conjunto Comercial/Sala;Industrial Vallejo;0;1;0;29;5250.0;2194.5;108.5
Tienda/Salón;Centro Histórico;0;0;0;48;3500.0;4900.0;490.0
Departamento;Del Valle;2;1;0;75;7700.0;3132.5;374.5
Tienda en Centro Comercial;Santa Fe;0;1;0;42;3500.0;3010.0;1690.5
Departamento;Coyoacán;3;1;0;140;11900.0;4277.0;
Departamento;Coyoacán;4;3;1;232;31465.0;15750.0;4200.0
Departamento;Lomas de Chapultepec;1;0;1;57;13125.0;2555.0;728.0
Departamento;Condesa;1;0;0;39;5250.0;2625.0;
Conjunto Comercial/Sala;Santa Fe;0;6;0;195;35000.0;12967.5;2387.0
Departamento;Lomas de Chapultepec;3;1;0;150;21000.0;5250.0;1445.5
Conjunto Comercial/Sala;Santa Fe;0;1;0;131;15750.0;5425.0;7350.0
Departamento;Narvarte;2;1;0;67;6300.0;3290.0;322.0
Departamento;Santa Fe;3;1;1;104;10500.0;6300.0;980.0
Departamento;Roma;2;1;0;70;9800.0;2625.0;43645.0
Departamento;Coyoacán;4;2;1;140;24500.0;8750.0;
Conjunto Comercial/Sala;Santa Fe;0;2;0;101;19250.0;9121.0;
Departamento;Lomas de Chapultepec;3;1;1;150;26250.0;2695.0;1946.0
Departamento;Condesa;2;0;0;72;;2975.0;
Departamento;Lomas de Chapultepec;3;2;1;156;42000.0;9800.0;1715.0
Conjunto Comercial/Sala;Peralvillo;0;1;0;21;2975.0;1260.0;280.0
Departamento;Coyoacán;4;3;2;230;26250.0;13580.0;2478.0
Departamento;Loma Bonita;2;0;0;58;2975.0;;
Departamento;Santa Fe;3;1;1;102;8750.0;4550.0;
Departamento;Lomas de Chapultepec;4;3;1;220;48650.0;7665.0;
Conjunto Comercial/Sala;Santa Fe;0;4;0;127;19250.0;9383.5;3059.0
Departamento;Roma;3;2;1;170;16100.0;6825.0;1960.0
Departamento;Condesa;2;0;0;45;8750.0;;
Departamento;Nueva Santa María;2;1;0;84;2450.0;2450.0;129.5
Conjunto Comercial/Sala;Narvarte;0;1;0;30;3850.0;3850.0;497.0
Departamento;Santa Fe;1;1;0;84;14000.0;;
Departamento;Bosques de las Lomas;3;3;1;270;35000.0;14000.0;3500.0
Departamento;Condesa;3;1;0;140;11200.0;3500.0;787.5
Departamento;Lomas de Chapultepec;3;0;0;120;12600.0;3174.5;724.5
Edificio Completo;Santa Fe;0;40;0;7500;2100000.0;567000.0;46725.0
Departamento;Narvarte;2;0;0;84;4550.0;1925.0;318.5
Conjunto Comercial/Sala;Santa Fe;0;1;0;34;2800.0;3962.0;
Departamento;Bosques de las Lomas;3;1;1;120;28000.0;6650.0;1522.5
Tienda/Salón;Condesa;0;0;0;115;35000.0;2450.0;
Conjunto Comercial/Sala;Centro Histórico;0;0;0;172;17500.0;9450.0;
Departamento;Narvarte;4;1;2;190;7000.0;4364.5;1235.5
Conjunto Comercial/Sala;Centro Histórico;0;0;0;190;44100.0;17587.5;3657.5
Departamento;Roma;2;1;1;68;14000.0;3045.0;700.0
Conjunto Comercial/Sala;Santa Fe;0;1;0;38;10780.0;4095.0;805.0
Departamento;Condesa;2;1;0;69;7000.0;2488.5;
Departamento;Casa Blanca;2;0;0;60;3150.0;87.5;
Conjunto Comercial/Sala;Centro Histórico;0;7;0;650;70000.0;75950.0;80500.0
Conjunto Comercial/Sala;Lomas de Chapultepec;0;4;0;217;182000.0;28997.5;10244.5
Tienda/Salón;San Juan Xalpa;0;0;0;14000;525000.0;;21000.0
Tienda/Salón;Coyoacán;0;1;0;45;13650.0;5197.5;1620.5
Loft;Lomas de Chapultepec;1;1;0;50;13650.0;7157.5;1078.0
Departamento;Lomas de Chapultepec;3;1;0;190;27965.0;14000.0;2450.0
Departamento;San Miguel Chapultepec;3;1;0;80;4550.0;2520.0;245.0
Departamento;Coyoacán;3;2;1;240;31150.0;5600.0;1400.0
Departamento;Coyoacán;4;3;2;240;36750.0;13300.0;3650.5
Departamento;Del Valle Centro;2;1;0;55;3500.0;1816.5;59.5
Departamento;Santa Fe;2;1;0;58;4550.0;2677.5;
Departamento;Condesa;2;1;0;65;8050.0;2369.5;
Departamento;Centro Histórico;1;0;0;35;3325.0;1190.0;84.0
Tienda/Salón;Condesa;0;1;0;340;87500.0;980.0;4200.0
Conjunto Comercial/Sala;Centro Histórico;0;0;0;72;7000.0;2380.0;
Departamento;Condesa;3;1;1;230;29750.0;11725.0;
Departamento;Santa Fe;2;2;1;78;8715.0;3850.0;560.0
Conjunto Comercial/Sala;Santa Fe;0;1;0;30;3850.0;3500.0;420.0
Galpón/Depósito/Almacén;Santa Fe;0;0;0;1100;490000.0;;
Conjunto Comercial/Sala;Centro Histórico;0;0;0;208;17500.0;9345.0;1855.0
Departamento;Juárez;2;0;0;71;7000.0;2537.5;364.0
Departamento;La Condesa;2;0;0;62;4550.0;1732.5;
Conjunto Comercial/Sala;Centro Histórico;0;0;0;200;18550.0;13426.0;16366.0
Cocineta;Condesa;1;0;0;38;5250.0;1505.0;
Departamento;San Rafael;2;1;1;73;6125.0;2502.5;357.0
Departamento;Santa Fe;4;2;2;165;20300.0;6860.0;31437.0
Conjunto Comercial/Sala;Santa Fe;0;1;0;36;5250.0;2450.0;455.0
Departamento;Lomas de Chapultepec;2;0;1;60;12250.0;4340.0;539.0
Conjunto Comercial/Sala;Centro Histórico;0;0;0;30;2975.0;2030.0;395.5
Departamento;Narvarte;3;0;0;75;5250.0;3069.5;126.0
Departamento;Narvarte;3;0;0;75;7700.0;2625.0;238.0
Departamento;Condesa;1;0;0;35;15750.0;;
Conjunto Comercial/Sala;Centro Histórico;0;0;0;26;3325.0;1841.0;294.0
Departamento;Coyoacán;3;1;1;157;73500.0;11550.0;2313.5
Departamento;Santa Fe;2;0;0;100;13300.0;5005.0;532.0
Tienda/Salón;Santa Fe;0;4;0;250;87500.0;;8778.0
Departamento;Coyoacán;3;2;1;100;19950.0;4634.0;1277.5
Departamento;Santa Fe;2;1;1;80;6125.0;4200.0;304.5
Departamento;Lomas de Chapultepec;3;1;1;178;42000.0;5351.5;1862.0
Tienda en Centro Comercial;Santa Fe;0;1;0;25;3500.0;2730.0;385.0
Departamento;Coyoacán;1;0;0;45;9450.0;2275.0;175.0
Departamento;Roma;3;1;1;102;19600.0;4515.0;896.0
Conjunto Comercial/Sala;Santa Fe;0;1;0;74;7000.0;6751.5;1218.0
Departamento;San Miguel Chapultepec;3;1;1;110;6300.0;2922.5;346.5
Conjunto Comercial/Sala;Santa Fe;0;1;0;130;10150.0;11270.0;3475.5
Departamento;Coyoacán;2;1;2;85;15750.0;4550.0;563.5
Departamento;Coyoacán;2;1;1;105;14000.0;6300.0;1246.0
Departamento;Lomas de Chapultepec;4;2;2;150;43715.0;8162.0;1960.0
Departamento;Santa Fe;2;1;1;69;8750.0;3395.0;
Departamento;Coyoacán;3;0;1;140;17776.5;4098.5;875.0
Casa;Arboledas;4;3;0;120;5250.0;;
Departamento;Condesa;1;1;1;42;6650.0;2275.0;
Conjunto Comercial/Sala;San Sebastián;0;0;0;90;6300.0;2334.5;175.0
Conjunto Comercial/Sala;Centro Histórico;0;0;0;30;2100.0;3150.0;280.0
Departamento;Coyoacán;3;1;2;130;29750.0;7770.0;1890.0
Departamento;Condesa;2;0;0;82;6650.0;2397.5;630.0
Conjunto Comercial/Sala;Santa Fe;0;1;0;21;4550.0;2079.0;3678.5
Conjunto Comercial/Sala;Condesa;0;0;0;460;157500.0;24500.0;6650.0
Departamento;Condesa;3;1;1;110;9100.0;3850.0;525.0
Departamento;San Ángel;3;1;1;130;11532.5;5110.0;945.0
Departamento;Condesa;4;1;1;215;70000.0;8050.0;2345.0
Departamento;Del Valle;2;0;0;80;8750.0;1260.0;297.5
Departamento;Santa Fe;1;1;0;70;5250.0;3885.0;10675.0
Conjunto Comercial/Sala;Centro Histórico;0;0;0;195;5250.0;9509.5;
Departamento;Polanco;2;0;0;80;6650.0;2800.0;483.0
Conjunto Comercial/Sala;Centro Histórico;0;0;0;600;157500.0;35700.0;8400.0
Departamento;Condesa;2;0;0;80;9100.0;1575.0;437.5
Conjunto Comercial/Sala;Santa Fe;0;1;0;36;4550.0;4375.0;
Conjunto Comercial/Sala;Centro Histórico;0;1;0;21;2450.0;1158.5;63.0
Departamento;Lomas de Chapultepec;3;2;2;200;56000.0;14700.0;2520.0
Departamento;Roma Norte;3;1;1;144;8746.5;350.0;437.5
Departamento;Villa de Guadalupe;1;1;0;36;3500.0;;
Departamento;Arboledas;2;1;1;50;3850.0;1806.0;
Departamento;Polanco;2;1;1;80;10150.0;3850.0;420.0
Conjunto Comercial/Sala;Santa Fe;0;1;0;35;4550.0;3300.5;1284.5
Departamento;Narvarte;3;2;0;74;8750.0;2747.5;325.5
Departamento;Narvarte;3;1;1;150;8750.0;4200.0;612.5
Departamento;Roma;2;1;1;100;19425.0;4515.0;1193.5
Conjunto Comercial/Sala;Centro Histórico;0;0;0;33;350.0;;350.0
Departamento;Bosques de las Lomas;3;1;1;120;14000.0;2625.0;1400.0
Departamento;Roma;3;2;1;157;15750.0;6825.0;1260.0
Departamento;Condesa;2;2;1;80;7350.0;4294.5;
Casa de Condominio;Lomas de Chapultepec;4;4;4;653;52500.0;12155.5;
Departamento;San Miguel Chapultepec;1;0;0;45;4200.0;1484.0;84.0
Conjunto Comercial/Sala;Roma;0;3;0;300;115500.0;29400.0;
Conjunto Comercial/Sala;Centro Histórico;0;0;0;205;52500.0;6825.0;3.5
Departamento;Condesa;2;0;0;58;6300.0;2362.5;444.5
Departamento;Napoles;1;0;0;70;8750.0;1841.0;
Casa;Villa de Guadalupe;3;3;1;130;13300.0;;
Departamento en Hotel;Bosques de las Lomas;1;1;0;57;15750.0;6597.5;875.0
Conjunto Comercial/Sala;Santa Fe;0;1;0;36;4550.0;2625.0;
Departamento;Tlalpan;3;1;1;100;15750.0;3850.0;910.0
Conjunto Comercial/Sala;Centro Histórico;0;0;0;35;2100.0;1120.0;196.0
Departamento;San Ángel;2;1;1;68;9800.0;2975.0;385.0
Departamento;Roma;1;0;0;42;5250.0;1025.5;301.0
Departamento;Narvarte;2;1;0;67;7000.0;2660.0;
Departamento;Roma;2;1;2;60;8750.0;3850.0;560.0
Departamento;Roma;3;1;0;110;20825.0;5061.0;1011.5
Conjunto Comercial/Sala;Coyoacán;0;0;0;60;42000.0;;
Tienda/Salón;Roma;0;5;0;511;220318.0;;
Cocineta;Centro Histórico;1;0;0;33;2800.0;1995.0;
Departamento;Santa Fe;2;1;2;93;12250.0;4725.0;
Departamento;Roma;2;1;2;136;16800.0;4200.0;
Departamento;Condesa;2;0;0;54;7700.0;2107.0;245.0
Departamento;Condesa;4;1;1;300;15750.0;7700.0;
Departamento;Santa Fe;5;2;2;540;35000.0;6300.0;6300.0
Departamento;San Ángel;1;0;0;50;105000.0;8750.0;17500.0
Departamento;Las Águilas;2;1;0;55;2800.0;1295.0;56.0
Conjunto Comercial/Sala;Centro Histórico;0;0;0;500;47250.0;33075.0;9450.0
Departamento;Santa Fe;5;3;3;450;28000.0;9100.0;4375.0
Departamento;La Condesa;1;0;0;50;4550.0;2240.0;199.5
Conjunto Comercial/Sala;Centro Histórico;0;0;0;200;24500.0;22729.0;1746.5
Edificio Completo;Coyoacán;0;0;0;380;77000.0;;
Departamento;Santa Fe;2;1;0;90;10500.0;5565.0;892.5
Departamento;Roma;2;1;2;85;16275.0;4581.5;707.0
Cocineta;Centro Histórico;1;0;0;35;2450.0;1092.0;98.0
Departamento;Coyoacán;1;0;0;65;14000.0;1750.0;525.0
Departamento;Del Valle;2;0;1;48;3850.0;700.0;
Casa;Santa Fe;6;3;4;273;77000.0;8050.0;87500.0
Departamento;Polanco;3;1;1;130;20300.0;6055.0;875.0
Departamento;Santa Fe;2;1;1;98;7875.0;5215.0;822.5
Departamento;Santa Fe;4;3;4;256;29750.0;10150.0;
Conjunto Comercial/Sala;Centro Histórico;0;0;0;200;24500.0;24237.5;1746.5
Conjunto Comercial/Sala;Villa de Guadalupe;0;1;0;20;3500.0;1155.0;
Departamento;Narvarte;1;1;0;47;3850.0;2100.0;
Casa;Los Alpes;3;0;3;350;22750.0;6650.0;35000.0
Conjunto Comercial/Sala;Centro Histórico;0;0;0;145;18200.0;9625.0;
Casa;San Ángel;6;5;6;800;105000.0;5250.0;630.0
Departamento;Lomas de Chapultepec;2;1;1;92;15750.0;4200.0;1074.5
Departamento;Narvarte;3;1;0;100;5950.0;2940.0;385.0
Departamento;La Condesa;1;0;0;60;5250.0;2712.5;
Departamento;San Ángel;2;1;0;75;11550.0;1750.0;3899.0
Conjunto Comercial/Sala;Centro Histórico;0;1;0;536;169036.0;52034.5;6863.5
Conjunto Comercial/Sala;Villa de Guadalupe;0;1;0;23;2800.0;2156.0;185.5
Departamento;Bosques de las Lomas;1;1;0;50;8050.0;5040.0;1578.5
Tienda/Salón;San Miguel Chapultepec;0;0;0;100;11550.0;;
Departamento;San Pedro de los Pinos;1;1;0;62;7700.0;2782.5;455.0
Departamento;San José Insurgentes;2;1;0;71;2135.0;2065.0;
Departamento;Narvarte;1;0;0;80;6650.0;1925.0;178.5
Departamento;Peralvillo;2;1;1;65;5250.0;1540.0;122.5
Departamento;Condesa;2;0;0;65;5250.0;;371.0
Conjunto Comercial/Sala;Coyoacán;0;1;0;115;35000.0;15400.0;4165.0
Conjunto Comercial/Sala;Polanco;0;1;0;25;5250.0;3692.5;647.5
Departamento;Narvarte;2;1;1;78;8400.0;3150.0;462.0
Conjunto Comercial/Sala;Juárez;0;0;0;30;4900.0;1890.0;280.0
Departamento;Iztacalco;1;0;0;55;2450.0;700.0;
Departamento;Condesa;4;2;3;350;35000.0;6300.0;
Departamento;Coyoacán;3;1;1;130;18550.0;4375.0;1400.0
Cocineta;Juárez;1;0;0;20;4165.0;1575.0;77.0
Departamento;Santa Fe;2;1;1;69;8050.0;3360.0;
Departamento;Nativitas;2;0;0;50;2625.0;;
Departamento;Narvarte;3;1;0;90;8225.0;2614.5;
Departamento;Lomas de Chapultepec;3;1;1;100;22400.0;7350.0;1575.0
Departamento;Santa Fe;2;2;1;105;21000.0;8575.0;9450.0
Casa;Barrio Bravo;2;1;0;80;3850.0;;42.0
Departamento;Condesa;1;0;0;35;5250.0;2450.0;
Conjunto Comercial/Sala;Centro Histórico;0;0;0;33;3150.0;1627.5;420.0
Departamento;Condesa;1;0;0;55;3850.0;1960.0;199.5
Conjunto Comercial/Sala;Centro Histórico;0;0;0;21;2800.0;1753.5;329.0
Departamento;Del Valle;1;0;0;27;3850.0;2380.0;101.5
Conjunto Comercial/Sala;Centro Histórico;0;0;0;29;2275.0;;
Departamento;San Rafael;2;0;0;55;4550.0;;59.5
Tienda/Salón;Roma;0;0;0;15;6300.0;6300.0;1050.0
Departamento;Santa Fe;5;4;5;384;38500.0;18438.0;3934.0
Tienda/Salón;Roma;0;1;0;300;52500.0;;
Departamento;Coyoacán;3;2;1;150;24500.0;7700.0;1354.5
Tienda/Salón;Centro Histórico;0;0;0;53;28000.0;3325.0;3780.0
Conjunto Comercial/Sala;Santa Fe;0;1;0;36;4550.0;1855.0;448.0
Departamento;Coyoacán;3;2;1;160;24150.0;8788.5;
Departamento;San Miguel Chapultepec;2;1;0;62;3850.0;2159.5;73.5
Cocineta;Condesa;1;0;0;40;5250.0;1589.0;259.0
Conjunto Comercial/Sala;Centro Histórico;0;0;0;670;133000.0;22788.5;
Departamento;Coyoacán;3;2;1;160;38500.0;10500.0;
Conjunto Comercial/Sala;Santa Fe;0;1;0;22;1750.0;2730.0;392.0
Departamento;Condesa;2;0;2;88;12250.0;2870.0;612.5
Departamento;Santa Fe;4;3;4;251;52500.0;10500.0;1830.5
Departamento;Roma;2;1;1;64;11725.0;3220.0;525.0
Cocineta;Roma;1;0;0;20;3430.0;1750.0;101.5
Conjunto Comercial/Sala;Centro Histórico;0;0;0;840;56000.0;17500.0;
Departamento;Condesa;3;1;1;182;29750.0;4536.0;1190.0
Departamento;Condesa;2;0;0;63;7700.0;1582.0;448.0
Departamento;Santa Fe;2;1;1;72;5600.0;2730.0;49.0
Departamento;Coyoacán;3;3;2;270;63000.0;10500.0;3920.0
Cocineta;Centro Histórico;1;0;0;36;3150.0;1137.5;
Departamento;Coyoacán;3;1;0;90;12250.0;2975.0;525.0
Departamento;Coyoacán;2;1;1;66;13650.0;2674.0;294.0
Conjunto Comercial/Sala;Centro Histórico;0;0;0;25;3150.0;1753.5;
Departamento;La Condesa;1;0;0;50;3325.0;1995.0;234.5
Cocineta;Condesa;1;0;1;32;7000.0;1421.0;196.0
Conjunto Comercial/Sala;Centro Histórico;0;0;0;28;3150.0;1645.0;
Departamento;Santa Fe;4;3;2;290;31500.0;12950.0;2100.0
Departamento;Coyoacán;3;1;1;140;25200.0;10150.0;30212.0
Tienda/Salón;Centro Histórico;0;1;0;494;207830.0;47981.5;6331.5
Departamento;Coyoacán;3;1;0;100;11200.0;4725.0;822.5
Departamento;Condesa;2;1;0;70;12250.0;6300.0;595.0
Departamento;Roma;1;0;0;56;6650.0;2380.0;
Departamento;Coyoacán;2;1;1;100;45500.0;12897.5;1547.0
Loft;Bosques de las Lomas;1;1;1;78;8750.0;3524.5;1725.5
Casa Comercial;Polanco;0;0;0;121;28000.0;;5001.5
Departamento;Centro Histórico;1;1;0;42;5250.0;1715.0;77.0
Casa de Condominio;Lomas de Chapultepec;5;0;5;900;105000.0;5250.0;
Departamento;Mixcoac;2;1;0;48;3325.0;1718.5;126.0
Departamento;Bosques de las Lomas;3;2;0;110;14000.0;5705.0;1337.0
Departamento;Narvarte;3;1;1;90;7000.0;3104.5;430.5
Departamento;Ciudad de los Deportes;1;1;0;45;2275.0;1295.0;490.0
Departamento;Las Águilas;3;1;1;70;5250.0;2369.5;140.0
Departamento;Nativitas;3;1;0;60;4375.0;1715.0;
Conjunto Comercial/Sala;Santa Fe;0;5;0;150;35000.0;12250.0;6300.0
Departamento;Roma;3;1;3;108;21000.0;5845.0;1015.0
Departamento;Santa Fe;3;2;1;109;10850.0;6664.0;717.5
Departamento;Santa Fe;1;1;0;61;5250.0;3181.5;
Departamento;Santa Fe;2;1;0;52;3850.0;2170.0;
Departamento;Del Valle;1;0;1;37;3150.0;1078.0;
Conjunto Comercial/Sala;Roma;0;3;0;190;40250.0;18501.0;3692.5
Tienda/Salón;Santa Fe;0;1;0;160;10500.0;11245.5;8718.5
Conjunto Comercial/Sala;Santa Fe;0;1;0;45;2800.0;5075.0;875.0
Departamento;Narvarte;2;1;0;90;7000.0;2450.0;262.5
Departamento;Santa Fe;2;1;1;100;8750.0;5243.0;1186.5
Departamento;San Pedro de los Pinos;2;1;1;74;10500.0;4511.5;38.5
Tienda/Salón;Tepalcatlalpan;0;0;0;40;2975.0;;
Conjunto Comercial/Sala;Santa Fe;0;1;0;23;3500.0;2506.0;
Conjunto Comercial/Sala;Centro Histórico;0;0;0;135;8970.5;3899.0;1918.0
Departamento;Santa Fe;2;1;1;73;7000.0;3615.5;350.0
Departamento;Centro Histórico;1;0;0;34;3500.0;1575.0;73.5
Conjunto Comercial/Sala;Centro Histórico;0;1;0;235;19250.0;6650.0;1960.0
Conjunto Comercial/Sala;Casa Blanca;0;4;0;112;8050.0;8424.5;7280.0
Tienda en Centro Comercial;Santa Fe;0;0;0;30;1750.0;8400.0;3150.0
Departamento;Lomas de Chapultepec;2;2;1;160;28000.0;8925.0;1998.5
Departamento;Narvarte;3;0;1;100;6300.0;2975.0;455.0
Departamento;Roma;2;1;1;104;20300.0;4725.0;934.5
Departamento;Del Valle;3;2;1;120;12250.0;3430.0;
Departamento;Narvarte;3;1;1;96;6825.0;1750.0;325.5
Casa de Condominio;Santa Fe;3;0;3;680;52500.0;4025.0;2800.0
Casa;Las Águilas;9;8;4;870;52500.0;2695.0;1680.0
Departamento;Santa Fe;2;1;1;70;4900.0;2541.0;49.0
Conjunto Comercial/Sala;Centro Histórico;0;0;0;30;2450.0;2380.0;290.5
Departamento;Villa de Guadalupe;3;1;0;60;4550.0;2345.0;273.0
Tienda/Salón;Santa Fe;0;1;0;450;157500.0;4966.5;16359.0
Casa;Tlalpan;4;0;4;491;69650.0;;21000.0
Departamento;Peralvillo;3;1;1;76;5075.0;2282.0;2597.0
Departamento;Arboledas;2;1;1;80;4725.0;822.5;472.5
Departamento;Narvarte;1;0;0;35;2800.0;1470.0;
Departamento;Santa Fe;1;1;1;66;8750.0;4886.0;493.5
Tienda/Salón;Santa Fe;0;1;0;43;11900.0;1907.5;
Conjunto Comercial/Sala;Centro Histórico;0;0;0;80;5775.0;3010.0;1032.5
Tienda/Salón;Centro Histórico;0;0;0;25;1750.0;1925.0;315.0
Conjunto Comercial/Sala;Centro Histórico;0;0;0;341;54250.0;25893.0;7514.5
Departamento;Condesa;2;1;1;180;23800.0;5600.0;1067.5
Departamento;Coyoacán;4;2;0;300;105000.0;;
Departamento;Lomas de Chapultepec;4;1;1;160;49000.0;8750.0;1855.0
Tienda/Salón;Narvarte;0;0;0;62;24500.0;3556.0;2037.0
Departamento en Hotel;Condesa;1;1;0;60;7000.0;5635.0;693.0
Conjunto Comercial/Sala;Centro Histórico;0;0;0;27;1575.0;2800.0;413.0
Departamento;Narvarte;3;0;0;105;7700.0;1792.0;448.0
Departamento;Santa Fe;3;1;2;250;22750.0;4532.5;
Departamento;Condesa;3;1;0;131;17500.0;6601.0;2719.5
Conjunto Comercial/Sala;Centro Histórico;0;0;0;100;6300.0;3360.0;1207.5
Conjunto Comercial/Sala;Santa Fe;0;1;0;30;3010.0;2107.0;871.5
Conjunto Comercial/Sala;Santa Fe;0;1;0;30;6300.0;2625.0;
Departamento;Peralvillo;2;1;0;71;4900.0;2408.0;
Tienda/Salón;Centro Histórico;0;0;0;565;187862.5;49437.5;
Tienda en Centro Comercial;Roma;0;0;0;30;6300.0;1400.0;
Tienda/Salón;Santa Fe;0;1;0;44;4550.0;2415.0;
Departamento;Santa Fe;4;2;2;160;14000.0;6265.0;2415.0
Departamento;Del Valle;3;1;0;130;9275.0;3535.0;749.0
Departamento;Arboledas;2;0;0;65;3325.0;1680.0;
Departamento;Napoles;1;0;0;32;5600.0;1960.0;350.0
Casa de Condominio;Santa Fe;6;5;0;906;77000.0;10150.0;8816.5
Conjunto Comercial/Sala;Santa Fe;0;1;0;27;3150.0;2660.0;420.0
Departamento;Condesa;3;1;1;100;31500.0;3150.0;770.0
Departamento;Santa Fe;5;3;5;340;45500.0;11200.0;
Conjunto Comercial/Sala;Centro Histórico;0;1;0;403;127060.5;39112.5;5162.5
Departamento;Nativitas;2;1;1;50;3500.0;1547.0;
Departamento;San Ángel;3;1;1;85;12950.0;3024.0;637.0
Departamento en Hotel;Coyoacán;2;1;1;90;35000.0;14000.0;2037.0
Conjunto Comercial/Sala;Centro Histórico;0;0;0;75;14700.0;5481.0;868.0
Galpón/Depósito/Almacén;Nativitas;0;0;0;700;42000.0;;
Galpón/Depósito/Almacén;San Juan Xalpa;0;0;0;5000;73500.0;;17850.0
Tienda en Centro Comercial;Condesa;0;0;0;22;5005.0;2065.0;385.0
Departamento;Álvaro Obregón;2;1;0;50;2625.0;1610.0;
Conjunto Comercial/Sala;Centro Histórico;0;0;0;28;1925.0;1263.5;413.0
Departamento;Lomas de Chapultepec;3;2;1;150;24500.0;6650.0;1400.0
Departamento;Centro Histórico;1;0;0;45;3850.0;1400.0;
Cocineta;Del Valle;1;0;0;24;3500.0;1596.0;101.5
Departamento;Villa de Cortés;2;0;0;55;4200.0;1400.0;45.5
Cocineta;Centro Histórico;0;0;0;32;1400.0;3500.0;511.0
Tienda en Centro Comercial;Santa Fe;0;1;0;80;10500.0;2569.0;3990.0
Departamento;Condesa;2;0;1;80;8400.0;2450.0;539.0
Departamento;Roma;1;0;0;30;4550.0;1956.5;
Departamento;Condesa;2;1;0;48;6300.0;2114.0;266.0
Departamento;Villa de Guadalupe;2;1;0;55;2800.0;1225.0;56.0
Departamento;Santa Fe;2;2;1;74;7700.0;3671.5;773.5
Conjunto Comercial/Sala;Villa de Guadalupe;0;1;0;17;3325.0;1015.0;
Departamento;Roma;2;1;0;61;10500.0;2135.0;360.5
Casa de Condominio;Santa Fe;6;6;6;900;42000.0;7000.0;63000.0
Galpón/Depósito/Almacén;Centro Histórico;0;0;0;3000;630000.0;;2800.0
Casa de Vecindad;Polanco;1;0;0;35;8750.0;1295.0;94.5
Tienda/Salón;Condesa;0;0;0;486;66500.0;;8848.0
Conjunto Comercial/Sala;San Pedro de los Pinos;0;5;0;478;217490.0;;
Casa;Zacatenco;2;1;0;50;4550.0;;3.5
Departamento;Coyoacán;4;6;4;700;227500.0;31010.0;2096.5
Conjunto Comercial/Sala;Santa Fe;0;0;0;129;25200.0;5600.0;2957.5
Departamento;Condesa;2;1;1;100;12250.0;2625.0;525.0
Tienda/Salón;La Condesa;1;0;0;37;8050.0;605.5;
Departamento;Coyoacán;3;0;1;138;26250.0;6720.0;10979.5
Tienda/Salón;Centro Histórico;0;0;0;370;21000.0;;2698.5
Departamento;Condesa;2;0;0;85;10500.0;3458.0;371.0
Cocineta;Centro Histórico;1;0;0;30;2800.0;1365.0;
Conjunto Comercial/Sala;Santa Fe;0;1;0;45;7000.0;3325.0;623.0
Departamento;Condesa;3;0;0;130;19250.0;2625.0;525.0
Departamento;Santa Fe;3;2;1;196;42000.0;5950.0;7997.5
Departamento;San Miguel Chapultepec;1;1;0;54;5950.0;2100.0;245.0
Departamento;Bosques de las Lomas;4;4;4;400;71750.0;14525.0;
Departamento;Del Valle;2;0;0;59;8750.0;2548.0;332.5
Departamento;Condesa;1;0;0;38;4550.0;2142.0;84.0
Terreno Estándar;San Juan Xalpa;0;0;0;13500;164500.0;;15445.5
Departamento;Del Valle;2;0;0;87;10150.0;2625.0;455.0
Departamento;Villa de Cortés;1;0;0;37;2800.0;749.0;49.0
Conjunto Comercial/Sala;Centro Histórico;0;0;0;33;1750.0;1970.5;
Cocineta;San Pedro de los Pinos;1;0;0;21;1925.0;700.0;
Departamento;Lomas de Chapultepec;2;1;0;74;12250.0;5600.0;630.0
Departamento;Condesa;3;1;0;140;12950.0;4984.0;1151.5
Departamento;Condesa;3;1;1;280;19250.0;4791.5;868.0
Departamento;Coyoacán;4;3;4;400;87500.0;14000.0;3500.0
Galpón/Depósito/Almacén;Roma Sur;1;0;0;2100;52500.0;;73500.0
Departamento;Santa Fe;2;1;1;80;7700.0;3955.0;262.5
Departamento;Narvarte;2;0;0;73;4900.0;1718.5;
Conjunto Comercial/Sala;Centro Histórico;0;0;0;80;4200.0;3069.5;864.5
Casa;Roma Sur;3;0;0;180;3150.0;;
Galpón/Depósito/Almacén;Santa María Aztahuacán;0;15;0;1640;87500.0;3.5;
Departamento;Santa Fe;3;2;3;105;10850.0;5250.0;945.0
Conjunto Comercial/Sala;Coyoacán;0;0;0;25;9450.0;1774.5;665.0
Departamento en Hotel;Coyoacán;2;2;0;79;28000.0;9100.0;1148.0
Departamento;Vallejo;2;0;0;65;3850.0;175.0;
Conjunto Comercial/Sala;Centro Histórico;0;0;0;27;1680.0;1008.0;465.5
Conjunto Comercial/Sala;Centro Histórico;0;0;0;123;12250.0;5600.0;1907.5
Tienda/Salón;Coyoacán;0;0;0;20;8750.0;2800.0;693.0
Departamento;Santa Fe;4;3;2;230;21700.0;9625.0;2415.0
Departamento;Juárez;2;0;0;83;8050.0;2380.0;518.0
Conjunto Comercial/Sala;Condesa;0;0;0;30;4025.0;1487.5;777.0
Conjunto Comercial/Sala;Centro Histórico;0;0;0;79;7000.0;2677.5;175.0
Galpón/Depósito/Almacén;Doctores;0;5;0;700;77000.0;;1435.0
Tienda/Salón;Santa Fe;0;1;0;80;31500.0;4900.0;5600.0
Departamento;San Pedro de los Pinos;2;0;0;72;7000.0;2170.0;479.5
Departamento;Coyoacán;3;2;2;164;98000.0;9800.0;1680.0
Conjunto Comercial/Sala;Coyoacán;0;1;0;34;10500.0;2919.0;1410.5
Galpón/Depósito/Almacén;Villa de Cortés;0;50;0;6100;175000.0;;25550.0
Departamento;Santa Fe;2;1;1;101;8750.0;8050.0;
Departamento;Narvarte;2;0;0;79;6300.0;1330.0;
Departamento;Coyoacán;3;1;1;95;15750.0;4130.0;924.0
Departamento;Coyoacán;3;1;1;150;28000.0;7175.0;1533.0
Departamento;Santa Fe;2;1;1;96;7000.0;5110.0;973.0
Departamento;Condesa;3;1;1;143;13615.0;6898.5;903.0
Departamento;Peralvillo;3;1;1;90;3500.0;2800.0;420.0
Tienda/Salón;Tepalcatlalpan;0;0;0;1000;42000.0;;
Departamento;Roma;3;0;0;83;9800.0;1029.0;385.0
Departamento;Santa Fe;2;1;0;62;5250.0;2450.0;350.0
Departamento;Santa Fe;2;1;1;90;10500.0;6461.0;1533.0
Departamento;Ciudad de los Deportes;2;0;0;48;3325.0;560.0;42.0
Tienda/Salón;Santa Fe;0;2;0;150;38500.0;;6251.0
Departamento;Santa Fe;3;2;1;167;15750.0;7630.0;577.5
Departamento;Lomas de Chapultepec;4;2;2;180;38500.0;10150.0;2586.5
Departamento;Condesa;2;0;0;57;7700.0;2660.0;269.5
Conjunto Comercial/Sala;Condesa;0;0;0;24;3500.0;1680.0;2975.0
Departamento;Coyoacán;3;2;0;95;17500.0;4200.0;707.0
Departamento;Condesa;1;0;0;40;7175.0;2047.5;
Departamento;Santa Fe;1;1;0;70;10500.0;5775.0;
Edificio Completo;Roma;0;8;0;465;114800.0;;12404.0
Departamento;Narvarte;2;1;0;71;6125.0;1890.0;290.5
Departamento;Coyoacán;2;0;1;90;12600.0;2275.0;525.0
Departamento;La Loma;1;0;0;32;3850.0;1330.0;
Departamento;Condesa;1;0;0;27;5600.0;1032.5;105.0
Departamento;San Miguel Chapultepec;3;1;1;89;7350.0;2625.0;
Departamento;Condesa;4;1;2;241;22050.0;8890.0;2142.0
Departamento;Condesa;3;0;0;119;8750.0;3990.0;
Departamento;Narvarte;3;1;1;80;6125.0;2975.0;437.5
Departamento;Santa Fe;3;2;3;156;19250.0;7700.0;1592.5
Departamento en Hotel;Coyoacán;1;1;0;90;24500.0;8750.0;1400.0
Departamento;Nativitas;2;1;1;80;5075.0;700.0;
Departamento;Coyoacán;3;1;1;130;15750.0;4305.0;1172.5
Departamento;Santa Fe;4;3;4;340;38500.0;15428.0;
Conjunto Comercial/Sala;Centro Histórico;0;0;0;41;2450.0;2047.5;619.5
Departamento;Santa Fe;3;1;1;110;12250.0;4550.0;
Cocineta;Centro Histórico;1;0;0;31;3500.0;1627.5;371.0
Casa de Condominio;Santa Fe;7;8;7;913;105000.0;10087.0;
Departamento;Santa Fe;5;4;5;368;45500.0;12250.0;35000.0
Departamento;Lomas de Chapultepec;3;1;1;120;21000.0;5950.0;1260.0
Departamento;San Ángel;2;0;0;63;7350.0;3223.5;353.5
Departamento;Narvarte;3;1;1;85;8050.0;1991.5;
Departamento;Santa Fe;4;5;4;630;42000.0;21948.5;5750.5
Departamento;Lomas de Chapultepec;1;1;1;105;19250.0;9800.0;1575.0
Departamento;Condesa;2;0;0;65;9100.0;2695.0;318.5
Conjunto Comercial/Sala;Centro Histórico;0;0;0;245;70000.0;29995.0;6321.0
Departamento;Santa Fe;1;1;0;70;7000.0;3955.0;
Departamento en Hotel;La Loma;1;1;0;29;7000.0;2800.0;87.5
Tienda/Salón;San Pedro de los Pinos;0;0;0;45;11200.0;;
Departamento;Condesa;1;0;0;63;6300.0;2649.5;308.0
Conjunto Comercial/Sala;Centro Histórico;0;0;0;20;4392.5;;
Departamento;Lomas de Chapultepec;3;1;1;110;20650.0;4200.0;1680.0
Departamento;Condesa;3;1;0;100;9450.0;3776.5;451.5
Departamento;La Condesa;2;0;0;110;5250.0;4900.0;700.0
Departamento;Napoles;3;1;1;220;32200.0;5950.0;6475.0
Departamento;Condesa;1;0;0;28;4900.0;1470.0;192.5
Departamento;Santa Fe;1;1;1;50;12250.0;3500.0;700.0
Conjunto Comercial/Sala;Centro Histórico;0;0;0;23;1925.0;1050.0;245.0
Departamento;Lomas de Chapultepec;4;3;1;168;45150.0;7875.0;
Departamento;Condesa;3;0;0;110;9450.0;3500.0;87.5
Conjunto Comercial/Sala;Santa Fe;0;1;0;98;10500.0;3052.0;
Conjunto Comercial/Sala;Centro Histórico;0;0;0;33;3150.0;1533.0;402.5
Departamento;Roma;3;1;1;101;19600.0;4515.0;1197.0
Departamento;San Juan Xalpa;1;0;1;45;2975.0;805.0;
Conjunto Comercial/Sala;Coyoacán;0;4;0;323;157468.5;20723.5;62818.0
Departamento;Narvarte;3;0;0;85;5600.0;1802.5;
Casa de Condominio;San Gregorio Atlapulco;2;1;0;60;3150.0;1050.0;
Tienda/Salón;Santa Fe;0;1;0;58;28000.0;4882.5;5425.0
Conjunto Comercial/Sala;Centro Histórico;0;0;0;40;3500.0;3500.0;525.0
Departamento;Lomas de Chapultepec;3;1;1;150;17500.0;3500.0;1400.0
Departamento;Condesa;2;1;1;89;35000.0;11200.0;
Departamento;Nativitas;2;1;0;50;3150.0;1610.0;
Departamento;Santa Fe;3;3;1;127;21000.0;7350.0;22687.0
Departamento;Bosques de las Lomas;3;3;0;280;31500.0;5950.0;
Tienda/Salón;Santa Fe;0;2;0;324;87500.0;26295.5;
Departamento;Condesa;3;0;0;130;10500.0;4200.0;812.0
Departamento;Condesa;2;0;0;80;7700.0;3283.0;343.0
Conjunto Comercial/Sala;Lomas de Chapultepec;0;2;0;165;122500.0;26677.0;7616.0
Conjunto Comercial/Sala;Santa Fe;0;1;0;26;3640.0;1981.0;
Departamento;Condesa;3;1;0;110;10150.0;4777.5;560.0
Conjunto Comercial/Sala;Centro Histórico;0;0;0;460;35000.0;9800.0;6324.5
Conjunto Comercial/Sala;Casa Blanca;0;1;0;23;2100.0;1680.0;
Departamento;Coyoacán;3;1;1;180;22750.0;5320.0;1505.0
Departamento;Condesa;3;0;0;83;5950.0;2114.0;
Tienda/Salón;Centro Histórico;0;0;0;115;13650.0;;511.0
Casa de Condominio;Santa Fe;5;6;4;1000;112000.0;10500.0;5950.0
Conjunto Comercial/Sala;Tlalnepantla;0;0;0;341;54250.0;26040.0;7049.0
Conjunto Comercial/Sala;Centro Histórico;0;0;0;68;4200.0;1078.0;381.5
Conjunto Comercial/Sala;Centro Histórico;0;0;0;212;26250.0;16100.0;4410.0
Conjunto Comercial/Sala;Santa Fe;0;1;0;27;3500.0;25627.0;392.0
Tienda/Salón;Condesa;0;0;0;79;12250.0;7000.0;2464.0
Conjunto Comercial/Sala;Santa Fe;0;1;0;83;15750.0;6475.0;3150.0
Departamento;Lomas de Chapultepec;2;0;1;60;11200.0;2758.0;490.0
Departamento;Condesa;4;1;4;250;31500.0;8750.0;21000.0
Departamento;Coyoacán;5;1;2;242;52500.0;8400.0;4480.0
Tienda/Salón;Santa Fe;0;1;0;71;14000.0;8050.0;1855.0
Conjunto Comercial/Sala;Centro Histórico;0;0;0;212;27454.0;15750.0;3930.5
Cochera/Estacionamiento;Centro Histórico;0;1;0;0;2100.0;;294.0
Conjunto Comercial/Sala;Santa Fe;0;1;0;33;4550.0;2555.0;
Departamento;Coyoacán;1;0;0;40;8750.0;2278.5;189.0
Departamento;Roma;2;1;1;105;20300.0;4735.5;983.5
Cocineta;Condesa;1;0;0;10;2800.0;;210.0
Cocineta;Roma Norte;0;0;0;34;2765.0;840.0;
Cocineta;Condesa;1;0;1;29;5250.0;1897.0;84.0
Conjunto Comercial/Sala;Santa Fe;0;2;0;81;15400.0;11063.5;22914.5
Departamento;Chapultepec;2;1;0;55;4725.0;1505.0;
Departamento;Tlalpan;3;2;1;168;21000.0;7602.0;1606.5
Conjunto Comercial/Sala;Santa Fe;0;1;0;27;3500.0;1750.0;
Casa de Condominio;Santa Fe;7;5;6;850;70000.0;8190.0;52500.0
Casa de Condominio;Santa Fe;5;0;2;600;35000.0;2800.0;3500.0
Conjunto Comercial/Sala;Centro Histórico;0;0;0;2809;665000.0;262500.0;
Departamento;Villa Coapa;2;1;0;50;2800.0;955.5;
Galpón/Depósito/Almacén;Santa Marta Acatitla;0;0;0;25000;1071000.0;;
Conjunto Comercial/Sala;Centro Histórico;0;0;0;2465;420000.0;38.5;14.0
Edificio Completo;Centro Histórico;0;0;0;39;4375.0;;304.5
Conjunto Comercial/Sala;Villa de Cortés;0;1;0;283;67266.5;21766.5;1743.0
Conjunto Comercial/Sala;Santa Fe;0;3;0;107;15750.0;8284.5;1424.5
Cocineta;Condesa;1;0;0;34;4900.0;1764.0;
Departamento;La Condesa;1;0;1;45;4200.0;1802.5;
Departamento;Roma;2;1;1;84;16275.0;3990.0;780.5
Departamento;Juárez;2;1;0;71;7700.0;2537.5;381.5
Conjunto Comercial/Sala;Iztacalco;0;0;0;21;1925.0;1309.0;122.5
Departamento;Santa Fe;3;0;2;180;28000.0;5950.0;
Departamento;Tlalpan;3;2;1;170;21000.0;7602.0;1603.0
Casa de Condominio;Santa Fe;5;4;5;805;70000.0;5950.0;49000.0
Departamento;Condesa;2;0;0;70;7350.0;3192.0;546.0
Tienda/Salón;Centro Histórico;0;0;0;30;2625.0;1050.0;245.0
Departamento;Lomas de Chapultepec;3;2;1;140;35000.0;6125.0;1960.0
Conjunto Comercial/Sala;Santa Fe;0;1;0;20;2100.0;2275.0;280.0
Departamento;Santa Fe;2;1;1;95;8400.0;4200.0;
Departamento;Santa Fe;2;1;1;62;6650.0;4284.0;
Departamento;Narvarte;3;1;0;85;7700.0;2975.0;322.0
Edificio Completo;Centro Histórico;0;0;0;180;26250.0;;
Departamento;Santa Fe;2;1;1;70;9800.0;2450.0;4200.0
Departamento;Santa Fe;3;2;1;200;19250.0;6650.0;805.0
Departamento;Roma Norte;2;1;0;60;4550.0;2450.0;52.5
Departamento;Ciudad de los Deportes;2;0;1;62;3850.0;1540.0;
Departamento;Roma;2;1;0;70;8400.0;2842.0;549.5
Departamento;Santa Fe;2;2;1;82;10500.0;5600.0;805.0
Departamento;La Condesa;1;0;1;40;4025.0;1820.0;
Departamento;Santa Fe;2;1;0;52;7700.0;1708.0;
Departamento;Lomas de Chapultepec;4;3;3;324;49000.0;15750.0;2737.0
Departamento;Coyoacán;2;2;2;220;56000.0;6300.0;4550.0
Departamento;Santa Fe;2;3;1;100;21000.0;11200.0;1575.0
Departamento;Coyoacán;3;1;1;140;28000.0;9226.0;486.5
Departamento;Santa Fe;3;1;1;220;21000.0;7000.0;3150.0
Conjunto Comercial/Sala;Centro Histórico;0;0;0;822;192500.0;58429.0;7654.5
Departamento;Juárez;1;0;0;65;6300.0;1480.5;
Conjunto Comercial/Sala;Santa Fe;0;2;0;120;38500.0;6300.0;2100.0
Departamento;Santa Fe;4;3;4;292;35000.0;13300.0;28000.0
Departamento;Coyoacán;2;1;1;100;27580.0;16446.5;
Conjunto Comercial/Sala;Centro Histórico;0;0;0;168;26460.0;11760.0;2940.0
Departamento;Santa Fe;4;3;4;267;29750.0;8480.5;1995.0
Conjunto Comercial/Sala;Polanco;0;5;0;411;157500.0;76650.0;
Departamento;San Miguel Chapultepec;3;2;1;100;4900.0;2625.0;357.0
Conjunto Comercial/Sala;Centro Histórico;100;80;0;3600;1263500.0;;
Conjunto Comercial/Sala;Santa Fe;0;1;0;22;2800.0;2100.0;385.0
Tienda en Centro Comercial;Loma Bonita;1;0;0;53;8750.0;;
Departamento;San Ángel;2;1;1;75;8750.0;4329.5;6608.0
Departamento;Roma;1;0;0;45;7000.0;1680.0;70.0
Departamento;Santa Fe;2;1;1;80;7700.0;4200.0;8750.0
Tienda/Salón;Condesa;0;7;0;400;105000.0;2800.0;
Conjunto Comercial/Sala;Centro Histórico;0;0;0;68;4200.0;3955.0;584.5
Departamento;Roma;3;1;1;110;19250.0;4375.0;700.0
Departamento;Coyoacán;2;1;0;65;11900.0;3325.0;315.0
Casa;Santa Fe;4;4;4;450;31500.0;3930.5;
Conjunto Comercial/Sala;Centro Histórico;0;0;0;562;87500.0;12918.5;1141.0
Departamento;Ciudad de los Deportes;2;1;0;50;2625.0;910.0;45.5
Casa;Santa Fe;5;3;4;800;26250.0;7350.0;
Departamento;Roma Norte;2;1;0;88;4200.0;2320.5;
Departamento;Bosques de las Lomas;2;1;1;108;16800.0;4168.5;12036.5
Departamento;Lomas de Chapultepec;3;2;3;150;35000.0;5950.0;1225.0
Departamento;Lomas de Chapultepec;5;2;2;300;66500.0;11788.0;5838.0
Conjunto Comercial/Sala;Santa Fe;0;0;0;200;28000.0;4550.0;8750.0
Tienda en Centro Comercial;Santa Fe;0;1;0;84;5250.0;4147.5;5985.0
Departamento;Condesa;4;1;1;260;24500.0;7700.0;15050.0
Cocineta;Centro Histórico;1;0;0;27;2975.0;500.5;84.0
Casa de Vecindad;Del Valle Centro;1;0;0;30;2975.0;;
Departamento;Coyoacán;1;0;0;38;7000.0;1732.5;
Casa de Condominio;Santa Fe;5;2;0;358;35000.0;8165.5;34650.0
Conjunto Comercial/Sala;Santa Fe;0;1;0;30;4550.0;3160.5;595.0
Conjunto Comercial/Sala;Centro Histórico;0;0;0;31;2275.0;1295.0;434.0
Departamento;Santa Fe;1;1;1;52;7700.0;8050.0;1141.0
Departamento;Condesa;2;0;0;67;7000.0;1879.5;353.5
Departamento;Bosques de las Lomas;3;1;1;130;19250.0;3325.0;980.0
Departamento;Santa Fe;1;1;1;48;4200.0;2275.0;175.0
Departamento;Condesa;3;2;1;104;16800.0;4900.0;1312.5
Departamento;Coyoacán;2;1;2;86;35000.0;13562.5;2100.0
Cocineta;Condesa;0;0;0;35;4550.0;1722.0;189.0
Departamento;Narvarte;3;1;0;148;8750.0;3850.0;770.0
Departamento;Condesa;3;0;1;110;10500.0;5600.0;10283.0
Conjunto Comercial/Sala;Centro Histórico;0;0;0;65;2450.0;3685.5;882.0
Cocineta;Condesa;1;0;0;26;3150.0;1645.0;84.0
Departamento;El Contadero;3;0;0;115;6300.0;1645.0;
Conjunto Comercial/Sala;Peralvillo;0;1;0;25;1925.0;1603.0;175.0
Departamento;Santa Fe;3;2;3;100;6650.0;5243.0;444.5
Conjunto Comercial/Sala;Santa Fe;0;1;0;100;22050.0;3321.5;3150.0
Departamento;Centro Histórico;1;0;0;33;2800.0;1330.0;87.5
Conjunto Comercial/Sala;Centro Histórico;0;0;0;517;63000.0;21035.0;
Departamento en Hotel;Coyoacán;2;1;0;80;14000.0;9450.0;1050.0
Departamento en Hotel;Coyoacán;2;1;1;100;29750.0;8750.0;917.0
Casa;Ciudad de los Deportes;2;1;0;81;3850.0;;52.5
Casa de Condominio;Santa Fe;4;5;4;500;45500.0;8750.0;7000.0
Conjunto Comercial/Sala;Santa Fe;0;1;0;54;8400.0;3850.0;808.5
Conjunto Comercial/Sala;Centro Histórico;0;0;0;96;8050.0;2450.0;245.0
Departamento;Santa Fe;2;1;1;79;10850.0;4200.0;560.0
Departamento;Roma;3;1;0;109;8750.0;3244.5;609.0
Casa;Santa Fe;4;2;1;213;23660.0;3535.0;3836.0
Departamento;Santa Fe;2;1;2;80;3500.0;4140.5;
Departamento;Ciudad de los Deportes;1;1;0;48;1575.0;962.5;
Galpón/Depósito/Almacén;San Miguel Chapultepec;0;0;0;350;87500.0;;
Departamento;Lomas de Chapultepec;3;4;1;180;45500.0;10500.0;1400.0
Tienda/Salón;Peralvillo;0;1;0;25;3500.0;1400.0;
Departamento;Santa Fe;4;3;2;139;14000.0;5950.0;1550.5
Departamento;Mixcoac;2;1;0;66;2975.0;1403.5;
Departamento;Condesa;2;0;0;110;15750.0;;
Departamento;Santa Fe;3;2;1;120;17500.0;5509.0;1176.0
Departamento;Condesa;3;1;0;250;33250.0;5285.0;3195.5
Departamento;Lomas de Chapultepec;4;2;1;200;42000.0;16800.0;2103.5
Departamento;Lomas de Chapultepec;3;0;1;100;15750.0;5075.0;
Departamento;Arboledas;2;1;0;51;4550.0;1225.0;45.5
Tienda/Salón;Santa Fe;0;4;0;406;87500.0;28420.0;25007.5
Galpón/Depósito/Almacén;Roma;0;0;0;320;52500.0;;2940.0
Conjunto Comercial/Sala;Centro Histórico;0;0;0;3502;612850.0;207140.5;66062.5
Conjunto Comercial/Sala;Santa Fe;0;7;0;213;22400.0;20898.5;3087.0
Conjunto Comercial/Sala;Centro Histórico;0;0;0;30;2275.0;1592.5;241.5
Departamento;Condesa;1;0;0;39;6300.0;2100.0;234.5
Conjunto Comercial/Sala;Centro Histórico;0;0;0;243;21000.0;8050.0;4942.0
Departamento;Narvarte;3;1;1;68;7700.0;3402.0;332.5
Conjunto Comercial/Sala;Centro Histórico;0;0;0;190;10500.0;9275.0;1925.0
Departamento;Santa Fe;3;1;1;72;7000.0;2205.0;
Departamento;Coyoacán;3;1;2;120;21000.0;2975.0;1067.5
Tienda/Salón;Condesa;0;1;0;67;12250.0;9310.0;4483.5
Cocineta;Coyoacán;1;0;0;35;6300.0;1869.0;304.5
Casa Comercial;Roma;0;2;0;380;52500.0;;
Departamento;Peralvillo;3;1;1;85;3675.0;3437.0;357.0
Conjunto Comercial/Sala;Santa Fe;0;1;0;27;4900.0;2275.0;350.0
Departamento;Condesa;1;0;0;40;5950.0;;
Conjunto Comercial/Sala;Centro Histórico;0;0;0;677;177695.0;33908.0;27286.0
Conjunto Comercial/Sala;Polanco;0;1;0;45;10500.0;4095.0;1190.0
Departamento;Santa Fe;3;1;0;100;6300.0;4200.0;910.0
Departamento;Condesa;2;1;0;80;12250.0;;
Departamento;Coyoacán;3;1;2;120;24500.0;2800.0;1067.5
Departamento;San Ángel;2;1;0;61;11970.0;3129.0;987.0
Departamento;Santa Fe;2;1;1;105;9450.0;5568.5;700.0
Departamento;Coyoacán;2;1;1;140;38500.0;6160.0;1102.5
Conjunto Comercial/Sala;Centro Histórico;0;0;0;30;3150.0;2555.0;514.5
Departamento;Lomas de Chapultepec;4;1;0;223;35000.0;7000.0;17766.0
Conjunto Comercial/Sala;Condesa;0;0;0;140;28000.0;11935.0;2625.0
Conjunto Comercial/Sala;Santa Fe;0;1;0;27;4200.0;2159.5;
Departamento;Narvarte;2;1;0;79;5250.0;1645.0;
Cochera/Estacionamiento;Centro Histórico;0;0;0;0;1400.0;;
Departamento;Condesa;2;2;1;157;14000.0;5250.0;1186.5
Departamento en Hotel;Lomas de Chapultepec;2;1;1;90;24500.0;7700.0;700.0
Cocineta;Condesa;1;0;0;30;4900.0;2149.0;
Departamento;Los Alpes;3;2;1;400;54250.0;8750.0;1925.0
Conjunto Comercial/Sala;Santa Fe;0;10;0;380;77000.0;30327.5;78683.5
Departamento;Roma;1;1;0;80;8400.0;2800.0;441.0
Departamento;Coyoacán;2;2;1;130;57750.0;5355.0;1837.5
Conjunto Comercial/Sala;Centro Histórico;0;3;0;156;32760.0;11256.0;3986.5
Departamento;Narvarte;2;1;2;87;10325.0;2590.0;455.0
Departamento;Santa Fe;2;1;1;68;5775.0;4200.0;840.0
Edificio Completo;Santa Fe;0;14;0;439;105000.0;;4025.0
Departamento;Condesa;4;0;1;130;17500.0;6300.0;700.0
Departamento;Condesa;3;1;0;110;12250.0;3139.5;1148.0
Departamento;Condesa;2;0;0;80;8400.0;630.0;3482.5
Departamento;Condesa;3;0;0;80;11200.0;3563.0;371.0
Departamento;Coyoacán;3;1;0;98;16800.0;2740.5;1102.5
Departamento;Roma;3;2;1;105;13650.0;4231.5;710.5
Casa Comercial;Roma;0;0;0;427;35000.0;;10024.0
Conjunto Comercial/Sala;Centro Histórico;0;0;0;200;35000.0;8750.0;3150.0
Conjunto Comercial/Sala;Santa Fe;0;1;0;32;2800.0;2975.0;700.0
Conjunto Comercial/Sala;Santa Fe;0;1;0;30;5250.0;3531.5;7000.0
Conjunto Comercial/Sala;Santa Fe;0;0;0;21;3150.0;2800.0;
Conjunto Comercial/Sala;Santa Fe;0;1;0;67;12250.0;5600.0;
Tienda/Salón;Iztacalco;0;1;0;46;7000.0;;780.5
Departamento;Del Valle;2;0;0;123;9100.0;2800.0;710.5
Conjunto Comercial/Sala;Santa Fe;0;1;0;42;5250.0;4970.0;
Departamento;Polanco;2;1;1;80;12250.0;6342.0;763.0
Departamento;Santa Fe;3;3;2;150;21000.0;10062.5;1599.5
Departamento;Narvarte;3;1;0;100;8750.0;4469.5;
Departamento;Polanco;3;0;1;131;12950.0;2800.0;875.0
Departamento en Hotel;Condesa;1;1;0;63;9905.0;5600.0;24.5
Conjunto Comercial/Sala;Condesa;0;1;0;100;10500.0;6650.0;1575.0
Departamento;Ciudad de los Deportes;2;1;1;64;3850.0;1260.0;
Conjunto Comercial/Sala;Santa Fe;0;1;0;29;5250.0;2695.0;770.0
Tienda en Centro Comercial;Santa Fe;0;1;0;124;21700.0;8526.0;4165.0
Conjunto Comercial/Sala;Centro Histórico;0;0;0;1040;192500.0;44334.5;14220.5
Tienda/Salón;Narvarte;0;0;0;370;42000.0;;
Conjunto Comercial/Sala;Roma;0;7;0;375;122500.0;51558.5;9345.0
Departamento;Santa Fe;3;2;3;155;20650.0;6475.0;1162.0
Departamento;Roma;2;1;0;83;10850.0;3150.0;420.0
Departamento;Condesa;2;1;0;85;10465.0;2975.0;595.0
Departamento;Santa Fe;4;0;2;146;17150.0;6300.0;12250.0
Departamento;Santa Fe;3;2;1;150;15750.0;5785.5;
Casa Comercial;La Condesa;0;4;0;130;54600.0;9534.0;679.0
Departamento en Hotel;Lomas de Chapultepec;1;1;1;56;17500.0;5775.0;612.5
Conjunto Comercial/Sala;Santa Fe;0;1;0;50;10500.0;2009.0;1284.5
Departamento;Napoles;2;1;0;84;9450.0;2502.5;752.5
Departamento;Santa Fe;2;1;2;85;11550.0;3325.0;875.0
Departamento;Santa Fe;4;2;4;205;15750.0;8050.0;1925.0
Conjunto Comercial/Sala;Coyoacán;0;0;0;45;10500.0;7700.0;1267.0
Departamento;Santa Fe;3;3;3;150;17500.0;10150.0;1575.0
Conjunto Comercial/Sala;Centro Histórico;0;3;0;147;41160.0;10150.0;3013.5
Departamento;Narvarte;2;2;0;80;6300.0;1925.0;283.5
Departamento;Condesa;3;1;3;197;24500.0;7994.0;1403.5
Casa de Vecindad;San Miguel Chapultepec;2;0;0;80;6650.0;;255.5
Conjunto Comercial/Sala;Santa Fe;0;0;0;38;5250.0;997.5;
Cochera/Estacionamiento;Centro Histórico;0;1;0;12;1400.0;;
Departamento;Napoles;1;0;0;53;5600.0;1575.0;245.0
Departamento;Santa Fe;2;1;1;100;10850.0;3465.0;700.0
Departamento;Bosques de las Lomas;4;2;3;157;36750.0;6650.0;1925.0
Conjunto Comercial/Sala;Iztacalco;0;0;0;23;1750.0;1400.0;119.0
Departamento;Santa Fe;4;2;1;160;28000.0;6282.5;2226.0
Conjunto Comercial/Sala;Santa Fe;0;1;0;30;6125.0;2100.0;140.0
Conjunto Comercial/Sala;La Condesa;0;9;0;320;52500.0;29750.0;6650.0
Conjunto Comercial/Sala;Roma;0;3;0;250;52500.0;32844.0;5988.5
Conjunto Comercial/Sala;Lomas de Chapultepec;0;2;0;150;122500.0;23600.5;3913.0
Conjunto Comercial/Sala;Centro Histórico;0;0;0;283;33250.0;12600.0;5173.0
Conjunto Comercial/Sala;Centro Histórico;0;4;0;155;43400.0;11445.0;3780.0
Conjunto Comercial/Sala;Centro Histórico;0;0;0;75;8750.0;2968.0;462.0
Departamento;Arboledas;2;1;1;74;4550.0;1753.5;472.5
Departamento;San Miguel Chapultepec;2;1;1;70;5950.0;1102.5;490.0
Conjunto Comercial/Sala;Santa Fe;0;4;0;130;19250.0;8400.0;8046.5
Departamento;Narvarte;3;1;0;125;8750.0;3850.0;700.0
Casa;Santa Fe;5;5;4;925;77000.0;10951.5;164.5
Conjunto Comercial/Sala;Historiadores;0;8;0;550;173250.0;46550.0;
Departamento;Santa Fe;3;1;3;80;9625.0;4200.0;
Conjunto Comercial/Sala;Centro Histórico;0;0;0;550;182000.0;33897.5;6744.5
Departamento;Santa Fe;2;1;1;90;23100.0;6300.0;1575.0
Departamento;Condesa;2;1;0;70;7700.0;2037.0;535.5
Departamento en Hotel;Coyoacán;2;1;2;80;19250.0;12600.0;1050.0
Departamento;Coyoacán;3;2;1;125;17395.0;4620.0;1526.0
Conjunto Comercial/Sala;Santa Fe;0;1;0;266;31500.0;6555.5;
Tienda en Centro Comercial;Santa Fe;0;0;0;45;3500.0;7087.5;2292.5
Departamento;Santa Fe;2;1;1;63;4550.0;3465.0;392.0
Departamento;Santa Fe;3;2;1;140;15750.0;5250.0;
Conjunto Comercial/Sala;Santa Fe;0;7;0;250;65625.0;23712.5;4725.0
Departamento;Narvarte;2;1;0;62;4900.0;2240.0;707.0
Conjunto Comercial/Sala;Centro Histórico;0;1;0;390;88725.0;42315.0;4613.0
Conjunto Comercial/Sala;San Miguel Chapultepec;0;0;0;150;17500.0;;
Departamento;Del Valle;3;0;0;95;8750.0;2012.5;325.5
Conjunto Comercial/Sala;Centro Histórico;0;0;0;500;87500.0;39690.0;
Departamento;Coyoacán;3;2;1;150;22050.0;7700.0;1732.5
Departamento;Narvarte;1;0;0;47;4900.0;1855.0;
Tienda/Salón;Centro Histórico;0;0;0;302;45500.0;12099.5;5274.5
Departamento;Santa Fe;2;1;1;83;7000.0;4672.5;
Departamento;Roma;2;1;1;80;11095.0;2975.0;525.0
Conjunto Comercial/Sala;Centro Histórico;0;0;0;220;24500.0;10020.5;4550.0
Departamento;Santa Fe;4;3;2;180;40250.0;8050.0;2320.5
Departamento;Villa de Guadalupe;2;1;0;55;4200.0;1750.0;140.0
Conjunto Comercial/Sala;Centro Histórico;0;6;0;298;56000.0;21717.5;
Conjunto Comercial/Sala;Centro Histórico;0;0;0;155;17500.0;15596.0;2530.5
Departamento;Lomas de Chapultepec;4;2;4;300;56000.0;14700.0;6174.0
Departamento;Napoles;3;0;0;135;10150.0;2800.0;805.0
Departamento;Santa Fe;3;0;3;190;24465.0;4900.0;2100.0
Departamento;Santa Fe;3;3;2;300;19250.0;6545.0;
Casa Comercial;Roma;0;6;0;500;80500.0;1575.0;2800.0
Conjunto Comercial/Sala;Polanco;0;2;0;75;28000.0;11091.5;1123.5
Casa de Condominio;Condesa;2;0;0;72;4900.0;2870.0;245.0
Terreno Estándar;Pueblo Culhuacán;0;0;0;1716;61950.0;;742.0
Departamento;Condesa;3;0;0;152;10500.0;4287.5;1424.5
Tienda en Centro Comercial;Santa Fe;0;1;0;100;15750.0;5950.0;3430.0
Departamento;Nativitas;2;0;0;66;4550.0;2660.0;
Departamento;Coyoacán;1;1;1;72;15400.0;12810.0;682.5
Departamento;Condesa;4;0;0;200;16800.0;5950.0;875.0
Casa Comercial;Roma;0;0;0;120;15750.0;;2663.5
Conjunto Comercial/Sala;Santa Fe;0;1;0;22;3500.0;1750.0;
Conjunto Comercial/Sala;Roma;0;7;0;350;122500.0;12250.0;17864.0
Departamento;Condesa;4;0;0;389;43400.0;13387.5;
Conjunto Comercial/Sala;Centro Histórico;0;0;0;377;31500.0;19253.5;
Departamento;Condesa;1;0;0;42;7000.0;1638.0;252.0
Conjunto Comercial/Sala;Centro Histórico;0;0;0;150;25550.0;4665.5;1284.5
Departamento;Santa Fe;3;1;1;100;9800.0;5197.5;899.5
Departamento;Napoles;4;1;2;290;38500.0;7000.0;1995.0
Departamento;Santa Fe;2;0;1;70;5250.0;3360.0;
Departamento;Napoles;2;0;0;75;9450.0;3073.0;
Departamento;Santa Fe;3;2;3;155;20650.0;6475.0;1162.0
Departamento;Santa Fe;1;1;0;60;8750.0;7000.0;
Departamento;Santa Fe;3;2;2;96;6650.0;2625.0;875.0
Conjunto Comercial/Sala;Centro Histórico;0;0;0;57;7350.0;7150.5;871.5
Cochera/Estacionamiento;Centro Histórico;0;0;0;15;1400.0;1207.5;
Conjunto Comercial/Sala;Villa de Cortés;0;15;0;1620;340200.0;158760.0;
Casa de Vecindad;Centro Histórico;5;0;1;160;19250.0;175.0;2380.0
Departamento;Santa Fe;2;2;1;108;13300.0;5250.0;5950.0
Conjunto Comercial/Sala;Centro Histórico;0;1;0;405;62650.0;18840.5;
Conjunto Comercial/Sala;Centro Histórico;0;0;0;209;14000.0;11900.0;2660.0
Departamento;Santa Fe;2;1;0;58;4200.0;2450.0;245.0
Departamento;Santa María Aztahuacán;2;1;0;48;2100.0;805.0;
Conjunto Comercial/Sala;Centro Histórico;0;0;0;231;17500.0;11592.0;4504.5
Edificio Completo;Condesa;0;0;0;217;52500.0;;
Departamento;Coyoacán;2;1;1;76;15750.0;7686.0;
Departamento;Santa Fe;4;3;2;340;33250.0;5950.0;35875.0
Departamento;Centro Histórico;1;0;0;42;3815.0;1207.5;84.0
Departamento;Del Valle;3;1;0;150;10500.0;2800.0;665.0
Tienda/Salón;Santa Fe;0;1;0;75;40250.0;46084.5;40288.5
Departamento;Condesa;4;1;2;242;35000.0;9800.0;1400.0
Departamento;San Ángel;2;2;1;79;11900.0;4098.5;801.5
Departamento;Coyoacán;2;1;0;81;13300.0;3745.0;1043.0
Casa de Condominio;San Ángel;3;1;1;150;17500.0;10850.0;1904.0
Departamento;Del Valle;1;1;0;59;7000.0;2205.0;
Departamento;Santa Fe;4;0;0;146;15750.0;7623.0;1228.5
Departamento;San Pedro de los Pinos;3;0;1;100;9450.0;5460.0;367.5
Conjunto Comercial/Sala;Santa Fe;0;0;0;230;49000.0;20433.0;6783.0
Conjunto Comercial/Sala;Santa Fe;0;4;0;144;22750.0;15225.0;
Cocineta;Condesa;1;0;0;25;4900.0;1680.0;87.5
Galpón/Depósito/Almacén;Lindavista;0;0;0;1600;31500.0;;10325.0
Cochera/Estacionamiento;Narvarte;0;40;0;0;1120.0;;
Conjunto Comercial/Sala;Santa Fe;0;1;0;34;2800.0;3150.0;1148.0
Departamento;Coyoacán;2;1;1;85;28000.0;12950.0;1050.0
Conjunto Comercial/Sala;Santa Fe;0;1;0;40;6300.0;3150.0;770.0
Conjunto Comercial/Sala;Casa Blanca;0;1;0;30;2800.0;2110.5;
Conjunto Comercial/Sala;Centro Histórico;0;0;0;340;63000.0;23971.5;6366.5
Departamento;Santa Fe;2;1;1;70;9800.0;3395.0;245.0
Conjunto Comercial/Sala;Centro Histórico;0;0;0;300;35000.0;25420.5;5673.5
Departamento;Condesa;1;0;0;41;10500.0;2012.5;238.0
Departamento;Bosques de las Lomas;3;2;2;376;63000.0;17045.0;
Departamento;Condesa;3;1;0;130;21000.0;2555.0;
Casa de Vecindad;Iztapalapa;1;0;0;88;2625.0;266.0;
Tienda/Salón;Centro Histórico;0;0;0;69;3850.0;2548.0;1449.0
Conjunto Comercial/Sala;Centro Histórico;0;0;0;34;1750.0;2345.0;455.0
Departamento;Lomas de Chapultepec;2;2;2;132;28000.0;8148.0;2737.0
Departamento;Santa Fe;3;2;1;96;9800.0;4200.0;675.5
Departamento en Hotel;Santa Fe;1;1;1;35;4900.0;2317.0;210.0
Conjunto Comercial/Sala;Santa Fe;0;1;0;24;3150.0;2047.5;
Conjunto Comercial/Sala;Centro Histórico;0;0;0;168;44100.0;11760.0;2940.0
Casa;Tepalcatlalpan;1;1;0;40;2100.0;;
Departamento;San Ángel;3;1;1;90;15750.0;4788.0;
Departamento;Santa Fe;2;2;0;100;21000.0;5250.0;1123.5
Departamento;Santa Fe;3;2;1;193;8750.0;13300.0;3020.5
Conjunto Comercial/Sala;Santa Fe;0;0;0;48;7350.0;3741.5;
Departamento;Nativitas;2;0;0;57;5740.0;1890.0;178.5
Departamento;Roma;3;1;1;105;14700.0;2702.0;623.0
Departamento;Narvarte;2;1;1;67;6300.0;3780.0;
Departamento en Hotel;Centro Histórico;1;0;1;32;10325.0;;
Conjunto Comercial/Sala;Centro Histórico;0;0;0;300;31500.0;16614.5;
Departamento;Coyoacán;1;0;0;67;9450.0;2569.0;
Conjunto Comercial/Sala;Condesa;0;0;0;89;14700.0;5075.0;
Departamento;Santa Fe;4;2;1;158;17500.0;6457.5;833.0
Tienda/Salón;Santa Fe;0;1;0;75;5250.0;5250.0;
Galpón/Depósito/Almacén;Villa de Guadalupe;0;10;0;1000;66500.0;;
Departamento;Condesa;2;0;0;80;13650.0;;
Departamento;Condesa;2;0;0;75;5950.0;45.5;1494.5
Conjunto Comercial/Sala;Centro Histórico;0;0;0;27;2271.5;1015.0;297.5
Departamento;San Ángel;1;1;1;60;10500.0;3220.0;
Departamento;Condesa;1;0;0;50;5600.0;1869.0;245.0
Conjunto Comercial/Sala;Centro Histórico;0;0;0;581;101675.0;51670.5;4879.0
Casa Comercial;La Condesa;0;0;0;175;13300.0;;1561.0
Departamento;Condesa;4;2;2;389;43400.0;13387.5;
Edificio Completo;Santa Fe;0;99;0;4722;1503180.0;384146.0;116914.0
Departamento;Santa Fe;3;2;1;165;12950.0;7245.0;
Departamento;Condesa;1;0;0;40;10150.0;;
Departamento;Condesa;2;1;1;94;8750.0;4728.5;472.5
Departamento;Condesa;1;0;1;20;6300.0;;
Conjunto Comercial/Sala;Coyoacán;0;0;0;25;7700.0;5733.0;
Conjunto Comercial/Sala;Centro Histórico;0;0;0;32;2450.0;1799.0;427.0
Departamento;Santa Fe;4;3;2;240;52500.0;9100.0;2100.0
Departamento en Hotel;Condesa;2;1;1;78;19950.0;6300.0;350.0
Departamento;Nativitas;2;1;0;45;3500.0;1298.5;
Conjunto Comercial/Sala;Santa Fe;0;8;0;160;42000.0;19600.0;
Departamento;Narvarte;2;0;1;75;6650.0;2506.0;304.5
Departamento;Coyoacán;4;1;2;195;42000.0;7000.0;1925.0
Departamento;Santa Fe;2;1;1;95;8575.0;5950.0;
Conjunto Comercial/Sala;Centro Histórico;0;0;0;360;43750.0;8778.0;3370.5
Departamento;Lomas de Chapultepec;2;1;1;79;9275.0;5957.0;1421.0
Tienda/Salón;Roma;0;0;0;78;12250.0;;700.0
Conjunto Comercial/Sala;Centro Histórico;0;0;0;132;17500.0;4098.5;1246.0
Departamento;Santa Fe;3;3;1;169;17500.0;7980.0;1575.0
Departamento;Coyoacán;3;0;0;195;35000.0;7700.0;2257.5
Conjunto Comercial/Sala;Centro Histórico;0;0;0;643;66500.0;33442.5;74021.5
Departamento;Condesa;1;0;1;52;8750.0;2275.0;
Departamento en Hotel;Condesa;2;1;1;65;14000.0;;
Departamento;San Rafael;2;1;0;63;3850.0;1575.0;84.0
Departamento;Santa Fe;3;2;3;132;38150.0;7560.0;2870.0
Departamento;Condesa;3;1;0;140;12250.0;3675.0;630.0
Casa de Condominio;Santa Fe;6;3;4;400;52500.0;6156.5;
Departamento;Nueva Santa María;3;1;0;130;4550.0;2450.0;
Departamento;Condesa;3;0;0;80;10500.0;2975.0;3433.5
Conjunto Comercial/Sala;Narvarte;0;1;0;31;1925.0;2068.5;
Conjunto Comercial/Sala;Roma;0;3;0;200;70000.0;31500.0;5740.0
Conjunto Comercial/Sala;Santa Fe;0;2;0;72;7700.0;5372.5;
Departamento;Condesa;2;0;1;98;7875.0;4991.0;721.0
Departamento;Santa Fe;3;2;3;145;11200.0;6300.0;
Departamento;Polanco;2;2;1;83;12250.0;5705.0;686.0
Departamento;Santa Fe;3;2;3;120;14000.0;5075.0;1120.0
Conjunto Comercial/Sala;Santa Fe;0;1;0;35;4200.0;4000.5;
Tienda/Salón;Santa Fe;0;1;0;50;7000.0;2940.0;
Conjunto Comercial/Sala;Condesa;0;0;0;30;2625.0;1470.0;371.0
Departamento;Condesa;3;1;1;130;19250.0;5600.0;808.5
Conjunto Comercial/Sala;Peralvillo;0;1;0;22;1750.0;2590.0;182.0
Departamento;Santa Fe;4;4;4;310;28000.0;7560.0;3633.0
Departamento;Del Valle;3;1;1;90;7700.0;4529.0;
Conjunto Comercial/Sala;Centro Histórico;0;4;0;1354;284340.0;93782.5;24878.0
Conjunto Comercial/Sala;Santa Fe;0;1;0;45;5600.0;5775.0;
Conjunto Comercial/Sala;Centro Histórico;0;0;0;170;8750.0;5771.5;2852.5
Departamento;Coyoacán;3;0;1;120;14000.0;2285.5;567.0
Departamento;Condesa;2;1;1;114;21000.0;4025.0;
Departamento;Condesa;4;1;0;214;21000.0;6506.5;2740.5
Departamento;Coyoacán;2;1;2;156;19250.0;8400.0;1680.0
Departamento;Condesa;1;1;0;40;11550.0;1400.0;91.0
Departamento;San Jerónimo;2;1;1;87;7700.0;2772.0;658.0
Departamento;Santa Fe;4;3;4;292;42000.0;13300.0;28000.0
Departamento;Del Valle;2;1;1;80;9450.0;3202.5;
Departamento;Coyoacán;2;1;1;86;66500.0;12897.5;1547.0
Departamento;Polanco;3;2;0;145;17500.0;4536.0;1109.5
Departamento;Lomas de Chapultepec;2;2;1;89;22400.0;6849.5;1529.5
Departamento;Coyoacán;2;1;1;100;19250.0;4200.0;1400.0
Departamento en Hotel;Coyoacán;2;1;1;100;28000.0;14000.0;1662.5
Conjunto Comercial/Sala;Roma;0;4;0;244;52500.0;32844.0;
Conjunto Comercial/Sala;Santa Fe;0;3;0;102;21000.0;12600.0;1960.0
Conjunto Comercial/Sala;Santa Fe;0;1;0;37;5250.0;5075.0;1225.0
Tienda/Salón;Coyoacán;0;0;0;25;8750.0;4221.0;1214.5
Conjunto Comercial/Sala;Santa Fe;0;1;0;24;2450.0;1057.0;196.0
Departamento;Narvarte;3;1;0;72;6825.0;700.0;290.5
Departamento;Santa Fe;4;3;0;219;38496.5;10930.5;21700.0
Departamento;Coyoacán;2;1;1;78;28000.0;11550.0;1995.0
Conjunto Comercial/Sala;Roma;0;20;0;716;187992.0;77304.5;10398.5
Departamento;Santa Fe;2;1;2;83;7875.0;4060.0;889.0
Departamento;Condesa;3;0;0;88;10150.0;2495.5;598.5
Departamento;Lomas de Chapultepec;2;1;0;80;13650.0;2800.0;
Departamento;Bosques de las Lomas;2;1;1;92;12600.0;3937.5;773.5
Departamento;Santa Fe;1;1;0;65;8050.0;5600.0;12600.0
Departamento;San Miguel Chapultepec;2;1;0;70;4550.0;1757.0;280.0
Departamento;Condesa;3;1;1;83;14000.0;4305.0;840.0
Conjunto Comercial/Sala;Condesa;0;0;0;40;2800.0;1904.0;623.0
Departamento;Villa de Cortés;3;2;0;66;7700.0;1953.0;168.0
Conjunto Comercial/Sala;Centro Histórico;0;0;0;27;3150.0;4200.0;584.5
Departamento;Casa Blanca;2;1;0;80;4900.0;;
Departamento;Coyoacán;3;0;0;115;24500.0;875.0;1050.0
Departamento;Lomas de Chapultepec;2;0;0;65;12250.0;3500.0;6300.0
Conjunto Comercial/Sala;Centro Histórico;0;0;0;31;1925.0;2100.0;311.5
Departamento;Polanco;3;2;1;90;13650.0;4585.0;962.5
Conjunto Comercial/Sala;Centro Histórico;0;0;0;37;3150.0;3234.0;378.0
Tienda en Centro Comercial;El Contadero;0;0;0;190;52500.0;1750.0;7350.0
Departamento;Condesa;1;0;1;30;7000.0;1750.0;
Conjunto Comercial/Sala;Iztacalco;0;1;0;25;1750.0;1809.5;129.5
Departamento;La Florida;2;1;1;66;4200.0;1575.0;224.0
Departamento;Condesa;2;0;0;85;8750.0;2975.0;
Departamento;Santa Fe;3;2;0;130;13300.0;5600.0;525.0
Cocineta;Condesa;1;0;0;30;4900.0;1575.0;350.0
Departamento;Nueva Santa María;2;0;0;65;3465.0;2065.0;
Departamento;Santa Fe;3;3;1;130;22750.0;9835.0;2450.0
Conjunto Comercial/Sala;Polanco;0;0;0;25;4900.0;3710.0;437.5
Conjunto Comercial/Sala;Centro Histórico;0;0;0;822;192500.0;64274.0;
Departamento;La Condesa;1;0;0;20;3150.0;1732.5;
Departamento;Santa Fe;3;2;2;240;19075.0;9800.0;2436.0
Departamento en Hotel;Condesa;1;1;0;55;9100.0;4375.0;805.0
Departamento;Condesa;3;9;1;280;63000.0;7700.0;20300.0
Departamento;Santa Fe;2;1;1;65;5600.0;2894.5;269.5
Departamento;Santa Fe;2;1;0;70;4900.0;2789.5;
Conjunto Comercial/Sala;La Merced;0;1;0;30;2100.0;2800.0;420.0
Tienda/Salón;Condesa;0;0;0;454;105000.0;25014.5;
Departamento;Coyoacán;3;0;1;130;14000.0;4620.0;682.5
Conjunto Comercial/Sala;Centro Histórico;0;0;0;406;80059.0;28171.5;6562.5
Departamento;Santa Fe;4;3;4;245;35000.0;10150.0;1750.0
Departamento;Lomas de Chapultepec;3;2;3;320;52500.0;14000.0;
Conjunto Comercial/Sala;Lomas de Chapultepec;0;0;0;160;56000.0;7770.0;
Departamento;Roma;3;1;1;101;14000.0;4200.0;556.5
Departamento;Santa Fe;2;2;1;75;12250.0;10895.5;1330.0
Departamento;Santa Fe;3;3;2;270;29400.0;8750.0;2100.0
Departamento;El Contadero;2;1;0;70;5950.0;1400.0;350.0
Cocineta;Condesa;1;0;0;22;3500.0;1785.0;101.5
Tienda/Salón;Roma Norte;0;1;0;46;7000.0;;780.5
Departamento;Condesa;3;1;0;140;12950.0;4809.0;1151.5
Departamento en Hotel;Condesa;1;1;0;50;9800.0;4550.0;511.0
Departamento;Villa de Cortés;2;1;1;57;4200.0;1736.0;
Departamento;Santa Fe;4;2;1;112;16800.0;4060.0;2240.0
Departamento;Roma;3;1;1;95;11200.0;3157.0;532.0
Departamento;Santa Fe;3;1;1;74;6300.0;2170.0;
Departamento;Santa Fe;3;2;1;140;13300.0;8750.0;1190.0
Departamento;Santa Fe;2;1;1;115;12250.0;6055.0;1274.0
Tienda/Salón;Peralvillo;0;1;0;20;2275.0;1400.0;255.5
Departamento;San Miguel Chapultepec;1;1;0;70;4200.0;2695.0;
Departamento;Condesa;1;0;0;40;6475.0;2450.0;
Departamento;Lomas de Chapultepec;4;2;1;169;36750.0;6737.5;3062.5
Departamento;Lomas de Chapultepec;4;2;1;160;35000.0;7000.0;1260.0
Departamento;Santa Fe;2;1;1;87;7700.0;2758.0;
Departamento;Nueva Santa María;3;1;0;55;3500.0;2450.0;
Conjunto Comercial/Sala;Roma;0;3;0;100;26250.0;10465.0;1925.0
Departamento;Iztacalco;2;0;0;50;2450.0;1680.0;
Departamento;Bosques de Aragón;2;4;2;190;29750.0;9100.0;2138.5
Conjunto Comercial/Sala;Santa Fe;0;1;0;37;3850.0;2625.0;840.0
Departamento;Bosques de las Lomas;3;4;3;380;101500.0;17500.0;5950.0
Conjunto Comercial/Sala;Santa Fe;0;7;0;242;70000.0;14399.0;
Conjunto Comercial/Sala;Centro Histórico;0;0;0;220;31500.0;9103.5;3150.0
Conjunto Comercial/Sala;Santa Fe;0;1;0;21;4550.0;1995.0;332.5
Conjunto Comercial/Sala;Polanco;0;1;0;54;19600.0;3727.5;9065.0
Cocineta;Condesa;1;0;0;28;5600.0;1050.0;
Departamento;Santa Fe;4;4;4;350;52500.0;15750.0;
Conjunto Comercial/Sala;Lomas de Chapultepec;0;1;0;26;10850.0;3437.0;3626.0
Conjunto Comercial/Sala;Santa Fe;0;0;0;60;20300.0;6300.0;5250.0
Conjunto Comercial/Sala;Santa Fe;0;2;0;72;10150.0;5512.5;1925.0
Conjunto Comercial/Sala;Peralvillo;0;1;0;22;1750.0;1330.0;196.0
Conjunto Comercial/Sala;Polanco;0;1;0;30;4550.0;3279.5;654.5
Departamento;Lomas de Chapultepec;3;1;1;82;14700.0;4130.0;
Conjunto Comercial/Sala;Centro Histórico;0;0;0;54;5481.0;4025.0;
Conjunto Comercial/Sala;Centro Histórico;0;0;0;394;42000.0;15970.5;6069.0
Conjunto Comercial/Sala;Santa Fe;0;1;0;21;3850.0;1960.0;3692.5
Conjunto Comercial/Sala;Centro Histórico;0;0;0;201;35000.0;16663.5;3150.0
Departamento;Santa Fe;4;3;4;400;105000.0;20300.0;5460.0
Departamento en Hotel;Coyoacán;1;1;0;45;10150.0;7920.5;882.0
Departamento;Coyoacán;3;1;1;140;26250.0;10150.0;1750.0
Conjunto Comercial/Sala;Santa Fe;0;1;0;100;14000.0;4459.0;2870.0
Tienda/Salón;Centro Histórico;0;0;0;70;19250.0;;
Departamento;Bosques de las Lomas;3;1;1;142;19250.0;4392.5;1400.0
Departamento;Santa Fe;3;3;3;166;19250.0;7000.0;1050.0
Cocineta;Condesa;1;0;0;22;3325.0;1505.0;234.5
Departamento;Bosques de las Lomas;3;1;1;108;16800.0;3811.5;1046.5
Departamento;Narvarte;3;1;0;170;8750.0;2730.0;623.0
Departamento;Arboledas;3;1;1;60;5250.0;1771.0;133.0
Tienda/Salón;Iztacalco;0;0;0;106;16695.0;;
Conjunto Comercial/Sala;Santa Fe;0;1;0;75;12250.0;4025.0;2397.5
Cochera/Estacionamiento;Condesa;0;2;0;12;1610.0;;
Tienda/Salón;Santa Fe;0;1;0;130;28000.0;8050.0;
Casa Comercial;Santa Marta Acatitla;1;0;0;15;2625.0;;
Departamento;Lomas de Chapultepec;4;2;4;200;36750.0;9485.0;4035.5
Casa de Condominio;Santa Fe;5;4;2;360;29400.0;1750.0;28000.0
Departamento;Narvarte;3;1;1;145;9800.0;3500.0;672.0
Conjunto Comercial/Sala;Santa Fe;0;0;0;85;10500.0;8750.0;
Departamento;Nueva Santa María;2;1;0;63;4200.0;1746.5;
Departamento;Santa Fe;2;1;1;68;8400.0;2275.0;350.0
Conjunto Comercial/Sala;Santa Fe;0;1;0;60;14000.0;5600.0;840.0
Departamento;Roma;2;1;0;100;14000.0;4200.0;455.0
Departamento;Condesa;1;0;0;42;7000.0;1750.0;175.0
Conjunto Comercial/Sala;Centro Histórico;0;0;0;90;9100.0;7770.0;1018.5
Cocineta;Condesa;1;0;0;30;7000.0;;
Departamento;Lomas de Chapultepec;3;2;1;300;50750.0;15050.0;3129.0
Galpón/Depósito/Almacén;Reforma Política;0;0;0;95;13650.0;;343.0
Departamento;San Pedro de los Pinos;2;1;1;84;5600.0;2940.0;
Departamento;Nueva Santa María;2;0;0;68;2800.0;1540.0;
Departamento;Santa Fe;4;4;4;400;35000.0;4900.0;
Departamento;Del Valle;3;1;0;135;9450.0;5295.5;878.5
Departamento;Condesa;3;1;0;200;11200.0;5250.0;
Departamento;Polanco;2;0;0;50;9800.0;1942.5;507.5
Departamento;Lomas de Chapultepec;3;1;1;140;21000.0;10850.0;1568.0
Cocineta;Condesa;0;0;0;31;5250.0;1592.5;203.0
Conjunto Comercial/Sala;Centro Histórico;0;0;0;771;269864.0;52244.5;9446.5
Departamento;Polanco;2;1;1;84;12250.0;3850.0;910.0
Galpón/Depósito/Almacén;La Virgen;0;0;0;637;15750.0;;6177.5
Departamento;Condesa;4;1;1;280;21000.0;5950.0;15690.5
Departamento;Santa Fe;4;3;1;210;16800.0;9275.0;1942.5
Loft;Coyoacán;1;0;0;38;10500.0;1606.5;276.5
Tienda/Salón;San Antonio Tecomitl;0;0;0;64;28000.0;;
Cocineta;Condesa;0;0;0;30;3150.0;1141.0;101.5
Departamento;Narvarte;1;1;0;50;4200.0;1365.0;105.0
Cocineta;Narvarte;1;0;0;25;3150.0;1347.5;700.0
Departamento;Condesa;2;0;0;70;8400.0;1750.0;315.0
Departamento;Narvarte;3;0;1;90;5250.0;3272.5;339.5
Departamento;Roma;2;0;0;67;8050.0;2100.0;339.5
Departamento en Hotel;Condesa;1;0;0;55;7000.0;6940.5;3986.5
Conjunto Comercial/Sala;Tlalnepantla;0;1;0;50;2625.0;1697.5;
Cocineta;Napoles;1;0;0;25;3500.0;1925.0;87.5
Conjunto Comercial/Sala;Roma;0;3;0;300;77000.0;26250.0;4753.0
Conjunto Comercial/Sala;Coyoacán;0;0;0;200;73500.0;20300.0;
Departamento;Narvarte;3;1;1;110;10150.0;3850.0;637.0
Departamento;Coyoacán;4;3;2;228;31500.0;10500.0;4011.0
Departamento;Narvarte;4;1;0;230;12250.0;2541.0;441.0
Departamento;Condesa;1;0;0;40;4550.0;1890.0;189.0
Departamento;San Miguel Chapultepec;2;0;0;56;4550.0;1050.0;73.5
Conjunto Comercial/Sala;Santa Fe;0;1;0;24;1750.0;2730.0;311.5
Departamento;San Andrés Tetepilco;2;1;0;75;3465.0;;
Departamento;Santa Fe;2;2;1;89;5950.0;4725.0;280.0
Cocineta;Condesa;1;0;0;29;3500.0;1925.0;
Departamento;Santa Fe;4;4;4;230;45500.0;15400.0;4977.0
Conjunto Comercial/Sala;Coyoacán;0;0;0;70;26250.0;7000.0;2765.0
Departamento;Condesa;3;0;0;100;8750.0;3692.5;1050.0
Departamento;Condesa;2;0;0;62;7700.0;3090.5;336.0
Departamento;Tlalpan;32;0;1;70;14000.0;;
Departamento en Hotel;Coyoacán;2;1;1;100;28000.0;16705.5;2068.5
Conjunto Comercial/Sala;Santa Fe;0;9;0;412;136990.0;33166.0;
Conjunto Comercial/Sala;Centro Histórico;0;0;0;40;1925.0;2016.0;476.0
Departamento;Narvarte;3;0;0;80;8750.0;1575.0;227.5
Conjunto Comercial/Sala;Centro Histórico;0;0;0;35;3150.0;1235.5;273.0
Departamento;Condesa;2;0;1;98;17500.0;2100.0;770.0
Departamento;Lomas de Chapultepec;1;0;1;35;7700.0;1946.0;
Departamento;Coyoacán;2;1;0;90;24500.0;;
Conjunto Comercial/Sala;Centro Histórico;0;0;0;150;31500.0;19085.5;
Conjunto Comercial/Sala;Centro Histórico;0;3;0;147;41440.0;10143.0;
Departamento;Coyoacán;4;3;3;550;128800.0;34300.0;
Departamento;San Ángel;3;2;1;120;22750.0;5705.0;1750.0
Departamento;Santa Fe;4;3;4;250;29750.0;12250.0;2100.0
Terreno Estándar;Arboledas;0;0;0;831;24500.0;;24612.0
Departamento;Coyoacán;3;1;1;126;20300.0;6993.0;2065.0
Departamento;Condesa;3;1;0;160;10500.0;6160.0;1319.5
Departamento;San Miguel Chapultepec;1;1;0;71;5250.0;2205.0;276.5
Terreno Estándar;Iztacalco;0;0;0;1650;35000.0;;
Departamento;Coyoacán;2;1;1;86;35000.0;;
Departamento;Santa Fe;1;1;1;80;11550.0;5250.0;1050.0
Departamento;Mixcoac;2;1;1;54;3500.0;1890.0;
Cocineta;Condesa;1;0;0;30;7000.0;2362.5;262.5
Departamento;El Contadero;3;1;1;140;7000.0;2135.0;
Conjunto Comercial/Sala;Roma;0;0;0;14;2975.0;;
Departamento;Lomas de Chapultepec;4;2;3;250;87500.0;9800.0;2618.0
Departamento;Condesa;2;0;1;218;63000.0;4725.0;10500.0
Departamento;Santa Fe;2;0;0;103;9800.0;6240.5;693.0
Casa Comercial;Roma;0;1;0;350;63000.0;;9030.0
Departamento;Coyoacán;4;4;2;450;105000.0;45500.0;4200.0
Conjunto Comercial/Sala;Centro Histórico;0;0;0;27;1715.0;2905.0;252.0
Conjunto Comercial/Sala;Santa Fe;0;32;0;1789;344400.0;;
Casa de Vecindad;San Andrés Tetepilco;2;1;0;50;3430.0;;
Tienda/Salón;Condesa;0;0;0;50;22750.0;;805.0
Departamento;Santa Fe;1;1;1;64;7000.0;3955.0;1015.0
Departamento;Santa Fe;2;1;1;98;5775.0;3430.0;504.0
Departamento;Condesa;3;1;0;127;12250.0;4473.0;9989.0
Departamento;Condesa;3;0;0;125;12250.0;4830.0;
Conjunto Comercial/Sala;Centro Histórico;0;0;0;24;2450.0;1400.0;
Cocineta;Condesa;1;0;0;29;5250.0;1750.0;
Conjunto Comercial/Sala;Santa Fe;0;1;0;33;5250.0;;
Tienda/Salón;Centro Histórico;0;0;0;517;113050.0;;
Cocineta;Condesa;1;0;0;20;4200.0;1155.0;49.0
Departamento;Coyoacán;2;0;0;62;12250.0;2730.0;
Conjunto Comercial/Sala;Centro Histórico;0;0;0;23;1225.0;2380.0;
Departamento;Condesa;1;0;0;48;5250.0;2765.0;87.5
Casa de Condominio;Iztacalco;2;0;0;70;3150.0;;238.0
Conjunto Comercial/Sala;Santa Fe;0;1;0;35;2450.0;3146.5;5999.0
Departamento;Narvarte;3;0;0;100;6965.0;;101.5
Conjunto Comercial/Sala;Centro Histórico;0;0;0;109;10500.0;2450.0;983.5
Departamento;Santa Fe;2;1;2;90;8050.0;5285.0;8736.0
Departamento;Bosques de las Lomas;3;1;1;125;14350.0;6475.0;1470.0
Casa de Condominio;Santa Fe;3;5;3;681;70000.0;6674.5;63343.0
Departamento;Santa Fe;3;3;1;250;21000.0;9800.0;24500.0
Departamento;Narvarte;2;0;0;79;5775.0;875.0;287.0
Rancho;Santa María Nonoalco;0;0;0;3200;3465.0;;
Departamento;Condesa;1;0;0;35;5950.0;2212.0;
Conjunto Comercial/Sala;Santa Fe;0;38;0;1290;210000.0;108500.0;
Conjunto Comercial/Sala;Centro Histórico;0;0;0;46;3500.0;1330.0;273.0
Departamento;Santa Fe;2;1;2;82;9100.0;5145.0;864.5
Departamento;Roma;3;1;1;130;10500.0;5061.0;
Departamento;Santa Fe;1;1;1;74;6650.0;4550.0;
Departamento;Peralvillo;3;1;1;73;5600.0;2625.0;
Departamento en Hotel;Santa Fe;2;2;2;70;10500.0;4200.0;1347.5
Departamento;Santa Fe;3;2;1;115;14700.0;3727.5;
Departamento;Santa Fe;3;2;3;120;14000.0;5075.0;1295.0
Conjunto Comercial/Sala;Santa Fe;0;0;0;34;5250.0;1925.0;455.0
Tienda/Salón;Centro Histórico;0;0;0;100;14000.0;10080.0;1914.5
Departamento;Narvarte;1;0;0;53;4200.0;1407.0;66.5
Departamento;Roma;3;1;1;103;19950.0;4585.0;1218.0
Departamento;Santa Fe;4;3;2;160;22750.0;6300.0;1225.0
Departamento;Lomas de Chapultepec;1;0;0;50;8750.0;2275.0;332.5
Departamento;Condesa;1;0;0;33;3850.0;1830.5;196.0
Departamento;Los Reyes Coyoacán;1;0;0;51;2800.0;717.5;
Casa de Condominio;Santa Fe;4;2;2;316;35000.0;3850.0;29193.5
Departamento;Santa Fe;3;1;3;80;10500.0;4200.0;
Departamento;Santa Fe;4;4;4;436;52500.0;16800.0;
Conjunto Comercial/Sala;Lomas de Chapultepec;0;1;0;30;10500.0;2730.0;672.0
Casa;Nativitas;3;0;1;200;3850.0;556.5;
Departamento;Condesa;1;0;0;33;7700.0;2100.0;
Casa;Álvaro Obregón;1;1;0;80;2800.0;;262.5
Conjunto Comercial/Sala;Centro Histórico;0;0;0;222;52500.0;10213.0;4938.5
Departamento;Condesa;1;0;0;26;5600.0;1354.5;
Departamento;Coyoacán;5;2;3;280;52500.0;6930.0;2100.0
Departamento;Álvaro Obregón;2;0;0;60;2380.0;693.0;
Departamento;Santa Fe;2;1;1;69;10500.0;2975.0;4900.0
Departamento;Narvarte;2;1;0;65;5250.0;2303.0;280.0
Casa;Roma Sur;1;0;0;41;2800.0;;
Galpón/Depósito/Almacén;San Juan Xalpa;0;0;0;812;22750.0;;5600.0
Departamento;Condesa;3;0;0;50;10500.0;;
Departamento;Del Valle;2;1;0;75;7700.0;3132.5;
Departamento;Roma;3;1;0;94;11200.0;5250.0;479.5
Conjunto Comercial/Sala;Centro Histórico;0;0;0;20;4200.0;1043.0;
Departamento;Condesa;4;1;1;150;18900.0;6825.0;1155.0
Cocineta;Condesa;1;0;0;30;2975.0;1925.0;189.0
Galpón/Depósito/Almacén;Nativitas;0;0;0;1392;35000.0;;8844.5
Departamento;Juárez;2;0;0;70;6300.0;2625.0;350.0
Conjunto Comercial/Sala;Centro Histórico;0;0;0;336;63000.0;15085.0;3230.5
Cocineta;Juárez;1;0;0;30;4200.0;1645.0;
Departamento;Santa Fe;3;2;1;89;6650.0;2695.0;406.0
Departamento;Santa Fe;3;2;1;80;5915.0;3850.0;455.0
Departamento;Del Valle Centro;1;0;0;40;1750.0;;42.0
Departamento;Santa Fe;4;3;2;208;26250.0;8123.5;2450.0
Departamento;Nueva Santa María;2;1;0;91;4900.0;2429.0;262.5
Conjunto Comercial/Sala;Lomas de Chapultepec;0;2;0;150;122500.0;26680.5;
Departamento;Narvarte;2;1;0;70;6300.0;892.5;140.0
Departamento;Condesa;3;1;0;200;29750.0;6475.0;
Conjunto Comercial/Sala;Coyoacán;0;1;0;113;42000.0;15400.0;2555.0
Casa de Condominio;Santa Fe;4;2;2;600;105000.0;3850.0;4896.5
Casa Comercial;Del Valle;0;0;0;215;27650.0;;1085.0
Conjunto Comercial/Sala;Santa Fe;0;1;0;30;3500.0;3325.0;
Conjunto Comercial/Sala;Centro Histórico;0;0;0;66;8750.0;8400.0;1172.5
Departamento;Coyoacán;2;2;1;85;19250.0;9100.0;1225.0
Departamento;Santa Fe;3;2;2;130;19950.0;2800.0;1575.0
Conjunto Comercial/Sala;Coyoacán;0;4;0;210;88200.0;28297.5;
Departamento;Del Valle;1;1;0;40;7000.0;3160.5;280.0
Casa de Condominio;Santa Fe;4;3;4;350;24500.0;3269.0;3115.0
Departamento;Santa Fe;4;2;2;400;42000.0;9128.0;2044.0
Departamento;Coyoacán;2;0;0;90;10500.0;3850.0;735.0
Departamento;Zacatenco;2;0;0;50;3255.0;490.0;
Departamento;San Ángel;3;1;1;100;17500.0;3850.0;595.0
Departamento;Santa Fe;2;1;1;90;7000.0;4550.0;990.5
Departamento;Arboledas;2;1;0;50;3850.0;840.0;45.5
Departamento;San Miguel Chapultepec;1;0;0;40;4550.0;1074.5;84.0
Departamento;Coyoacán;1;0;0;25;5950.0;2149.0;101.5
Conjunto Comercial/Sala;Centro Histórico;0;0;0;70;7000.0;3801.0;546.0
Departamento;Condesa;1;0;1;37;8750.0;1564.5;70.0
Departamento;Iztacalco;2;1;0;60;3500.0;;
Conjunto Comercial/Sala;Narvarte;0;0;0;30;2800.0;434.0;294.0
Casa de Condominio;Condesa;3;1;2;130;28000.0;;280.0
Conjunto Comercial/Sala;Santa Fe;0;1;0;40;12250.0;3640.0;1102.5
Departamento;Condesa;1;0;0;40;6300.0;1575.0;794.5
Conjunto Comercial/Sala;Centro Histórico;0;0;0;220;32900.0;19950.0;878.5
Cocineta;La Loma;1;0;0;19;3850.0;896.0;
Departamento;Santa Fe;2;2;1;110;17500.0;6891.5;1711.5
Conjunto Comercial/Sala;Santa Fe;0;2;0;60;7000.0;7483.0;1148.0
Departamento;San Ángel;1;1;0;50;9100.0;2541.0;532.0
Departamento;Lomas de Chapultepec;2;1;0;123;15050.0;2100.0;1554.0
Departamento;Condesa;3;1;1;200;12250.0;6020.0;
Conjunto Comercial/Sala;Santa Fe;0;0;0;347;35000.0;31500.0;
Departamento;Centro Histórico;2;0;0;70;5250.0;1855.0;210.0
Departamento;Narvarte;2;1;0;56;5950.0;2835.0;
Departamento;Condesa;5;1;2;340;63000.0;7350.0;3150.0
Galpón/Depósito/Almacén;Arboledas;0;4;0;344;14000.0;;2621.5
Conjunto Comercial/Sala;Santa Fe;0;1;0;30;2450.0;2555.0;
Departamento;Industrial Vallejo;2;2;0;70;6300.0;;
Casa de Vecindad;Casa Blanca;1;0;0;22;1575.0;458.5;59.5
Departamento;Coyoacán;4;3;3;224;45500.0;12131.0;4497.5
Casa de Condominio;Roma;1;4;0;400;63000.0;;
Departamento;Coyoacán;3;0;1;180;31150.0;8050.0;
Conjunto Comercial/Sala;Centro Histórico;0;6;0;1743;305025.0;164223.5;26292.0
Departamento;Narvarte;2;0;0;64;5600.0;1561.0;164.5
Conjunto Comercial/Sala;Centro Histórico;0;0;0;623;108500.0;;
Departamento;Napoles;1;0;0;32;5250.0;1690.5;192.5
Casa de Condominio;Santa Fe;5;4;5;700;56000.0;7525.0;59500.0
Casa de Vecindad;Zacatenco;1;0;0;30;1680.0;;
Tienda en Centro Comercial;Coyoacán;0;0;0;30;7700.0;5950.0;675.5
Departamento;Santa Fe;1;2;0;70;8750.0;5250.0;
Departamento;Juárez;2;0;0;70;8575.0;1400.0;87.5
Departamento;Arboledas;2;1;1;49;4550.0;2439.5;
Departamento;Roma;1;1;0;43;6300.0;3752.0;350.0
Departamento;Narvarte;3;1;1;160;9800.0;2800.0;
Departamento;Santa Fe;4;2;1;165;17500.0;9800.0;22750.0
Conjunto Comercial/Sala;San Miguel Chapultepec;0;0;0;30;2450.0;2919.0;294.0
Departamento en Hotel;Lomas de Chapultepec;1;1;0;65;15750.0;5600.0;350.0
Departamento;Santa Fe;2;2;1;78;7000.0;10899.0;1417.5
Departamento;Condesa;3;1;0;110;8750.0;4725.0;455.0
Departamento;Santa Fe;4;3;3;430;24500.0;13300.0;4375.0
Departamento;Napoles;3;1;0;88;7000.0;1368.5;196.0
Edificio Completo;Roma;0;0;0;536;98000.0;;
Departamento;Santa Fe;2;1;1;77;8750.0;4900.0;371.0
Conjunto Comercial/Sala;Centro Histórico;0;0;0;75;6650.0;2450.0;255.5
Conjunto Comercial/Sala;Centro Histórico;0;0;0;150;12250.0;12852.0;2985.5
Conjunto Comercial/Sala;Centro Histórico;0;0;0;33;2100.0;2002.0;430.5
Conjunto Comercial/Sala;Centro Histórico;0;0;0;105;7000.0;3297.0;1025.5
Departamento;Iztapalapa;1;0;0;50;2800.0;980.0;
Conjunto Comercial/Sala;Santa Fe;0;1;0;32;5250.0;2516.5;
Departamento;Condesa;1;0;0;26;4200.0;1540.0;192.5
Conjunto Comercial/Sala;Centro Histórico;0;0;0;80;6650.0;8750.0;
Departamento;Lomas de Chapultepec;4;3;3;510;87500.0;16800.0;8400.0
Departamento;San Miguel Chapultepec;1;1;0;60;4375.0;1470.0;70.0
Departamento;Del Valle;2;0;1;90;11550.0;6527.5;903.0
Conjunto Comercial/Sala;Santa Fe;0;1;0;28;2100.0;1897.0;745.5
Conjunto Comercial/Sala;Centro Histórico;0;0;0;541;94640.0;52430.0;
Conjunto Comercial/Sala;Centro Histórico;0;0;0;50;5600.0;3150.0;301.0
Galpón/Depósito/Almacén;Nativitas;0;5;0;1100;52500000.0;;3500.0
Departamento;Santa Fe;4;4;4;333;49000.0;9800.0;4200.0
Departamento;Del Valle;3;1;1;160;14000.0;5600.0;840.0
Departamento;Santa Fe;4;2;0;170;24500.0;7700.0;2800.0
Departamento;Bosques de Aragón;3;3;2;380;105000.0;33600.0;7000.0
Departamento;Condesa;3;0;0;105;9100.0;3538.5;619.5
Casa de Vecindad;Mixcoac;2;1;0;80;3500.0;;
Conjunto Comercial/Sala;Narvarte;0;1;0;41;2275.0;2135.0;574.0
Departamento;Condesa;3;1;0;100;11200.0;2450.0;350.0
Conjunto Comercial/Sala;La Condesa;0;27;0;980;273000.0;102028.5;
Tienda/Salón;Condesa;0;0;0;60;35000.0;;23558.5
Departamento;Coyoacán;2;1;0;70;12600.0;2254.0;448.0
Galpón/Depósito/Almacén;Atlalilco;0;1;0;240;17500.0;;6300.0
Departamento;San Miguel Chapultepec;2;1;0;80;5600.0;1925.0;
Departamento;Santa Fe;3;2;1;90;10500.0;3500.0;
Conjunto Comercial/Sala;Centro Histórico;0;0;0;22;2030.0;2100.0;350.0
Departamento;San Pedro de los Pinos;2;1;0;90;10150.0;2852.5;336.0
Tienda/Salón;Juárez;0;0;0;25;1050.0;2450.0;455.0
Conjunto Comercial/Sala;Centro Histórico;0;0;0;304;17500.0;28955.5;28913.5
Conjunto Comercial/Sala;Centro Histórico;0;0;0;200;17500.0;7000.0;2800.0
Departamento;La Virgen;3;1;0;81;4900.0;2292.5;56.0
Departamento;Condesa;2;2;1;100;12600.0;2625.0;525.0
Departamento;Santa Fe;4;3;3;293;42000.0;14700.0;
Departamento;Bosques de las Lomas;4;3;1;200;26950.0;7000.0;3178.0
Conjunto Comercial/Sala;Roma;0;4;0;420;140000.0;39200.0;9100.0
Departamento;Santa Fe;4;3;4;429;70000.0;16114.0;33267.5
Edificio Completo;Centro Histórico;0;0;0;6986;1960000.0;;
Edificio Completo;Santa Fe;0;0;0;600;35000.0;;45500.0
Casa de Condominio;Santa Fe;4;8;4;700;63000.0;5950.0;9450.0
Departamento;Roma;2;1;1;78;10500.0;3290.0;633.5
Departamento;Coyoacán;3;2;2;170;42000.0;5425.0;2156.0
Departamento;San Miguel Chapultepec;2;2;0;102;5600.0;3472.0;451.5
Departamento en Hotel;Del Valle;1;1;0;50;9800.0;2800.0;315.0
Tienda/Salón;Santa Fe;0;1;0;36;3850.0;4200.0;973.0
Departamento;Coyoacán;3;1;0;120;12250.0;5250.0;721.0
Conjunto Comercial/Sala;Santa Fe;0;0;0;35;3500.0;4347.0;854.0
Departamento;Condesa;3;0;0;149;7000.0;3115.0;182.0
Departamento;Santa Fe;3;1;1;73;5950.0;2156.0;101.5
Casa;Santa Fe;6;4;4;480;70000.0;3850.0;
Conjunto Comercial/Sala;Santa Fe;0;0;0;30;6300.0;2275.0;1050.0
Conjunto Comercial/Sala;Doctores;0;0;0;75;9800.0;4959.5;
Departamento;Napoles;2;0;0;84;10500.0;2520.0;455.0
Conjunto Comercial/Sala;Santa Fe;0;2;0;54;10500.0;4368.0;
Casa;Del Valle;4;0;2;85;31150.0;;
Conjunto Comercial/Sala;Centro Histórico;0;0;0;677;84000.0;60452.0;4119.5
Departamento;San Pedro de los Pinos;3;1;1;80;15750.0;5673.5;840.0
Departamento;Condesa;3;1;0;90;11200.0;2450.0;630.0
Departamento;Lomas de Chapultepec;3;1;0;120;22750.0;5600.0;9138.5
Departamento;Santa Fe;3;3;3;210;18200.0;9100.0;
Departamento;Lomas de Chapultepec;4;3;1;160;28000.0;5250.0;1974.0
Departamento;Condesa;3;1;0;92;8750.0;3850.0;385.0
Departamento;Santa Fe;3;2;1;100;10500.0;4200.0;
Departamento;Coyoacán;1;0;0;125;21000.0;6300.0;1771.0
Conjunto Comercial/Sala;Santa Fe;0;1;0;32;4900.0;4550.0;875.0
Departamento;Roma;2;1;2;136;15680.0;4200.0;1046.5
Conjunto Comercial/Sala;Centro Histórico;0;0;0;30;4200.0;1382.5;276.5
Departamento;Condesa;3;0;0;180;49000.0;8750.0;
Departamento en Hotel;Condesa;1;1;1;38;9450.0;3850.0;315.0
Departamento;Santa Fe;4;3;4;294;34996.5;10923.5;2240.0
Conjunto Comercial/Sala;Centro Histórico;0;0;0;27;1050.0;1533.0;392.0
Departamento;Coyoacán;4;2;1;270;73500.0;9261.0;2884.0
Departamento;San Ángel;3;2;1;120;18375.0;5250.0;1225.0
Departamento en Hotel;Condesa;1;0;0;55;7000.0;3850.0;490.0
Departamento;Santa Fe;4;6;4;550;52531.5;14437.5;
Departamento;Lomas de Chapultepec;3;3;2;240;70000.0;12250.0;2415.0
Departamento;Santa Fe;4;3;4;400;49000.0;21122.5;
Departamento;Santa Fe;4;3;4;165;15400.0;5600.0;1470.0
Departamento;Narvarte;2;1;1;95;5950.0;2996.0;388.5
Departamento;Las Águilas;2;1;1;67;5950.0;2800.0;315.0
Conjunto Comercial/Sala;Centro Histórico;0;0;0;84;5600.0;5950.0;577.5
Conjunto Comercial/Sala;Condesa;0;0;0;25;3500.0;1505.0;
Tienda en Centro Comercial;Coyoacán;0;0;0;35;12250.0;11130.0;976.5
Cocineta;Condesa;0;0;0;26;6475.0;1750.0;
Cocineta;Centro Histórico;0;0;0;33;2800.0;969.5;360.5
Departamento;Roma;2;0;0;70;11900.0;2275.0;
Conjunto Comercial/Sala;Santa Fe;0;2;0;130;45500.0;11945.5;28742.0
Conjunto Comercial/Sala;Centro Histórico;0;0;0;320;98000.0;14000.0;
Departamento;Condesa;2;1;0;67;8400.0;3832.5;
Departamento en Hotel;Lomas de Chapultepec;1;1;1;59;14000.0;4900.0;630.0
Cocineta;Centro Histórico;0;0;0;32;2100.0;1778.0;70.0
Departamento;Coyoacán;4;2;1;191;30450.0;12950.0;525.0
Tienda/Salón;Santa Fe;0;1;0;90;19250.0;6650.0;17132.5
Departamento;Iztacalco;3;1;1;60;5075.0;1302.0;
Conjunto Comercial/Sala;Centro Histórico;0;0;0;370;38850.0;32354.0;8018.5
Departamento en Hotel;Coyoacán;1;1;0;60;12250.0;5250.0;854.0
Departamento;Coyoacán;3;1;1;130;21000.0;11200.0;980.0
Departamento;Bosques de las Lomas;4;3;2;240;31500.0;16838.5;4046.0
Cocineta;Centro Histórico;0;0;0;30;3850.0;1470.0;87.5
Tienda/Salón;Roma;0;0;0;585;210000.0;280.0;
Conjunto Comercial/Sala;Centro Histórico;0;0;0;21;3500.0;1186.5;290.5
Departamento;Condesa;2;0;1;114;8400.0;4935.0;490.0
Departamento;Del Valle;2;1;1;76;11550.0;3930.5;801.5
Casa de Condominio;Santa Fe;4;8;1;400;24500.0;2800.0;2730.0
Posada/Chalé;Santa Fe;23;0;23;862;5180.0;1032.5;
Departamento;Condesa;3;1;1;92;8750.0;3850.0;5292.0
Departamento;Coyoacán;3;1;1;140;15750.0;4200.0;875.0
Cocineta;Lomas de Chapultepec;1;0;0;30;6300.0;1627.5;217.0
Departamento en Hotel;Santa Fe;1;1;1;52;4200.0;7070.0;2054.5
Casa Comercial;Roma;0;0;0;390;42000.0;;1018.5
Departamento;Santa Fe;4;2;2;245;24150.0;11900.0;2030.0
Departamento;Santa Fe;2;1;1;86;10150.0;3780.0;560.0
Departamento;Condesa;1;0;0;35;7700.0;1109.5;
Departamento;San Pedro de los Pinos;2;0;0;60;8750.0;2275.0;346.5
Conjunto Comercial/Sala;Centro Histórico;0;0;0;61;5250.0;3804.5;875.0
Departamento;Condesa;1;0;0;35;7000.0;1960.0;234.5
Casa Comercial;Roma;11;4;3;400;28000.0;;7665.0
Cocineta;Condesa;1;0;0;30;5600.0;1400.0;
Departamento;Roma;1;1;0;45;5250.0;3843.0;672.0
Tienda/Salón;Centro Histórico;0;0;0;280;28000.0;;
Conjunto Comercial/Sala;Santa Fe;0;3;0;77;9800.0;6825.0;
Departamento;Lomas de Chapultepec;2;2;1;150;35000.0;7945.0;1428.0
Departamento;Condesa;1;0;0;47;6650.0;4900.0;647.5
Cocineta;Condesa;1;0;0;32;8050.0;;
Conjunto Comercial/Sala;Centro Histórico;0;0;0;292;15750.0;24500.0;5950.0
Departamento en Hotel;Coyoacán;2;1;1;100;45500.0;14350.0;1704.5
Departamento;Lomas de Chapultepec;1;1;0;53;13300.0;5320.0;
Departamento;Lomas de Chapultepec;2;1;0;60;13650.0;4273.5;710.5
Cocineta;Narvarte;1;0;0;28;4200.0;1050.0;70.0
Departamento;Coyoacán;2;1;1;86;42000.0;;
Conjunto Comercial/Sala;Santa Fe;0;1;0;22;2625.0;2100.0;
Departamento;Condesa;3;1;1;130;14000.0;5250.0;1218.0
Casa de Condominio;Santa Fe;5;3;3;1750;52500.0;10150.0;6293.0
Conjunto Comercial/Sala;Centro Histórico;0;0;0;33;3850.0;1225.0;297.5
Departamento;El Contadero;2;1;0;70;5950.0;1575.0;105.0
Conjunto Comercial/Sala;Santa Fe;0;2;0;90;15750.0;;
Casa;Santa Fe;5;0;5;800;105000.0;8165.5;10146.5
Departamento;Santa Fe;2;1;0;58;5950.0;420.0;2450.0
Departamento;Condesa;3;0;0;105;13300.0;4116.0;595.0
Departamento;Napoles;2;0;0;75;9800.0;3213.0;
Conjunto Comercial/Sala;Santa Fe;0;2;0;85;7700.0;7833.0;2121.0
Tienda/Salón;Santa Fe;0;0;0;32;3500.0;6135.5;23471.0
Departamento;Condesa;1;0;0;29;5075.0;2800.0;
Departamento;Coyoacán;3;0;0;90;8750.0;4585.0;780.5
Departamento;Narvarte;1;0;1;48;4200.0;2170.0;164.5
Departamento;Condesa;1;0;0;55;7350.0;2198.0;189.0
Tienda/Salón;Coyoacán;0;0;0;46;15750.0;6086.5;2740.5
Departamento;Santa Fe;2;1;1;59;5950.0;2275.0;182.0
Departamento;Condesa;4;2;2;389;41300.0;14465.5;40376.0
Departamento en Hotel;Condesa;1;1;0;60;5600.0;5250.0;595.0
Departamento;Lomas de Chapultepec;2;2;1;88;15750.0;6650.0;1365.0
Departamento;Narvarte;2;0;0;79;4200.0;3209.5;318.5
Departamento;Condesa;2;0;0;60;8750.0;1820.0;
Departamento;Roma;1;1;0;100;8750.0;3272.5;542.5
Conjunto Comercial/Sala;Santa Fe;0;5;0;98;35000.0;10850.0;25161.5
Departamento;San Rafael;2;0;0;64;5600.0;945.0;164.5
Departamento;Condesa;2;1;0;73;10150.0;4025.0;
Departamento;Lomas de Chapultepec;2;2;1;113;12250.0;5099.5;1599.5
Tienda/Salón;Coyoacán;0;0;0;18;5250.0;2590.0;367.5
Departamento;Santa Fe;4;3;1;180;26250.0;8400.0;2450.0
Departamento;Peralvillo;2;1;0;58;2625.0;1662.5;59.5
Casa de Condominio;Polanco;3;2;0;88;7350.0;1505.0;1120.0
Departamento;Roma;3;2;1;115;23800.0;5005.0;1344.0
Galpón/Depósito/Almacén;Arboledas;0;4;0;400;22750.0;;9317.0
Departamento;Santa Fe;3;2;1;145;15750.0;3451.0;1655.5
Departamento;Roma Norte;2;0;0;75;4200.0;1610.0;
Conjunto Comercial/Sala;Santa Fe;0;1;0;53;10500.0;3640.0;1484.0
Departamento;Lomas de Chapultepec;3;1;1;180;31500.0;5439.0;1960.0
Departamento;Lomas de Chapultepec;1;0;0;30;7350.0;2170.0;276.5
Departamento;Villa Coapa;3;0;0;75;3325.0;304.5;49.0
Departamento;Santa Fe;4;3;2;330;26250.0;5950.0;
Departamento;San Miguel Chapultepec;1;1;0;54;4900.0;2600.5;231.0
Conjunto Comercial/Sala;Centro Histórico;0;0;0;33;2100.0;2128.0;402.5
Departamento;Arboledas;2;1;0;65;4200.0;2163.0;
Conjunto Comercial/Sala;Centro Histórico;0;0;0;65;6300.0;7000.0;857.5
Departamento en Hotel;Coyoacán;2;2;2;94;45500.0;12250.0;
Departamento;Coyoacán;3;0;0;90;9800.0;4900.0;630.0
Departamento;Santa Fe;2;1;1;84;8750.0;7297.5;927.5
Departamento;El Rosedal;1;0;0;35;1925.0;;
Conjunto Comercial/Sala;Villa de Cortés;0;7;0;1101;269745.0;85743.0;7745.5
Departamento;Condesa;3;1;0;90;10500.0;3857.0;878.5
Conjunto Comercial/Sala;Santa Fe;0;4;0;150;26600.0;20513.5;38402.0
Departamento;San Pedro de los Pinos;2;1;0;62;7700.0;3710.0;462.0
Departamento;Condesa;2;0;0;55;8050.0;4312.0;
Departamento;Lomas de Chapultepec;3;2;1;170;28000.0;9765.0;2240.0
Departamento;Roma;2;1;0;87;10500.0;2730.0;
Departamento;Narvarte;1;0;0;52;5250.0;1925.0;171.5
Terreno Estándar;Nativitas;0;0;0;9080;77000.0;;59563.0
Departamento;Narvarte;3;0;1;126;9100.0;2961.0;784.0
Departamento;Bosques de las Lomas;3;1;1;160;17500.0;8690.5;
Conjunto Comercial/Sala;Condesa;0;0;0;25;5250.0;1907.5;563.5
Galpón/Depósito/Almacén;Villa de Guadalupe;0;0;0;400;87500.0;;
Departamento;Santa Fe;3;2;1;105;9800.0;5705.0;917.0
Conjunto Comercial/Sala;Coyoacán;0;1;0;56;17500.0;6475.0;2016.0
Departamento;Napoles;4;1;0;320;33250.0;7000.0;2030.0
Departamento;Loma Bonita;2;0;0;40;2975.0;;
Departamento;Santa Fe;4;2;2;280;28000.0;10465.0;1960.0
Galpón/Depósito/Almacén;Nativitas;0;0;0;990;70000.0;;12747.0
Casa;Villa Coapa;1;0;0;39;2100.0;;56.0
Conjunto Comercial/Sala;Santa Fe;0;36;0;1200;295750.0;154000.0;
Departamento;Coyoacán;2;1;1;243;42000.0;8050.0;
Departamento;Santa Fe;3;4;3;366;49000.0;12593.0;3545.5
Departamento;Napoles;2;0;0;87;9100.0;2502.5;535.5
Departamento;San Felipe de Jesús;2;2;0;81;2975.0;1225.0;171.5
Departamento en Hotel;Roma;1;1;0;50;8400.0;2712.5;525.0
Conjunto Comercial/Sala;Santa Fe;0;1;0;30;3500.0;3437.0;
Conjunto Comercial/Sala;Villa de Guadalupe;0;1;0;18;1260.0;2625.0;192.5
Departamento;Bosques de Aragón;3;1;1;180;59104.5;8750.0;2145.5
Departamento;Santa Fe;2;1;1;68;5250.0;4900.0;
Departamento;Lomas de Chapultepec;4;3;1;200;52500.0;4480.0;23793.0
Conjunto Comercial/Sala;Centro Histórico;0;0;0;315;55125.0;19645.5;5463.5
Departamento;Coyoacán;2;1;1;95;33250.0;12950.0;1890.0
Casa de Condominio;Santa Fe;4;3;1;400;29750.0;3080.0;2730.0
Conjunto Comercial/Sala;Santa Fe;0;1;0;30;4200.0;1225.0;
Tienda/Salón;Condesa;0;0;0;14;3850.0;2450.0;
Departamento;Santa Fe;3;2;1;106;11200.0;6177.5;
Departamento;San Ángel;3;1;1;142;21000.0;3360.0;12250.0
Conjunto Comercial/Sala;Coyoacán;2;0;0;45;11515.0;7700.0;857.5
Departamento;Santa Fe;4;3;3;160;29575.0;8050.0;1400.0
Departamento;La Loma;1;0;0;46;5589.5;2100.0;227.5
Departamento;Coyoacán;2;1;1;100;26250.0;8732.5;
Conjunto Comercial/Sala;Centro Histórico;0;0;0;200;10500.0;7420.0;1249.5
Departamento;Santa Fe;3;2;1;165;17500.0;4200.0;1750.0
Conjunto Comercial/Sala;Casa Blanca;0;1;0;25;1750.0;1645.0;
Loft;Santa Fe;1;2;1;100;7700.0;5043.5;1218.0
Departamento;Ciudad de los Deportes;2;1;1;58;3850.0;1715.0;245.0
Cocineta;Roma;1;0;0;31;7350.0;1193.5;185.5
Tienda/Salón;Lindavista;0;0;0;112;5250.0;6212.5;
Departamento;Santa Fe;2;1;0;58;5600.0;2548.0;350.0
Departamento;Bosques de las Lomas;3;1;3;170;35000.0;4200.0;1575.0
Departamento;Santa Marta Acatitla;2;1;0;40;2625.0;350.0;
Conjunto Comercial/Sala;Centro Histórico;0;0;0;195;14000.0;16016.0;4273.5
Casa de Condominio;Santa Fe;4;2;1;350;26250.0;3349.5;
Conjunto Comercial/Sala;Centro Histórico;0;0;0;150;15750.0;7000.0;2450.0
Departamento;Lomas de Chapultepec;4;2;2;160;42000.0;10150.0;2065.0
Departamento;Lomas de Chapultepec;2;2;2;80;21000.0;6300.0;
Departamento;Santa Fe;3;2;1;127;13300.0;5495.0;1057.0
Departamento;Santa Fe;3;3;3;268;28000.0;11550.0;2411.5
Tienda/Salón;Centro Histórico;0;0;0;186;21000.0;;
Conjunto Comercial/Sala;Roma;0;15;0;650;193375.0;54257.0;18154.5
Departamento;Polanco;2;1;0;92;16100.0;2800.0;700.0
Conjunto Comercial/Sala;Narvarte;2;0;0;42;4550.0;2100.0;605.5
Departamento;San Rafael;2;0;0;76;4200.0;875.0;
Casa;San Miguel Chapultepec;3;0;0;100;10500.0;;7665.0
Departamento;Condesa;4;1;1;260;45500.0;3500.0;875.0
Casa;Santa Fe;4;3;1;350;26250.0;3395.0;2222.5
Departamento;Condesa;3;2;1;200;21000.0;3850.0;700.0
Departamento en Hotel;Lomas de Chapultepec;2;1;1;110;21000.0;13923.0;1074.5
Conjunto Comercial/Sala;Atlalilco;0;0;0;36;2030.0;875.0;262.5
Departamento;Roma;2;0;0;91;9800.0;1225.0;
Departamento;Santa Fe;3;3;1;236;31500.0;15711.5;3678.5
Departamento;San Ángel;3;1;1;113;16800.0;6125.0;630.0
Conjunto Comercial/Sala;Centro Histórico;0;0;0;42;7000.0;3881.5;
Departamento;Coyoacán;2;3;1;100;20300.0;13650.0;1575.0
Departamento;Santa Fe;1;2;1;124;10500.0;3437.0;1106.0
Departamento;Roma;3;1;0;101;11200.0;3468.5;521.5
Departamento;Santa Fe;2;1;1;76;6650.0;4900.0;
Departamento;Coyoacán;2;1;1;70;17500.0;9275.0;
Conjunto Comercial/Sala;Santa Fe;0;1;0;50;5950.0;4095.0;
Departamento;Santa Fe;4;2;1;235;14700.0;8886.5;
Departamento;Napoles;1;0;0;60;7700.0;2100.0;266.0
Conjunto Comercial/Sala;Roma;0;15;0;650;193375.0;79625.0;22204.0
Departamento;Condesa;3;1;1;159;13300.0;5425.0;10500.0
Edificio Completo;Lomas de Chapultepec;0;0;0;652;175000.0;;22750.0
Departamento;Centro Histórico;1;1;0;51;5250.0;1417.5;140.0
Departamento;Narvarte;2;0;0;80;6650.0;2450.0;
Conjunto Comercial/Sala;Condesa;0;0;0;31;2450.0;1830.5;350.0
Departamento;Condesa;3;1;2;156;24500.0;3675.0;973.0
Departamento;Juárez;3;0;0;95;7700.0;3650.5;336.0
Departamento;Narvarte;3;2;0;104;8750.0;4333.0;574.0
Departamento;Santa Fe;2;1;1;70;5600.0;3150.0;
Departamento;Coyoacán;3;2;3;230;84000.0;8400.0;3325.0
Departamento;Narvarte;2;1;0;68;4725.0;2345.0;259.0
Departamento;Coyoacán;3;0;1;110;19250.0;4200.0;13650.0
Departamento;Condesa;1;0;1;30;4550.0;2205.0;
Departamento;Narvarte;2;1;1;76;8750.0;3255.0;322.0
Conjunto Comercial/Sala;Centro Histórico;0;0;0;35;2100.0;1708.0;294.0
Departamento;Santa Fe;3;2;0;150;19250.0;9450.0;1050.0
Departamento;Lomas de Chapultepec;3;0;0;120;12600.0;3325.0;724.5
Departamento;Santa Fe;4;3;3;160;30100.0;8050.0;875.0
Departamento;Santa Fe;4;2;4;230;28000.0;9800.0;1505.0
Conjunto Comercial/Sala;Centro Histórico;0;0;0;490;31150.0;27510.0;5323.5
Departamento;Condesa;2;0;0;72;10500.0;3482.5;367.5
Departamento;Santa Fe;4;2;1;190;24500.0;7700.0;2310.0
Departamento;San Miguel Chapultepec;2;1;0;60;5600.0;2639.0;80.5
Departamento;Condesa;4;2;1;260;35000.0;5649.0;1820.0
Departamento;Los Reyes Coyoacán;1;0;0;51;2800.0;717.5;
Departamento;Del Valle;3;1;0;120;11550.0;4130.0;
Departamento;Coyoacán;2;1;0;45;10500.0;1750.0;105.0
Departamento;Napoles;2;0;0;75;9450.0;3073.0;
Conjunto Comercial/Sala;Santa Fe;0;10;0;356;70000.0;47715.5;6611.5
Conjunto Comercial/Sala;Centro Histórico;0;0;0;22;4200.0;2047.5;
Conjunto Comercial/Sala;Santa Fe;0;4;0;126;20268.5;8942.5;30555.0
Tienda/Salón;Lomas de Chapultepec;0;3;0;140;91000.0;19250.0;
Departamento en Hotel;Coyoacán;1;1;1;46;14000.0;;
Departamento;Mixcoac;2;2;0;74;3850.0;2625.0;45.5
Departamento;Narvarte;3;1;0;70;5950.0;2765.0;395.5
Departamento;Bosques de las Lomas;3;1;0;94;14000.0;3500.0;882.0
Departamento;San Miguel Chapultepec;1;0;0;41;4200.0;1575.0;
Cocineta;Centro Histórico;0;0;0;26;3325.0;1102.5;73.5
Departamento;Coyoacán;2;2;2;85;24500.0;7175.0;1078.0
Conjunto Comercial/Sala;Centro Histórico;0;0;0;320;52500.0;15400.0;
Departamento;Coyoacán;3;1;2;242;34996.5;;34737.5
Departamento;Condesa;4;2;4;420;87500.0;7000.0;4200.0
Conjunto Comercial/Sala;Centro Histórico;0;0;0;20;30691.5;;
Departamento;Iztacalco;1;1;1;133;4900.0;;
Conjunto Comercial/Sala;Roma;0;4;0;197;77000.0;25571.0;4665.5
Tienda en Centro Comercial;San Ángel;0;0;0;55;45500.0;4210.5;18504.5
Cocineta;Condesa;1;0;0;35;8750.0;1750.0;140.0
Casa Comercial;Roma;0;2;0;500;42000.0;;8900.5
Departamento;Santa Fe;3;2;1;212;19250.0;4200.0;2387.0
Conjunto Comercial/Sala;Santa Fe;0;1;0;27;3500.0;1330.0;584.5
Edificio Completo;Centro Histórico;0;0;0;357;40250.0;;
Conjunto Comercial/Sala;Centro Histórico;0;0;0;34;1750.0;2198.0;336.0
Conjunto Comercial/Sala;Centro Histórico;0;0;0;194;21000.0;17580.5;1536.5
Departamento;Condesa;1;0;0;45;6650.0;2345.0;105.0
Conjunto Comercial/Sala;Centro Histórico;0;6;0;1959;514237.5;116560.5;23653.0
Conjunto Comercial/Sala;Narvarte;0;1;0;30;2625.0;1750.0;294.0
Departamento;Condesa;1;0;0;40;5250.0;1190.0;248.5
Departamento;Narvarte;1;0;0;51;4200.0;2345.0;
Cocineta;Roma;1;0;0;24;3850.0;1820.0;
Departamento;Santa Fe;4;3;2;330;42000.0;16450.0;5978.0
Conjunto Comercial/Sala;Santa Fe;0;6;0;308;59500.0;21700.0;4550.0
Conjunto Comercial/Sala;Santa Fe;0;1;0;42;10500.0;2450.0;6212.5
Departamento;Roma;3;2;3;164;43750.0;5950.0;1050.0
Departamento;Santa Fe;3;2;1;140;15750.0;5600.0;12530.0
Departamento;Coyoacán;3;2;1;180;29750.0;6006.0;2870.0
Conjunto Comercial/Sala;Santa Fe;0;4;0;100;17150.0;10325.0;1960.0
Departamento en Hotel;Condesa;1;1;0;60;3115.0;6300.0;525.0
Departamento;Atlampa;3;1;0;85;5250.0;;
Departamento;Condesa;2;1;0;90;11900.0;;
Departamento;Nativitas;2;0;0;57;4550.0;1319.5;115.5
Conjunto Comercial/Sala;Santa Fe;0;24;0;770;175000.0;101500.0;
Conjunto Comercial/Sala;Peralvillo;0;1;0;23;2100.0;1505.0;
Conjunto Comercial/Sala;Coyoacán;0;0;0;100;59500.0;;
Conjunto Comercial/Sala;Centro Histórico;0;0;0;150;31500.0;19082.0;4252.5
Departamento;Condesa;3;1;0;130;10850.0;4550.0;
Tienda/Salón;Centro Histórico;0;0;0;226;42000.0;;2334.5
Departamento;Lomas de Chapultepec;1;0;0;65;12600.0;2100.0;420.0
Conjunto Comercial/Sala;Coyoacán;0;1;0;115;35000.0;11322.5;2184.0
Conjunto Comercial/Sala;Santa Fe;0;2;0;75;10850.0;5880.0;630.0
Departamento;Santa Fe;3;3;1;230;57750.0;;
Tienda/Salón;Santa Fe;0;1;0;110;9800.0;5880.0;3850.0
Departamento;Condesa;3;1;1;200;42000.0;;
Conjunto Comercial/Sala;Centro Histórico;0;0;0;212;28000.0;12250.0;4200.0
Departamento;Narvarte;2;1;0;88;4200.0;2240.0;
Departamento en Hotel;Santa Fe;1;2;1;110;12250.0;5950.0;700.0
Conjunto Comercial/Sala;Roma;0;4;0;242;52500.0;33232.5;5988.5
Departamento;Coyoacán;2;1;0;70;14000.0;2149.0;525.0
Departamento;Peralvillo;2;1;0;55;4025.0;2205.0;35.0
Departamento;Condesa;4;1;4;240;24500.0;8050.0;1750.0
Departamento;Condesa;3;0;0;110;10500.0;3500.0;70.0
Conjunto Comercial/Sala;Centro Histórico;0;0;0;50;2765.0;1050.0;290.5
Departamento;Roma;3;1;0;93;11200.0;2625.0;427.0
Departamento;Lomas de Padierna;1;1;0;47;4200.0;1015.0;171.5
Conjunto Comercial/Sala;Historiadores;0;0;0;35;2450.0;1015.0;175.0
Departamento;Condesa;1;0;0;34;4900.0;1645.0;192.5
Departamento;Narvarte;3;1;0;95;8050.0;2485.0;
Conjunto Comercial/Sala;Centro Histórico;0;0;0;78;5250.0;2275.0;840.0
Conjunto Comercial/Sala;Santa Fe;0;1;0;36;4550.0;2558.5;875.0
Cocineta;Condesa;1;1;0;42;6475.0;1750.0;245.0
Departamento;Peralvillo;2;1;0;66;4550.0;1575.0;1785.0
Conjunto Comercial/Sala;Narvarte;0;0;0;80;12250.0;2835.0;875.0
Casa;Ciudad de los Deportes;3;4;1;316;6825.0;;654.5
Tienda/Salón;Santa Fe;0;1;0;31;7350.0;2450.0;
Tienda/Salón;Roma;0;0;0;1950;875000.0;;
Departamento;Roma Norte;2;0;0;68;3500.0;2030.0;52.5
Tienda/Salón;Coyoacán;0;0;0;30;5250.0;2380.0;609.0
Departamento;Condesa;1;0;0;30;4900.0;1505.0;105.0
Conjunto Comercial/Sala;Centro Histórico;0;0;0;150;35000.0;4550.0;2012.5
Departamento;Roma;3;1;1;110;17500.0;3468.5;763.0
Departamento;Santa Fe;2;1;1;70;17500.0;9450.0;903.0
Departamento;Roma;2;1;0;70;8750.0;;
Departamento;Condesa;3;1;0;120;21000.0;2555.0;
Departamento;Santa Fe;2;1;2;74;8050.0;4725.0;
Conjunto Comercial/Sala;Roma;0;14;0;648;255500.0;88081.0;
Cocineta;Centro Histórico;0;0;0;20;3325.0;840.0;70.0
Departamento;Centro Histórico;1;0;1;40;3325.0;1225.0;84.0
Conjunto Comercial/Sala;Centro Histórico;0;0;0;432;42000.0;27328.0;8225.0
Departamento;Coyoacán;4;3;2;200;42000.0;6825.0;2198.0
Casa Comercial;Roma;0;2;0;261;63000.0;;5631.5
Conjunto Comercial/Sala;Narvarte;0;1;0;54;8750.0;2782.5;210.0
Casa Comercial;Centro Histórico;0;0;0;330;20650.0;;15557.5
Departamento;Santa Fe;4;2;1;120;10500.0;5600.0;843.5
Casa de Condominio;Roma;3;0;2;150;18900.0;1400.0;700.0
Departamento;La Loma;2;0;0;60;8400.0;2450.0;
Departamento;Villa de Guadalupe;2;1;0;50;4200.0;1400.0;
Conjunto Comercial/Sala;Centro Histórico;0;0;0;154;10188.5;4427.5;2320.5
Departamento;Santa Fe;2;1;0;51;4515.0;1750.0;45.5
Departamento;Santa Fe;4;3;4;265;42000.0;19250.0;2800.0
Departamento;Santa Fe;3;3;3;200;21000.0;8400.0;2520.0
Departamento;Santa Fe;3;3;3;203;19250.0;9800.0;2450.0
Conjunto Comercial/Sala;Roma;0;1;0;4;7700.0;3591.0;2100.0
Departamento;Centro Histórico;2;0;0;68;5950.0;990.5;42.0
Departamento;Roma;1;1;0;40;7000.0;1260.0;87.5
Conjunto Comercial/Sala;Centro Histórico;0;0;0;124;12250.0;5579.0;1904.0
Departamento;San Pedro de los Pinos;3;1;0;90;7000.0;3318.0;528.5
Departamento;Santa Fe;2;1;1;90;11200.0;5061.0;826.0
Edificio Completo;Centro Histórico;0;0;0;650;105000.0;;
Conjunto Comercial/Sala;Centro Histórico;0;0;0;256;14000.0;14479.5;3535.0
Departamento;Del Valle;2;0;0;60;2975.0;805.0;
Casa;Jardines de San Mateo;3;3;1;360;8732.5;;
Departamento;Bosques de Aragón;3;3;2;370;105000.0;35000.0;
Casa de Condominio;Jardines de San Mateo;2;1;0;70;3150.0;;
Departamento;Condesa;4;1;0;180;22750.0;4550.0;1050.0
Casa;Santa Fe;5;2;3;580;15750.0;2940.0;
Departamento;Condesa;4;2;2;500;105000.0;11200.0;3311.0
Departamento;Condesa;5;3;2;350;26250.0;9485.0;
Casa;Del Valle;3;0;2;408;101500.0;2975.0;21000.0
Departamento;Roma;1;1;0;62;9100.0;2275.0;350.0
Departamento;Santa Fe;2;1;1;75;5600.0;3013.5;
Departamento;Narvarte;2;0;0;60;5075.0;1785.0;
Conjunto Comercial/Sala;Centro Histórico;0;0;0;648;133000.0;59500.0;12089.0
Departamento;Condesa;2;0;1;65;8750.0;2975.0;455.0
Departamento;Narvarte;3;0;0;100;7700.0;2100.0;
Conjunto Comercial/Sala;Roma;0;20;0;716;187992.0;78680.0;10703.0
Departamento;Condesa;2;1;0;150;10500.0;4200.0;1375.5
Departamento;Nueva Santa María;2;0;0;50;4200.0;1438.5;24.5
Casa de Condominio;Santa Fe;8;7;5;1000;63000.0;7525.0;8750.0
Departamento;Coyoacán;2;0;2;110;43050.0;5250.0;700.0
Conjunto Comercial/Sala;Santa Fe;0;2;0;42;5250.0;4550.0;5250.0
Departamento;Santa Fe;3;1;1;76;5950.0;2800.0;
Departamento;Santa Fe;2;1;1;96;10500.0;5250.0;5250.0
Conjunto Comercial/Sala;Centro Histórico;0;0;0;44;2800.0;2191.0;486.5
Departamento;Polanco;3;0;0;100;11550.0;2555.0;731.5
Departamento;Condesa;4;1;1;298;17500.0;10780.0;2030.0
Departamento;Narvarte;2;0;0;75;6300.0;1400.0;
Departamento;Bosques de las Lomas;2;1;1;80;10500.0;3654.0;833.0
Departamento;Lomas de Chapultepec;3;1;0;80;12250.0;3640.0;871.5
Departamento;Roma;2;1;1;90;8750.0;3780.0;654.5
Tienda/Salón;San Miguel Chapultepec;0;0;0;219;77000.0;;3468.5
Departamento;Santa Fe;3;2;1;130;19250.0;8099.0;2761.5
Departamento;Santa Fe;4;2;1;103;9450.0;5600.0;469.0
Departamento;Coyoacán;4;2;2;350;73500.0;8330.0;1837.5
Casa de Condominio;Santa Fe;6;3;3;521;42000.0;6300.0;3850.0
Departamento;San Ángel;4;2;1;186;21000.0;7490.0;1575.0
Conjunto Comercial/Sala;La Condesa;0;12;0;640;105000.0;51800.0;
Departamento;San Miguel Chapultepec;3;1;0;75;5600.0;2709.0;
Departamento;San Miguel Chapultepec;2;1;0;57;4900.0;2940.0;175.0
Departamento;Lomas de Chapultepec;2;2;1;165;29750.0;8750.0;1750.0
Departamento;Del Valle;1;0;0;48;5950.0;1715.0;
Departamento;Coyoacán;3;1;2;85;15750.0;4200.0;
Departamento;Santa Fe;3;2;1;104;12250.0;4861.5;
Conjunto Comercial/Sala;Centro Histórico;0;0;0;30;2450.0;2250.5;329.0
Departamento;Narvarte;3;2;1;185;12600.0;5418.0;
Departamento;Santa Fe;3;2;1;120;12950.0;5950.0;1400.0
Departamento;Santa Fe;2;1;1;66;7700.0;3755.5;
Conjunto Comercial/Sala;Centro Histórico;0;0;0;155;18987.5;10213.0;
Conjunto Comercial/Sala;Centro Histórico;0;0;0;330;63000.0;11060.0;1571.5
Departamento;Condesa;4;1;4;240;31500.0;8750.0;
Departamento;Condesa;1;0;0;31;4200.0;1400.0;
Departamento;Coyoacán;3;1;1;180;129500.0;;
Conjunto Comercial/Sala;Narvarte;0;0;0;125;20965.0;8750.0;1645.0
Departamento;Napoles;1;0;0;45;10500.0;2600.5;199.5
Departamento en Hotel;Santa Fe;1;1;0;48;7700.0;3500.0;700.0
Conjunto Comercial/Sala;Centro Histórico;0;0;0;42;6300.0;3864.0;539.0
Conjunto Comercial/Sala;Centro Histórico;0;0;0;50;7000.0;1221.5;462.0
Conjunto Comercial/Sala;Centro Histórico;0;0;0;18;1750.0;1400.0;700.0
Departamento;Industrial Vallejo;2;1;0;60;2625.0;875.0;
Departamento;Condesa;3;1;0;86;7700.0;4760.0;616.0
Tienda/Salón;Centro Histórico;0;0;0;239;77000.0;5005.0;4795.0
Departamento;Santa Fe;3;2;1;129;14700.0;5722.5;1382.5
Conjunto Comercial/Sala;Narvarte;0;0;0;27;3500.0;1435.0;430.5
Conjunto Comercial/Sala;Santa Fe;0;2;0;44;4196.5;2450.0;
Conjunto Comercial/Sala;Centro Histórico;0;0;0;370;52500.0;23852.5;5890.5
Departamento;Roma;3;1;1;115;14000.0;2926.0;3920.0
Edificio Completo;Iztacalco;0;3;0;494;52500.0;;26250.0
Departamento;Peralvillo;2;1;0;60;4025.0;2240.0;
Casa de Condominio;Industrial Vallejo;2;1;0;81;3500.0;315.0;882.0
Departamento;Roma;3;2;1;120;10150.0;6436.5;1242.5
Departamento;Coyoacán;4;2;2;210;52500.0;16100.0;2800.0
Departamento;Santa Fe;2;1;1;78;8750.0;3850.0;350.0
Conjunto Comercial/Sala;Santa Fe;0;4;0;350;49000.0;14000.0;3500.0
Conjunto Comercial/Sala;Centro Histórico;0;0;0;30;3500.0;2100.0;350.0
Departamento;Lomas de Chapultepec;4;0;1;170;26250.0;8015.0;17636.5
Departamento;Bosques de las Lomas;4;3;1;240;26250.0;9450.0;2800.0
Departamento;Condesa;3;0;0;170;14000.0;6650.0;822.5
Cocineta;Condesa;1;0;0;30;7000.0;1435.0;105.0
Departamento;Santa Fe;4;3;2;167;12950.0;6650.0;1918.0
Departamento;Coyoacán;3;2;1;157;42000.0;11550.0;2418.5
Departamento;Roma;4;0;1;164;17500.0;7150.5;1389.5
Conjunto Comercial/Sala;Centro Histórico;0;0;0;88;10500.0;3349.5;1746.5
Conjunto Comercial/Sala;Centro Histórico;0;0;0;35;5250.0;3325.0;280.0
Conjunto Comercial/Sala;Santa Fe;0;2;0;100;15750.0;3150.0;700.0
Departamento;Roma;2;1;1;98;9800.0;6300.0;759.5
Departamento;Lomas de Chapultepec;4;3;1;259;63000.0;12250.0;22914.5
Departamento;Roma;3;2;1;190;15750.0;6475.0;1400.0
Departamento;Coyoacán;2;0;0;60;10500.0;1925.0;280.0
Conjunto Comercial/Sala;La Condesa;0;1;0;31;3850.0;1802.5;
Departamento;Santa Fe;4;3;2;267;33250.0;8851.5;1977.5
Departamento;Narvarte;2;0;0;60;5250.0;1050.0;87.5
Conjunto Comercial/Sala;Centro Histórico;0;0;0;35;2450.0;1043.0;273.0
Departamento;Santa Fe;4;2;2;114;7000.0;4109.0;455.0
Departamento;Napoles;2;0;0;62;8050.0;3496.5;458.5
Tienda/Salón;Narvarte;0;0;0;870;55650.0;;2450.0
Departamento;Coyoacán;1;0;0;50;8750.0;2100.0;525.0
Departamento;Coyoacán;2;2;0;210;36750.0;6580.0;2765.0
Tienda/Salón;Condesa;0;0;0;22;8750.0;;808.5
Departamento;Roma;3;1;1;130;9100.0;4200.0;350.0
Departamento;Santa Fe;3;2;0;89;7525.0;4200.0;766.5
Departamento;Condesa;3;0;0;90;9450.0;1277.5;35.0
Conjunto Comercial/Sala;Centro Histórico;0;0;0;59;6300.0;3255.0;1050.0
Departamento;Napoles;3;0;0;127;10500.0;4725.0;630.0
Departamento;Santa Fe;2;1;1;69;9800.0;4725.0;1218.0
Departamento;Santa Fe;1;2;0;58;6300.0;2800.0;724.5
Conjunto Comercial/Sala;Santa Fe;0;3;0;102;21000.0;11760.0;3454.5
Conjunto Comercial/Sala;Santa Fe;0;1;0;25;3500.0;2779.0;392.0
Departamento;Lomas de Chapultepec;1;1;1;95;17500.0;10080.0;1228.5
Conjunto Comercial/Sala;Condesa;0;0;0;35;3850.0;2709.0;598.5
Departamento;Roma;3;1;0;118;15750.0;5208.0;679.0
Cocineta;Condesa;0;0;0;20;2450.0;927.5;52.5
Departamento;Lomas de Chapultepec;3;2;2;180;59500.0;8400.0;2800.0
Conjunto Comercial/Sala;Centro Histórico;0;0;0;400;24500.0;11550.0;3325.0
Tienda/Salón;Centro Histórico;0;0;0;164;21000.0;1750.0;140.0
Departamento;Coyoacán;2;1;0;85;14000.0;4200.0;
Departamento;Condesa;4;2;1;195;17500.0;6300.0;1225.0
Departamento;Lomas de Chapultepec;1;1;0;55;15750.0;7000.0;
Conjunto Comercial/Sala;Santa Fe;0;0;0;53;2100.0;5285.0;917.0
Casa de Condominio;San Ángel;6;10;6;1500;87500.0;29050.0;12775.0
Departamento;San Ángel;2;1;2;85;14875.0;5250.0;525.0
Departamento;Condesa;3;0;0;92;14700.0;2520.0;
Conjunto Comercial/Sala;Santa Fe;0;1;0;30;5250.0;3535.0;577.5
Conjunto Comercial/Sala;Centro Histórico;0;0;0;29;2975.0;1855.0;59.5
Departamento;Narvarte;2;0;0;70;6125.0;1435.0;224.0
Departamento;Del Valle;3;1;0;120;19250.0;1925.0;682.5
Departamento;Coyoacán;3;1;1;160;24500.0;7903.0;1375.5
Departamento;Santa Fe;4;1;2;350;24500.0;4025.0;2625.0
Departamento;Condesa;2;1;0;100;14000.0;1225.0;444.5
Conjunto Comercial/Sala;Centro Histórico;0;1;0;110;12705.0;4970.0;12250.0
Casa de Condominio;Santa Fe;4;4;4;350;24500.0;2625.0;
Conjunto Comercial/Sala;Condesa;0;0;0;32;3850.0;1869.0;
Departamento;Condesa;2;0;0;65;3500.0;1470.0;42.0
Casa de Condominio;Santa Fe;5;4;5;765;48650.0;8750.0;10500.0
Departamento;Santa Fe;3;1;1;90;11375.0;5775.0;630.0
Departamento;Condesa;2;1;0;80;11200.0;2695.0;
Tienda/Salón;Centro Histórico;0;0;0;483;101619.0;19250.0;7801.5
Edificio Completo;Roma;0;3;0;417;77000.0;;
Conjunto Comercial/Sala;Centro Histórico;0;0;0;470;63000.0;23800.0;
Departamento;El Rosedal;3;1;1;90;4200.0;875.0;
Departamento;Condesa;2;0;1;167;28000.0;9747.5;12008.5
Conjunto Comercial/Sala;Santa Fe;0;1;0;25;2800.0;2205.0;196.0
Departamento;San Miguel Chapultepec;2;0;1;74;5250.0;2971.5;318.5
Departamento;Roma Norte;3;1;1;79;8400.0;3832.5;
Departamento;Polanco;4;0;3;300;63000.0;11245.5;
Departamento;Lomas de Chapultepec;2;2;1;85;11550.0;6818.0;
Departamento;Condesa;1;0;0;42;6300.0;1312.5;77.0
Tienda/Salón;El Rosedal;0;0;0;70;4200.0;;913.5
Casa de Condominio;Santa Fe;3;4;1;350;29750.0;4102.0;2523.5
Cocineta;Centro Histórico;1;0;0;28;3325.0;1225.0;
Tienda/Salón;Polanco;0;1;0;36;22137.5;448.0;682.5
Conjunto Comercial/Sala;Centro Histórico;0;2;0;56;7000.0;4200.0;1218.0
Departamento;Condesa;1;0;0;35;4200.0;1463.0;87.5
Conjunto Comercial/Sala;Condesa;0;0;0;55;5250.0;5600.0;1050.0
Departamento;Lomas de Chapultepec;3;1;1;94;38500.0;6650.0;
Departamento;Condesa;4;2;0;200;21700.0;4672.5;1634.5
Conjunto Comercial/Sala;Santa Fe;0;1;0;30;5950.0;;
Departamento;Polanco;2;1;1;70;11900.0;2660.0;455.0
Conjunto Comercial/Sala;Centro Histórico;0;0;0;89;14000.0;9247.0;
Departamento;Coyoacán;1;0;0;47;8750.0;2117.5;301.0
Departamento;Lomas de Chapultepec;4;2;1;175;38500.0;9800.0;
Departamento;San Rafael;1;0;1;59;4375.0;1907.5;171.5
Conjunto Comercial/Sala;Santa Fe;0;1;0;20;2275.0;1533.0;
Conjunto Comercial/Sala;Santa Fe;0;1;0;22;1400.0;2768.5;563.5
Conjunto Comercial/Sala;Santa Fe;0;1;0;36;3850.0;4515.0;
Departamento;Narvarte;3;1;1;90;10500.0;3150.0;
Departamento;Condesa;4;1;4;430;49000.0;10675.0;1225.0
Departamento;San Pedro de los Pinos;3;0;0;105;6650.0;2369.5;
Departamento;Lomas de Chapultepec;2;1;0;65;8750.0;2170.0;409.5
Departamento;Condesa;3;0;1;73;8050.0;4158.0;458.5
Departamento;Bosques de las Lomas;4;4;3;266;63000.0;14000.0;5250.0
Conjunto Comercial/Sala;Santa Fe;0;1;0;32;3500.0;3426.5;682.5
Conjunto Comercial/Sala;Condesa;0;0;0;52;3500.0;1400.0;315.0
Tienda/Salón;Condesa;0;0;0;32;3500.0;1750.0;1043.0
Conjunto Comercial/Sala;Loma Bonita;1;0;0;21;2625.0;;
Departamento;Roma Norte;2;1;1;76;5600.0;2450.0;87.5
Departamento;Bosques de las Lomas;3;4;3;265;66500.0;13895.0;4959.5
Conjunto Comercial/Sala;Centro Histórico;0;0;0;68;7630.0;6755.0;
Conjunto Comercial/Sala;Santa Fe;0;1;0;51;5950.0;4056.5;1641.5
Conjunto Comercial/Sala;Centro Histórico;0;0;0;32;2100.0;1575.0;
Tienda/Salón;La Merced;0;0;0;230;14000.0;;1316.0
Cocineta;Condesa;1;0;0;28;3850.0;2030.0;87.5
Conjunto Comercial/Sala;Centro Histórico;0;0;0;58;4725.0;2968.0;437.5
Conjunto Comercial/Sala;Roma;0;1;0;60;15750.0;5950.0;42000.0
Departamento;Coyoacán;2;1;0;81;10850.0;3745.0;1043.0
Departamento;Condesa;1;0;0;50;7000.0;2159.5;
Departamento;Narvarte;2;1;0;70;7000.0;2310.0;297.5
Conjunto Comercial/Sala;Santa Fe;0;0;0;27;4200.0;3500.0;5600.0
Departamento;Santa Fe;3;2;1;130;12600.0;5589.5;1050.0
Departamento;Condesa;2;0;1;70;7700.0;2275.0;245.0
Departamento;Santa Fe;2;1;1;52;4550.0;2625.0;357.0
Departamento;La Merced;2;0;0;35;2975.0;315.0;
Departamento;Del Valle;2;0;0;106;9450.0;3115.0;542.5
Departamento;Narvarte;2;0;0;65;8400.0;1771.0;
Tienda/Salón;Santa Fe;0;1;0;100;7000.0;7910.0;18623.5
Departamento;Del Valle;3;0;1;118;7350.0;5694.5;710.5
Departamento;Coyoacán;4;2;1;200;45500.0;10850.0;2215.5
Edificio Completo;Centro Histórico;0;10;0;843;87500.0;;1400.0
Conjunto Comercial/Sala;Bosques de las Lomas;0;1;0;27;12600.0;5145.0;945.0
Casa;Santa Fe;5;3;0;250;42000.0;;1925.0
Departamento;Iztacalco;2;1;0;91;4900.0;1575.0;
Departamento;Condesa;4;2;2;310;42000.0;13300.0;
Departamento;Coyoacán;2;1;0;70;13650.0;2677.5;262.5
Departamento;San Miguel Chapultepec;1;1;0;66;3500.0;2625.0;70.0
Departamento;Roma;2;1;1;90;17500.0;7350.0;735.0
Departamento;Lomas de Chapultepec;3;2;1;200;28000.0;11550.0;2936.5
Conjunto Comercial/Sala;Santa Fe;0;4;0;350;66500.0;21105.0;13930.0
Departamento;San Miguel Chapultepec;2;1;1;65;5250.0;1851.5;
Departamento;Tlalpan;4;3;2;205;61250.0;8620.5;3006.5
Cocineta;Juárez;1;0;0;29;2975.0;1274.0;101.5
Departamento;Centro Histórico;1;0;0;33;2975.0;1197.0;73.5
Departamento;Del Valle;3;3;0;150;12950.0;3150.0;1225.0
Galpón/Depósito/Almacén;Santa María la Ribera;0;4;0;250;14000.0;;
Conjunto Comercial/Sala;Centro Histórico;0;0;0;6;8988.0;;
Casa de Condominio;Santa Fe;5;3;4;350;42000.0;2975.0;
Departamento;Santa Fe;4;2;1;148;8750.0;6650.0;833.0
Galpón/Depósito/Almacén;Ajusco;0;5;0;2546;42000.0;;10500.0
Departamento;Narvarte;2;1;0;73;6300.0;2502.5;
Departamento;Del Valle;4;2;1;200;52500.0;12950.0;2184.0
Departamento;Narvarte;1;0;0;50;4900.0;;
Departamento;Santa Fe;4;3;3;250;34965.0;3080.0;8750.0
Departamento;Condesa;1;0;0;30;4550.0;2135.0;210.0
Departamento;Roma;2;0;0;65;6615.0;2065.0;266.0
Departamento;Roma;1;0;1;52;7000.0;1575.0;
Departamento;Coyoacán;1;0;0;40;8750.0;1928.5;91.0
Conjunto Comercial/Sala;Centro Histórico;0;0;0;596;133000.0;52500.0;
Tienda/Salón;Narvarte;0;0;0;20;4200.0;595.0;280.0
Edificio Completo;Roma;0;2;0;1200;280000.0;;
Conjunto Comercial/Sala;Condesa;0;0;0;109;10325.0;2975.0;2275.0
Tienda/Salón;Santa Fe;0;0;0;120;34650.0;5757.5;4707.5
Conjunto Comercial/Sala;Santa Fe;0;1;0;67;12250.0;5600.0;14000.0
Departamento;Lomas de Chapultepec;2;1;2;150;28000.0;3976.0;1816.5
Departamento;Doctores;1;0;0;60;3675.0;;
Departamento;Santa Fe;4;3;2;420;28000.0;9450.0;
Conjunto Comercial/Sala;Centro Histórico;0;0;0;281;29750.0;16845.5;4067.0
Departamento;Santa Fe;3;1;1;165;14000.0;7175.0;1680.0
Departamento;Coyoacán;3;2;1;230;35000.0;12250.0;4900.0
Conjunto Comercial/Sala;Centro Histórico;0;39;0;3422;658735.0;232113.0;33295.5
Departamento;Condesa;1;0;0;28;3325.0;2264.5;196.0
Departamento;Lomas de Chapultepec;3;1;1;105;17500.0;6125.0;1015.0
Conjunto Comercial/Sala;Centro Histórico;0;1;0;391;88952.5;42423.5;4623.5
Conjunto Comercial/Sala;Santa Fe;0;2;0;48;7700.0;3850.0;784.0
Conjunto Comercial/Sala;Santa Fe;0;99;0;4141;1449350.0;;
Conjunto Comercial/Sala;Santa Fe;0;8;0;256;51625.0;35350.0;
Departamento;Lomas de Chapultepec;4;2;1;170;22750.0;15050.0;2380.0
Departamento;Santa Fe;4;3;4;314;35000.0;12078.5;2919.0
Departamento;Condesa;3;0;1;97;11550.0;2474.5;3090.5
Departamento;Narvarte;1;0;0;50;5250.0;1330.0;
Conjunto Comercial/Sala;Centro Histórico;0;0;0;195;24500.0;9450.0;3507.0
Tienda en Centro Comercial;Santa Fe;0;1;0;32;10500.0;4900.0;2432.5
Departamento;Lomas de Chapultepec;1;1;0;55;14875.0;5600.0;
Departamento;Condesa;3;1;0;135;11725.0;4025.0;1179.5
Departamento;Condesa;2;1;0;60;8750.0;2782.5;385.0
Departamento;Napoles;2;2;1;181;28000.0;6300.0;2359.0
Conjunto Comercial/Sala;Coyoacán;0;4;0;323;101500.0;28315.0;155701.0
Conjunto Comercial/Sala;Narvarte;0;1;0;28;3325.0;1750.0;
Casa Comercial;Bosques de las Lomas;0;1;0;500;91000.0;;8925.0
Conjunto Comercial/Sala;Centro Histórico;0;0;0;16;31199.0;;
Conjunto Comercial/Sala;Centro Histórico;0;0;0;50;3325.0;1400.0;700.0
Conjunto Comercial/Sala;Peralvillo;0;2;0;44;6300.0;2800.0;
Departamento;Nativitas;2;0;0;70;4550.0;;
Departamento en Hotel;Coyoacán;2;1;0;72;15750.0;7175.0;1260.0
Departamento;San Miguel Chapultepec;2;0;0;80;4900.0;1743.0;70.0
Departamento;Santa Fe;4;2;2;146;17150.0;7000.0;12250.0
Departamento;Santa Fe;2;1;0;60;5250.0;2467.5;350.0
Departamento;Coyoacán;2;0;1;75;18200.0;1666.0;420.0
Galpón/Depósito/Almacén;Loma Bonita;0;0;0;5400;122500.0;;5600.0
Departamento;Santa Fe;4;2;1;300;24500.0;11200.0;3850.0
Conjunto Comercial/Sala;Centro Histórico;0;0;0;95;14000.0;7280.0;2191.0
Conjunto Comercial/Sala;Santa Fe;0;2;0;70;10500.0;3972.5;941.5
Departamento;Coyoacán;3;3;2;270;63000.0;7700.0;2915.5
Departamento;Condesa;1;0;1;40;7700.0;2345.0;287.0
Departamento;Centro Histórico;2;1;0;64;6300.0;1305.5;213.5
Departamento;Narvarte;3;2;1;136;11900.0;4550.0;882.0
Departamento;San Rafael;3;0;0;110;6300.0;2170.0;437.5
Departamento;Del Valle;4;2;1;327;26250.0;6300.0;22554.0
Departamento;Condesa;3;0;0;110;11550.0;3199.0;
Casa de Condominio;Lomas de Chapultepec;4;3;4;600;52500.0;11375.0;8050.0
Departamento;Polanco;2;1;1;74;9450.0;6195.0;882.0
Edificio Completo;Roma;0;0;0;865;210000.0;;19638.5
Departamento;Condesa;1;0;0;27;4900.0;1575.0;
Tienda/Salón;Santa Fe;0;1;0;46;7000.0;;780.5
Departamento;Santa Fe;2;2;2;200;31531.5;5950.0;1855.0
Conjunto Comercial/Sala;Centro Histórico;0;0;0;254;34650.0;29050.0;4973.5
Departamento;Lomas de Chapultepec;5;1;2;400;43750.0;15400.0;2362.5
Conjunto Comercial/Sala;Santa Fe;0;1;0;40;2975.0;3150.0;455.0
Cocineta;Condesa;0;0;0;36;350.0;;
Conjunto Comercial/Sala;Centro Histórico;0;0;0;10;25018.0;;
Departamento;Narvarte;3;0;1;118;8750.0;2940.0;
Departamento;Santa Fe;4;2;1;105;9800.0;3675.0;7700.0
Departamento;Lomas de Chapultepec;4;2;2;207;54250.0;12600.0;2366.0
Tienda/Salón;Coyoacán;0;1;0;28;8750.0;5582.5;
Departamento;Coyoacán;3;2;1;230;35000.0;12880.0;3150.0
Departamento;Culhuacán CTM;2;0;0;57;3500.0;;
Conjunto Comercial/Sala;Centro Histórico;0;0;0;63;8050.0;5880.0;840.0
Departamento;Nativitas;2;0;0;66;5600.0;1155.0;161.0
Departamento;Villa de Guadalupe;2;1;0;49;3500.0;1400.0;
Tienda/Salón;Nativitas;0;0;0;20;2100.0;;
Departamento;Del Valle;4;2;1;327;21700.0;6475.0;22554.0
Departamento en Hotel;Coyoacán;2;2;2;90;15050.0;7000.0;3.5
Conjunto Comercial/Sala;Centro Histórico;0;0;0;85;7000.0;4438.0;1123.5
Conjunto Comercial/Sala;Santa Fe;0;1;0;27;3500.0;2257.5;
Departamento;Coyoacán;2;1;2;120;52500.0;12250.0;1750.0
Conjunto Comercial/Sala;Roma;0;0;0;160;21000.0;9887.5;2957.5
Tienda/Salón;Centro Histórico;0;0;0;165;17500.0;;647.5
Conjunto Comercial/Sala;Lomas de Chapultepec;0;5;0;300;210000.0;8400.0;24300.5
Conjunto Comercial/Sala;San Sebastián;0;1;0;80;2800.0;5250.0;353.5
Departamento;Condesa;3;0;0;140;12600.0;4543.0;980.0
Departamento;Polanco;1;1;1;55;8750.0;2905.0;612.5
Departamento;Roma Norte;2;1;1;70;5600.0;1750.0;
Cocineta;Tlalpan;1;0;0;40;7350.0;1050.0;700.0
Departamento en Hotel;Condesa;1;1;0;60;10500.0;4532.5;525.0
Departamento;San Miguel Chapultepec;2;0;0;59;3850.0;2614.5;
Departamento;Santa Fe;3;2;2;207;19250.0;8995.0;252.0
Departamento;Condesa;3;1;0;137;7350.0;3167.5;724.5
Tienda/Salón;Peralvillo;0;1;0;56;2625.0;1610.0;196.0
Conjunto Comercial/Sala;Santa Fe;0;1;0;30;4550.0;1207.5;
Departamento;Santa Fe;3;2;1;90;8750.0;6195.0;10780.0
Departamento;Condesa;1;0;0;51;7000.0;2754.5;420.0
Tienda/Salón;Condesa;0;0;0;100;42000.0;210.0;2649.5
Tienda/Salón;Centro Histórico;0;0;0;200;63000.0;;
Departamento;Lomas de Chapultepec;2;0;0;80;12600.0;4200.0;420.0
Conjunto Comercial/Sala;Centro Histórico;0;0;0;35;1575.0;1379.0;465.5
Casa;Narvarte;6;4;2;550;64750.0;;
Conjunto Comercial/Sala;Santa Fe;0;1;0;42;7000.0;3150.0;
Departamento;Santa Fe;2;2;2;80;10500.0;5250.0;136.5
Departamento;Condesa;3;0;1;130;8750.0;3654.0;1015.0
Departamento;Santa Fe;1;1;0;50;8050.0;5740.0;1022.0
Conjunto Comercial/Sala;Santa Fe;0;0;0;232;28000.0;23800.0;
Departamento en Hotel;Santa Fe;1;1;0;51;19250.0;4375.0;875.0
Conjunto Comercial/Sala;Narvarte;0;0;0;26;4200.0;1925.0;252.0
Departamento;San Miguel Chapultepec;2;1;0;66;5250.0;700.0;
Departamento;Lomas de Chapultepec;2;1;0;80;15750.0;4200.0;630.0
Departamento;Peralvillo;2;1;1;69;4900.0;1260.0;143.5
Conjunto Comercial/Sala;Centro Histórico;0;0;0;54;3500.0;4459.0;479.5
Conjunto Comercial/Sala;Polanco;0;1;0;30;8750.0;2625.0;385.0
Departamento;Del Valle;1;0;0;32;5250.0;1498.0;101.5
Departamento;Bosques de las Lomas;4;1;2;250;38500.0;10150.0;
Departamento;Santa Fe;2;1;2;63;8400.0;4266.5;
Conjunto Comercial/Sala;Centro Histórico;0;30;0;4940;2143925.0;449540.0;
Departamento;Santa Fe;2;1;1;78;3150.0;4200.0;546.0
Departamento;Lomas de Chapultepec;3;1;1;158;35000.0;8400.0;
Conjunto Comercial/Sala;Condesa;0;0;0;28;2800.0;2450.0;
Departamento;Narvarte;2;0;0;60;6300.0;1547.0;70.0
Conjunto Comercial/Sala;Centro Histórico;0;0;0;201;22050.0;17024.0;3993.5
Departamento;Condesa;3;1;1;120;15750.0;5075.0;525.0
Departamento;Coyoacán;4;4;3;300;66150.0;13300.0;4900.0
Departamento;Lomas de Chapultepec;4;2;3;325;42000.0;11676.0;4375.0
Conjunto Comercial/Sala;Centro Histórico;0;0;0;380;35000.0;14000.0;5880.0
Departamento;Santa Fe;2;1;2;90;7700.0;3955.0;
Conjunto Comercial/Sala;Condesa;0;0;0;70;5600.0;3734.5;885.5
Departamento;Condesa;1;1;0;48;7700.0;4375.0;511.0
Departamento;San Pedro de los Pinos;2;1;1;72;10500.0;5775.0;812.0
Departamento;Santa Fe;2;1;1;68;4900.0;2870.0;
Conjunto Comercial/Sala;Centro Histórico;0;0;0;1094;245000.0;93026.5;
Conjunto Comercial/Sala;Santa Fe;0;2;0;70;8750.0;7350.0;2030.0
Departamento;Santa Fe;2;1;0;51;6300.0;1347.5;70.0
Departamento;Coyoacán;4;3;1;232;31500.0;15400.0;3230.5
Departamento;Santa Fe;4;4;4;265;38500.0;7000.0;4200.0
Departamento;Condesa;1;0;1;47;7700.0;2800.0;297.5
Departamento;Ciudad de los Deportes;1;0;0;47;1750.0;35.0;
Departamento;Nativitas;2;0;0;70;6300.0;770.0;696.5
Departamento;Santa Fe;3;2;1;105;12250.0;5222.0;1071.0
Departamento;Narvarte;2;0;0;85;4550.0;2219.0;
Conjunto Comercial/Sala;Villa de Cortés;0;3;0;150;31500.0;9975.0;1312.5
Tienda/Salón;Lomas de Chapultepec;0;0;0;40;22750.0;2817.5;2394.0
Departamento;Roma;1;1;0;60;8750.0;1925.0;388.5
Departamento;Villa de Cortés;2;1;1;55;4550.0;1610.0;
Departamento;Condesa;4;1;4;390;63000.0;9800.0;3850.0
Departamento;Santa Fe;1;1;1;60;17500.0;;
Conjunto Comercial/Sala;Santa Fe;0;2;0;42;4200.0;4686.5;560.0
Departamento;Lomas de Chapultepec;4;1;2;214;29050.0;6776.0;168.0
Departamento;Santa Fe;2;2;1;100;17500.0;5250.0;1050.0
Edificio Completo;Santa Fe;0;16;0;1550;525000.0;;415082.5
Departamento;Condesa;2;0;1;100;12250.0;3360.0;700.0
Conjunto Comercial/Sala;Centro Histórico;0;0;0;216;45500.0;14700.0;3475.5
Departamento;Roma;3;2;1;101;20300.0;4599.0;969.5
Departamento;Santa Fe;4;2;1;120;10500.0;5600.0;
Tienda/Salón;Roma;0;0;0;135;28000.0;;
Conjunto Comercial/Sala;Centro Histórico;0;0;0;256;12250.0;14479.5;3535.0
Departamento;Condesa;3;0;0;106;9800.0;3185.0;735.0
Conjunto Comercial/Sala;Centro Histórico;0;0;0;581;101675.0;54904.5;
Departamento;Condesa;2;0;2;125;43750.0;4550.0;875.0
Conjunto Comercial/Sala;Santa Fe;0;2;0;43;5250.0;4200.0;
Departamento;Lomas de Chapultepec;3;2;1;120;21700.0;5950.0;1575.0
Departamento;Condesa;4;1;0;300;35000.0;5950.0;1750.0
Departamento;Roma Norte;3;1;0;90;4900.0;1750.0;52.5
Departamento;Del Valle;3;0;0;96;9100.0;2450.0;
Departamento;Condesa;5;1;5;300;87500.0;8050.0;2450.0
Conjunto Comercial/Sala;Narvarte;0;1;0;50;9450.0;2782.5;479.5
Departamento;San Pedro de los Pinos;3;2;1;170;20475.0;;945.0
Cocineta;Juárez;1;0;0;26;3675.0;1225.0;
Cocineta;Del Valle;1;0;0;24;4550.0;1498.0;101.5
Departamento;Ajusco;3;2;1;190;28000.0;7875.0;2100.0
Departamento;Coyoacán;2;2;1;95;26250.0;8750.0;1522.5
Departamento;Santa Fe;2;1;1;66;5775.0;2786.0;343.0
Departamento;Lomas de Chapultepec;3;2;1;160;35000.0;9450.0;1750.0
Departamento;Santa Fe;2;1;1;65;12250.0;3500.0;5845.0
Departamento;Coyoacán;2;0;1;145;14000.0;6650.0;
Departamento;Roma;1;1;1;37;6300.0;3573.5;612.5
Casa;San Gregorio Atlapulco;2;1;1;80;4200.0;;
Conjunto Comercial/Sala;Condesa;0;0;0;41;5250.0;1750.0;357.0
Departamento;Santa Fe;4;3;2;217;19250.0;9450.0;1809.5
Conjunto Comercial/Sala;Santa Fe;0;1;0;30;5600.0;3360.0;700.0
Tienda/Salón;Santa Fe;0;10;0;600;117250.0;;17150.0
Departamento;Santa Fe;2;1;0;62;4200.0;1120.0;
Departamento;Santa Fe;2;1;1;72;9100.0;5950.0;833.0
Departamento;Centro Histórico;2;0;0;73;6650.0;2415.0;245.0
Casa de Condominio;Santa Fe;5;4;4;1008;35000.0;3951.5;5201.0
Departamento;Santa Fe;4;3;2;253;47950.0;12530.0;1890.0
Departamento;Del Valle;2;1;1;85;11550.0;4777.5;892.5
Conjunto Comercial/Sala;Condesa;0;1;0;26;3850.0;2187.5;
Conjunto Comercial/Sala;La Condesa;0;0;0;330;49000.0;20398.0;4046.0
Departamento;Coyoacán;3;2;1;150;22050.0;7700.0;1715.0
Departamento;Condesa;3;2;1;104;15750.0;4900.0;1347.5
Conjunto Comercial/Sala;Centro Histórico;0;0;0;230;24500.0;11228.0;4025.0
Departamento;Santa Fe;2;1;1;80;5250.0;5250.0;1358.0
Departamento;Narvarte;2;0;0;50;3500.0;1050.0;
Tienda/Salón;Santa Fe;0;2;0;60;5250.0;2992.5;2660.0
Conjunto Comercial/Sala;Peralvillo;0;1;0;20;1750.0;1050.0;525.0
Conjunto Comercial/Sala;Centro Histórico;0;2;0;786;165060.0;85281.0;9296.0
Conjunto Comercial/Sala;Centro Histórico;0;0;0;260;40250.0;27825.0;4900.0
Departamento;Santa Fe;1;1;1;36;7700.0;3993.5;
Conjunto Comercial/Sala;Santa Fe;0;0;0;108;17850.0;8484.0;745.5
Conjunto Comercial/Sala;Centro Histórico;0;0;0;300;31500.0;14007.0;4725.0
Conjunto Comercial/Sala;Centro Histórico;0;0;0;40;3150.0;2940.0;651.0
Casa de Vecindad;Nativitas;2;0;0;70;3535.0;;
Departamento;San Ángel;4;2;1;172;19250.0;6926.5;1207.5
Departamento;Condesa;1;0;0;33;6300.0;1015.0;
Departamento;Coyoacán;3;0;1;152;25200.0;6510.0;1865.5
Departamento;Coyoacán;2;1;1;84;42000.0;;
Conjunto Comercial/Sala;Santa Fe;0;1;0;52;5250.0;4165.0;1452.5
Departamento;Juárez;1;0;0;32;4200.0;1183.0;105.0
Departamento en Hotel;Santa Fe;2;2;2;90;8050.0;4725.0;1102.5
Conjunto Comercial/Sala;Centro Histórico;0;0;0;254;35000.0;;
Conjunto Comercial/Sala;Lomas de Chapultepec;0;1;0;26;12250.0;3650.5;3650.5
Tienda en Centro Comercial;Condesa;0;0;0;20;5600.0;1074.5;780.5
Departamento;Lomas de Chapultepec;2;1;0;80;11200.0;5250.0;969.5
Departamento;Narvarte;3;0;1;110;11550.0;4252.5;
Departamento;Condesa;3;0;0;130;12250.0;3500.0;420.0
Departamento;Narvarte;3;1;0;90;4550.0;2345.0;
Conjunto Comercial/Sala;Centro Histórico;0;6;0;659;207837.0;55062.0;8855.0
Departamento;Condesa;1;0;0;37;5250.0;1977.5;245.0
Departamento;Roma Sur;2;0;0;45;3500.0;350.0;
Tienda en Centro Comercial;Santa Fe;0;1;0;45;4900.0;4497.5;875.0
Departamento;Narvarte;3;0;0;119;6650.0;2117.5;605.5
Departamento;Santa Fe;4;2;2;140;19250.0;4550.0;2030.0
Departamento;Narvarte;3;1;1;88;7700.0;3048.5;
Departamento;Narvarte;1;0;0;48;5250.0;1316.0;73.5
Departamento;Lomas de Chapultepec;3;0;0;100;20125.0;;
Departamento;Del Valle;2;1;1;95;10150.0;3255.0;581.0
Conjunto Comercial/Sala;Santa Fe;0;2;0;140;17500.0;11452.0;3122.0
Conjunto Comercial/Sala;Centro Histórico;0;0;0;369;38850.0;31615.5;7455.0
Departamento;La Condesa;2;0;0;52;6650.0;1960.0;
Conjunto Comercial/Sala;Santa Fe;0;19;0;793;250047.0;46312.0;10167.5
Departamento;La Loma;2;1;0;65;7700.0;2240.0;252.0
Departamento;Coyoacán;4;4;2;348;105000.0;32900.0;7101.5
Conjunto Comercial/Sala;Santa Fe;0;1;0;54;8750.0;3909.5;752.5
Conjunto Comercial/Sala;Centro Histórico;0;0;0;80;12250.0;1750.0;
Departamento;Condesa;1;0;0;57;7000.0;2695.0;406.0
Conjunto Comercial/Sala;Centro Histórico;0;0;0;42;2450.0;3570.0;
Departamento;Coyoacán;3;1;1;263;28000.0;12250.0;3146.5
Departamento;San Miguel Chapultepec;2;1;0;71;6300.0;3150.0;
Departamento;Condesa;4;1;0;250;18900.0;8575.0;1225.0
Cocineta;Del Valle;1;0;0;23;3500.0;1400.0;87.5
Departamento;Polanco;1;0;0;50;6300.0;2800.0;252.0
Departamento;Condesa;4;1;1;224;22750.0;7700.0;15022.0
Conjunto Comercial/Sala;Coyoacán;0;0;0;46;12250.0;6020.0;1841.0
Departamento;San Pedro de los Pinos;2;1;1;80;10500.0;4550.0;
Departamento;San Rafael;2;0;0;56;4200.0;2544.5;161.0
Departamento;Peralvillo;1;1;0;61;3500.0;1214.5;182.0
Conjunto Comercial/Sala;Centro Histórico;0;0;0;1000;175000.0;82397.0;19925.5
Departamento en Hotel;Roma;1;1;1;45;14700.0;3748.5;5953.5
Conjunto Comercial/Sala;Lomas de Chapultepec;0;5;0;167;157500.0;12250.0;28619.5
Departamento;Santa Fe;4;3;3;225;42000.0;16065.0;5425.0
Departamento;Santa Fe;3;2;1;220;21000.0;9275.0;6300.0
Departamento;Condesa;3;1;0;90;13300.0;3370.5;805.0
Departamento;La Condesa;1;0;0;35;4550.0;759.5;476.0
Departamento;Narvarte;2;1;0;67;4200.0;1575.0;339.5
Departamento;Condesa;4;0;3;120;26250.0;4959.5;5775.0
Casa de Condominio;Santa Fe;5;4;5;790;87500.0;4725.0;11900.0
Departamento;Roma;2;1;0;70;9450.0;2870.0;423.5
Casa;Condesa;14;0;14;350;33250.0;;2100.0
Departamento;Coyoacán;4;1;0;240;52500.0;8750.0;
Conjunto Comercial/Sala;Santa Fe;0;7;0;250;42000.0;24304.0;9453.5
Tienda/Salón;Santa Fe;0;1;0;100;14000.0;4693.5;5162.5
Departamento;Villa de Guadalupe;2;1;1;60;4200.0;1575.0;420.0
Conjunto Comercial/Sala;Santa Fe;0;1;0;36;4375.0;2765.0;
Conjunto Comercial/Sala;Roma;0;3;0;242;63000.0;32714.5;7283.5
Departamento;Coyoacán;3;0;0;130;15750.0;3745.0;1456.0
Conjunto Comercial/Sala;Centro Histórico;0;0;0;250;35000.0;14721.0;3881.5
Departamento;Lomas de Chapultepec;2;0;0;65;12250.0;2625.0;472.5
Departamento;Santa Fe;1;1;0;34;5250.0;2320.5;3220.0
Departamento;Juárez;2;0;0;71;5950.0;2397.5;444.5
Departamento;Coyoacán;4;4;3;400;105000.0;11795.0;875.0
Departamento;Coyoacán;3;1;1;140;26250.0;10150.0;1750.0
Departamento;Coyoacán;2;0;2;80;26250.0;3150.0;
Departamento;Santa Fe;2;1;1;70;7000.0;6212.5;
Departamento;Santa Fe;2;2;1;105;12320.0;5215.0;875.0
Tienda/Salón;Centro Histórico;0;0;0;65;70000.0;10500.0;
Departamento;Polanco;3;2;1;110;15750.0;4095.0;1571.5
Conjunto Comercial/Sala;Centro Histórico;0;1;0;20;2800.0;1400.0;
Departamento;Lomas de Chapultepec;1;1;0;50;19250.0;7119.0;
Conjunto Comercial/Sala;Santa Fe;0;1;0;50;8750.0;3500.0;1750.0
Conjunto Comercial/Sala;Centro Histórico;0;0;0;60;3500.0;2205.0;696.5
Conjunto Comercial/Sala;Centro Histórico;0;0;0;110;6300.0;4207.0;
Departamento;Coyoacán;1;1;0;50;12250.0;2660.0;332.5
Departamento;Coyoacán;3;0;0;150;19250.0;9800.0;1260.0
Conjunto Comercial/Sala;Centro Histórico;0;0;0;42;2450.0;3570.0;
Galpón/Depósito/Almacén;Lindavista;0;20;0;4900;259000.0;;11200.0
Departamento;Centro Histórico;1;0;0;46;4200.0;1190.0;157.5
Departamento;Condesa;3;1;1;140;21000.0;4200.0;
Departamento;Narvarte;2;0;0;110;6300.0;1225.0;
Casa de Condominio;Condesa;2;0;0;90;4550.0;5250.0;70.0
Departamento;Roma;2;1;0;65;12250.0;3209.5;4900.0
Departamento;Santa Fe;4;3;3;352;52500.0;17150.0;
Conjunto Comercial/Sala;Santa Fe;0;1;0;30;4200.0;3412.5;735.0
Conjunto Comercial/Sala;Centro Histórico;0;0;0;450;157500.0;59500.0;7427.0
Departamento;Polanco;3;0;0;107;12250.0;1750.0;952.0
Conjunto Comercial/Sala;Centro Histórico;0;0;0;484;45500.0;25130.0;6065.5
Departamento;Coyoacán;4;2;2;240;56000.0;13009.5;3157.0
Conjunto Comercial/Sala;Centro Histórico;0;3;0;482;134960.0;28679.0;
Departamento;Santa Fe;1;1;0;56;6300.0;3353.0;
Departamento;Santa Fe;4;2;2;149;16100.0;8011.5;1249.5
Departamento;Narvarte;2;1;1;80;5950.0;2800.0;343.0
Departamento;Narvarte;3;1;0;107;7350.0;1680.0;
Tienda/Salón;Santa Fe;0;22;0;800;157500.0;101500.0;
Departamento;Roma;2;0;0;98;8750.0;3052.0;
Conjunto Comercial/Sala;Centro Histórico;0;1;0;705;234412.5;61687.5;
Departamento;Lomas de Chapultepec;4;3;4;270;31500.0;35000.0;3500.0
Departamento;Coyoacán;2;2;1;80;18200.0;5372.5;1120.0
Conjunto Comercial/Sala;Centro Histórico;0;0;0;36;3850.0;4004.0;493.5
Departamento;Bosques de las Lomas;4;4;3;180;42000.0;14000.0;2520.0
Departamento;Condesa;1;0;0;70;6650.0;2142.0;49.0
Departamento;Roma;2;1;2;180;27650.0;3010.0;1155.0
Tienda/Salón;Santa Fe;0;1;0;100;13300.0;7042.0;1925.0
Departamento;Narvarte;2;1;0;73;6125.0;2030.0;374.5
Conjunto Comercial/Sala;Centro Histórico;0;0;0;260;21000.0;27076.0;3986.5
Departamento;Tepalcatlalpan;2;1;0;60;3850.0;945.0;
Departamento;Santa Fe;4;2;1;120;11550.0;7087.5;1190.0
Departamento;San Miguel Chapultepec;2;0;0;45;4200.0;994.0;73.5
Departamento;Narvarte;3;1;1;130;9800.0;3325.0;
Conjunto Comercial/Sala;Centro Histórico;0;0;0;45;7000.0;4375.0;
Departamento;Narvarte;3;1;0;89;8050.0;3111.5;427.0
Cocineta;Arboledas;1;0;0;30;2625.0;;
Departamento;Narvarte;2;1;1;70;6650.0;2450.0;273.0
Departamento;Condesa;1;0;0;50;7350.0;1890.0;245.0
Departamento;Coyoacán;3;3;1;250;40250.0;8330.0;3115.0
Departamento;Condesa;3;1;0;120;15750.0;4900.0;700.0
Galpón/Depósito/Almacén;Doctores;0;0;0;250;5250.0;;721.0
Conjunto Comercial/Sala;Santa Fe;0;6;0;202;49000.0;189812.0;37271.5
Departamento;Condesa;6;0;1;250;19250.0;1050.0;1428.0
Departamento;Juárez;2;0;0;75;12425.0;1575.0;262.5
Departamento;Lomas de Chapultepec;4;3;1;170;28000.0;5232.5;1974.0
Conjunto Comercial/Sala;Centro Histórico;0;0;0;200;34825.0;15718.5;2915.5
Departamento;Villa de Cortés;2;1;0;60;3500.0;1204.0;
Departamento;Nueva Santa María;2;1;0;63;4200.0;1634.5;126.0
Departamento;Narvarte;2;0;0;68;5950.0;2450.0;
Conjunto Comercial/Sala;Roma;0;1;0;110;38500.0;10150.0;2450.0
Conjunto Comercial/Sala;Centro Histórico;0;0;0;31;1575.0;1445.5;294.0
Departamento;Santa Fe;3;2;1;131;10500.0;8225.0;1498.0
Conjunto Comercial/Sala;Coyoacán;0;10;0;415;189000.0;31500.0;
Casa de Vecindad;Moctezuma;1;0;0;50;2100.0;;
Departamento;Narvarte;3;1;0;90;7350.0;3454.5;
Cocineta;Del Valle;1;0;0;26;4375.0;1575.0;101.5
Departamento;Napoles;4;2;2;460;52500.0;13300.0;4200.0
Departamento;Roma;2;1;2;82;14000.0;4025.0;693.0
Departamento;Tláhuac;2;0;0;48;1925.0;;
Conjunto Comercial/Sala;Santa Fe;0;1;0;36;3850.0;4200.0;
Departamento;Roma;3;1;1;85;10500.0;2590.0;360.5
Departamento;Condesa;3;1;0;101;9800.0;5180.0;770.0
Casa Comercial;Santa Fe;0;5;0;360;70000.0;;3500.0
Departamento en Hotel;Santa Fe;1;1;0;50;5250.0;4322.5;955.5
Departamento;Bosques de las Lomas;2;1;0;120;19600.0;4032.0;
Departamento;Santa Fe;2;1;2;78;6650.0;3780.0;574.0
Departamento;Condesa;1;0;0;33;4550.0;2208.5;
Conjunto Comercial/Sala;Roma;0;2;0;80;19250.0;5561.5;4546.5
Conjunto Comercial/Sala;Santa Fe;0;1;0;147;21000.0;6412.0;5239.5
Casa;Santa Fe;4;4;2;600;105000.0;3850.0;4648.0
Tienda/Salón;Santa Fe;0;1;0;30;7000.0;4249.0;2418.5
Cochera/Estacionamiento;Centro Histórico;0;1;0;14;665.0;1162.0;301.0
Departamento;Bosques de las Lomas;3;1;1;90;12250.0;3720.5;808.5
Tienda/Salón;Tepalcatlalpan;0;0;0;210;17150.0;;1050.0
Departamento;Santa Fe;1;1;0;60;7700.0;4200.0;955.5
Departamento;Roma;3;2;1;130;14000.0;3619.0;826.0
Tienda en Centro Comercial;San Ángel;0;1;0;80;35000.0;8750.0;8750.0
Departamento;Lomas de Chapultepec;4;4;4;305;87500.0;17850.0;5519.5
Conjunto Comercial/Sala;Narvarte;0;1;0;37;4200.0;2590.0;413.0
Departamento;Roma Norte;2;0;0;59;5950.0;;
Departamento;Santa Fe;3;2;2;83;8400.0;2135.0;4900.0
Departamento;Santa Fe;3;3;3;230;17500.0;13300.0;2422.0
Departamento;Santa Fe;4;3;2;257;35000.0;10605.0;33225.5
Departamento;Mixcoac;2;1;1;60;5600.0;1995.0;115.5
Departamento;Santa Fe;3;1;2;70;5250.0;3832.5;
Departamento;San Rafael;2;0;0;63;4900.0;1750.0;
Departamento;Santa Fe;4;2;1;158;17500.0;9800.0;2275.0
Casa de Vecindad;Roma;2;0;0;60;8400.0;420.0;
Conjunto Comercial/Sala;Santa Fe;0;1;0;35;2800.0;3314.5;539.0
Conjunto Comercial/Sala;Centro Histórico;0;0;0;70;5250.0;4025.0;367.5
Conjunto Comercial/Sala;Centro Histórico;0;4;0;724;291410.0;60816.0;
Casa de Vecindad;Barrio Bravo;1;0;0;20;1400.0;;
Conjunto Comercial/Sala;Centro Histórico;0;0;0;105;17150.0;3325.0;1470.0
Departamento en Hotel;Villa de Guadalupe;1;1;1;48;3500.0;3325.0;
Departamento;Coyoacán;2;0;0;76;13300.0;3150.0;329.0
Departamento;Centro Histórico;1;0;0;47;4900.0;1400.0;70.0
Departamento;Roma;2;1;1;100;10150.0;4175.5;850.5
Conjunto Comercial/Sala;Santa Fe;0;1;0;22;2100.0;2100.0;
Departamento;Santa Fe;2;2;1;107;10465.0;4550.0;10150.0
Conjunto Comercial/Sala;Centro Histórico;0;0;0;314;98910.0;16485.0;
Departamento;Coyoacán;2;1;1;82;31500.0;14000.0;2068.5
Departamento;Napoles;1;0;1;54;6300.0;2016.0;
Conjunto Comercial/Sala;Santa Fe;0;1;0;34;8750.0;2142.0;3304.0
Conjunto Comercial/Sala;Santa Fe;0;1;0;21;4375.0;2450.0;367.5
Departamento;Santa Fe;3;3;3;170;28000.0;8050.0;16100.0
Departamento;Santa Fe;4;4;3;400;87500.0;15750.0;
Departamento;Santa Fe;2;2;2;110;13300.0;5250.0;875.0
Departamento;Coyoacán;3;1;1;112;15750.0;3850.0;822.5
Galpón/Depósito/Almacén;Villa de Cortés;0;1;0;560;17500.0;;1680.0
Conjunto Comercial/Sala;Peralvillo;0;1;0;26;3150.0;997.5;
Departamento;Condesa;2;1;0;90;11550.0;2975.0;423.5
Departamento;Santa Fe;2;1;1;67;4375.0;2915.5;542.5
Departamento;Del Valle;2;1;1;84;9800.0;1330.0;623.0
Departamento;Condesa;2;0;1;130;15750.0;3675.0;577.5
Departamento en Hotel;Condesa;1;1;0;38;8400.0;4200.0;700.0
Conjunto Comercial/Sala;Centro Histórico;0;0;0;30;1400.0;1018.5;332.5
Edificio Completo;Roma;0;0;0;3100;1050000.0;;
Departamento;Santa Fe;2;1;1;73;7000.0;3101.0;
Casa;San Pedro de los Pinos;3;3;3;493;70000.0;12950.0;5302.5
Conjunto Comercial/Sala;Condesa;0;0;0;32;3500.0;1477.0;448.0
Conjunto Comercial/Sala;Peralvillo;0;1;0;21;2100.0;1393.0;196.0
Casa Comercial;Roma;5;0;0;400;38465.0;;7000.0
Conjunto Comercial/Sala;Centro Histórico;0;1;0;50;4900.0;1354.5;290.5
Departamento;Santa Fe;4;2;2;190;10500.0;5414.5;1190.0
Departamento;Santa Fe;5;3;5;231;52500.0;9100.0;1652.0
Conjunto Comercial/Sala;Centro Histórico;0;0;0;394;45500.0;15575.0;7700.0
Departamento;Roma;2;1;0;80;7700.0;4487.0;
Departamento;Napoles;1;0;0;35;10500.0;1750.0;
Departamento;Roma;2;1;0;63;8400.0;3699.5;4357.5
Conjunto Comercial/Sala;Santa Fe;0;1;0;27;3850.0;1928.5;770.0
Departamento;Santa Fe;2;2;1;135;17500.0;10741.5;2044.0
Departamento;Lomas de Chapultepec;2;1;1;80;21000.0;8680.0;787.5
Departamento;Santa Fe;1;1;1;42;3850.0;2341.5;
Casa;Roma;7;0;4;275;56000.0;;2177.0
Departamento;Jardines de San Mateo;2;1;1;60;2975.0;630.0;
Departamento;Narvarte;3;0;0;84;4200.0;1400.0;357.0
Departamento;Santa Fe;2;1;1;60;8750.0;3500.0;630.0
Departamento;Santa Fe;3;2;1;165;22750.0;5260.5;1155.0
Cocineta;Lomas de Chapultepec;1;0;0;30;6300.0;1925.0;217.0
Conjunto Comercial/Sala;Iztacalco;0;0;0;21;1575.0;1680.0;210.0
Conjunto Comercial/Sala;Centro Histórico;0;0;0;35;1575.0;2572.5;378.0
Tienda en Centro Comercial;Santa Fe;0;0;0;32;8750.0;8750.0;2201.5
Departamento;Coyoacán;3;2;1;150;21000.0;6037.5;1435.0
Tienda/Salón;Barrio Bravo;0;0;0;100;11200.0;;
Casa de Condominio;Santa María Nonoalco;2;1;2;75;5600.0;;
Departamento;Narvarte;2;0;0;66;5600.0;1872.5;287.0
Departamento;Santa Fe;2;2;2;130;17500.0;8575.0;2761.5
Conjunto Comercial/Sala;Centro Histórico;0;10;0;800;168000.0;38500.0;103565.0
Tienda/Salón;Lindavista;0;0;0;56;7000.0;2660.0;
Conjunto Comercial/Sala;Centro Histórico;0;0;0;340;56000.0;42178.5;7434.0
Departamento;Condesa;4;0;0;389;41300.0;12327.0;3787.0
Departamento;Centro Histórico;1;0;0;40;4550.0;1680.0;87.5
Departamento;Lomas de Chapultepec;5;2;2;295;70000.0;14000.0;40894.0
Departamento;Santa Fe;4;0;4;500;31150.0;12250.0;12250.0
Departamento;Condesa;1;0;0;50;9800.0;2348.5;612.5
Tienda/Salón;Del Valle;0;0;0;61;5250.0;;217.0
Conjunto Comercial/Sala;Centro Histórico;0;0;0;23;2625.0;980.0;388.5
Conjunto Comercial/Sala;Santa Fe;0;1;0;28;4200.0;1925.0;
Conjunto Comercial/Sala;Coyoacán;0;0;0;173;87500.0;;7938.0
Departamento;Coyoacán;3;2;2;150;28000.0;7080.5;1872.5
Tienda/Salón;Coyoacán;0;1;0;50;31500.0;5250.0;
Departamento;Álvaro Obregón;2;1;0;70;4550.0;;
Edificio Completo;Narvarte;0;0;0;950;122500.0;;
Departamento;Ciudad de los Deportes;3;2;0;48;1750.0;1032.5;
Departamento;Bosques de las Lomas;3;3;3;227;55650.0;12862.5;3430.0
Departamento;Coyoacán;2;2;1;170;33250.0;4900.0;1242.5
Conjunto Comercial/Sala;Santa Fe;0;10;0;400;59500.0;31500.0;
Departamento;Juárez;1;0;0;26;2800.0;1400.0;101.5
Conjunto Comercial/Sala;Santa Fe;0;36;0;1200;295750.0;150500.0;
Casa de Condominio;Santa Fe;5;4;5;1100;140000.0;7472.5;
Departamento;Santa Fe;3;2;1;145;10150.0;6300.0;1225.0
Departamento;Narvarte;1;0;0;35;5250.0;1295.0;164.5
Conjunto Comercial/Sala;Centro Histórico;0;3;0;147;44800.0;10150.0;
Conjunto Comercial/Sala;Iztacalco;0;0;0;35;2800.0;2964.5;154.0
Departamento;Coyoacán;2;1;0;94;14700.0;2800.0;420.0
Departamento;Santa Fe;3;3;1;127;17500.0;8995.0;
Tienda/Salón;Coyoacán;0;0;0;50;10500.0;5250.0;
Conjunto Comercial/Sala;Santa Fe;0;2;0;70;9100.0;8624.0;171.5
Conjunto Comercial/Sala;Santa Fe;0;1;0;59;7000.0;4718.0;1410.5
Conjunto Comercial/Sala;Coyoacán;0;1;0;320;52500.0;24500.0;
Conjunto Comercial/Sala;Santa Fe;0;1;0;60;5250.0;6405.0;1435.0
Departamento;Roma Norte;2;0;0;70;4725.0;1540.0;42.0
Cocineta;Centro Histórico;1;0;0;25;2450.0;910.0;70.0
Departamento;Roma;1;1;1;58;9625.0;4462.5;406.0
Departamento;Roma;2;1;2;82;14000.0;3955.0;892.5
Departamento;San Miguel Chapultepec;2;1;1;80;5250.0;1883.0;336.0
Departamento;Coyoacán;4;2;1;160;63000.0;5950.0;1750.0
Loft;Condesa;1;0;0;32;8750.0;1925.0;175.0
Cocineta;Centro Histórico;2;0;0;40;4200.0;2187.5;297.5
Departamento;Arboledas;2;1;0;50;3850.0;1680.0;
Departamento;Roma Norte;3;0;0;100;5600.0;1050.0;210.0
Departamento;Coyoacán;3;2;2;290;37800.0;10776.5;3888.5
Departamento en Hotel;Lomas de Chapultepec;2;0;2;80;21000.0;8750.0;1470.0
Conjunto Comercial/Sala;Centro Histórico;0;0;0;115;21000.0;15417.5;2086.0
Cocineta;Condesa;0;0;0;20;4550.0;420.0;
Departamento;Mixcoac;2;1;0;48;4830.0;1428.0;129.5
Casa de Condominio;San Ángel;5;3;1;429;45500.0;3500.0;2691.5
Departamento;San Pedro de los Pinos;2;0;0;74;7000.0;2380.0;343.0
Tienda/Salón;Santa Fe;0;1;0;32;11200.0;7000.0;2201.5
Departamento;Condesa;3;0;1;244;21000.0;5600.0;1526.0
Conjunto Comercial/Sala;Centro Histórico;0;0;0;100;21000.0;7000.0;
Conjunto Comercial/Sala;Santa Fe;0;1;0;32;4480.0;2450.0;
Departamento;Roma;1;0;0;35;7700.0;2100.0;199.5
Departamento;Santa Fe;3;2;3;179;22750.0;8081.5;13233.5
Edificio Completo;Centro Histórico;0;0;0;700;7000.0;;5250.0
Casa;Doctores;2;0;1;150;6300.0;;52.5
Galpón/Depósito/Almacén;Santa Marta Acatitla;0;0;0;4500;70000.0;;
Departamento;Santa Fe;2;1;1;80;7000.0;4200.0;525.0
Departamento;Villa de Guadalupe;2;1;0;46;3500.0;1760.5;45.5
Departamento;Barrio Bravo;2;1;0;60;3500.0;1750.0;
Conjunto Comercial/Sala;Centro Histórico;0;0;0;33;1750.0;1970.5;430.5
Casa;San Gregorio Atlapulco;2;1;0;60;3150.0;;
Conjunto Comercial/Sala;Centro Histórico;0;0;0;90;15750.0;6877.5;1631.0
Tienda en Centro Comercial;Coyoacán;0;0;0;30;4200.0;6142.5;1438.5
Departamento;Condesa;3;1;0;122;9450.0;4907.0;654.5
Conjunto Comercial/Sala;San Miguel Chapultepec;0;1;0;32;5600.0;2800.0;
Departamento;Polanco;2;2;1;74;10325.0;4980.5;679.0
Tienda en Centro Comercial;Santa Fe;0;1;0;110;7000.0;8165.5;1746.5
Departamento;San Miguel Chapultepec;1;0;0;40;4200.0;2432.5;
Conjunto Comercial/Sala;Centro Histórico;0;6;0;1306;342825.0;77707.0;15767.5
Departamento;Santa Fe;4;2;2;165;21000.0;5950.0;15750.0
Casa de Condominio;San Gregorio Atlapulco;2;1;0;60;2800.0;1050.0;
Tienda/Salón;Centro Histórico;0;0;0;1300;245000.0;;17500.0
Departamento;Santa Fe;2;1;1;98;10150.0;3780.0;581.0
Departamento;Santa Fe;3;0;1;120;19250.0;9450.0;2380.0
Conjunto Comercial/Sala;Centro Histórico;0;0;0;330;22750.0;11812.5;4746.0
Departamento;Condesa;3;0;1;116;12250.0;2975.0;525.0
Departamento;Lomas de Chapultepec;3;0;1;120;17500.0;3605.0;2030.0
Departamento;Santa Fe;3;1;2;80;10500.0;4550.0;4662.0
Departamento;Santa Fe;3;2;1;130;19250.0;9450.0;2625.0
Departamento;Peralvillo;3;1;1;70;4900.0;2100.0;
Conjunto Comercial/Sala;Santa Fe;0;1;0;36;6650.0;4445.0;973.0
Conjunto Comercial/Sala;Nativitas;0;1;0;27;2100.0;997.5;119.0
Conjunto Comercial/Sala;Centro Histórico;0;0;0;319;50242.5;19645.5;5463.5
Conjunto Comercial/Sala;Santa Fe;0;3;0;30;12250.0;9009.0;2023.0
Departamento;Santa Fe;3;2;1;122;9100.0;3482.5;903.0
Casa de Condominio;Santa Fe;5;3;2;480;28000.0;2800.0;2450.0
Departamento;Santa Fe;1;1;0;40;10500.0;1662.5;3220.0
Conjunto Comercial/Sala;Santa Fe;0;2;0;35;7700.0;6300.0;735.0
Departamento;Doctores;2;0;0;76;3850.0;1225.0;630.0
Departamento;Santa Fe;3;1;1;277;21700.0;2380.0;2569.0
Departamento;Coyoacán;3;1;0;115;35000.0;;
Departamento;Condesa;2;2;1;81;9100.0;1991.5;94.5
Departamento;Condesa;2;0;0;80;16100.0;;
Conjunto Comercial/Sala;Centro Histórico;0;0;0;44;2100.0;1522.5;
Cochera/Estacionamiento;Centro Histórico;0;0;0;0;1925.0;;
Departamento;Santa Fe;2;1;1;79;10850.0;4200.0;560.0
Conjunto Comercial/Sala;Santa Fe;0;1;0;30;3850.0;2852.5;3647.0
Departamento;Santa Fe;2;1;1;63;9800.0;3605.0;577.5
Departamento;Napoles;2;0;0;80;17500.0;3500.0;
Casa Comercial;Centro Histórico;0;0;0;320;24500.0;;3279.5
Casa de Condominio;Santa Fe;5;3;4;300;31500.0;2870.0;22295.0
Departamento;Bosques de las Lomas;2;2;1;90;9800.0;5285.0;1263.5
Conjunto Comercial/Sala;Santa Fe;0;1;0;42;6300.0;5138.0;955.5
Conjunto Comercial/Sala;Centro Histórico;0;0;0;545;219586.5;45825.5;
Conjunto Comercial/Sala;Condesa;0;2;0;102;14000.0;6125.0;20300.0
Departamento;Santa Fe;4;2;4;254;35000.0;11200.0;
Departamento;Coyoacán;3;1;0;80;14700.0;4200.0;878.5
Casa;Xochimilco;10;0;10;976;70000.0;;
Departamento;Santa Fe;4;2;1;145;20300.0;6391.0;1288.0
Conjunto Comercial/Sala;Centro Histórico;0;0;0;340;53700.5;26036.5;7045.5
Conjunto Comercial/Sala;Santa Fe;0;1;0;75;12250.0;4375.0;2383.5
Cocineta;San Andrés Tetepilco;1;0;0;30;1575.0;;
Casa Comercial;Roma;0;2;0;700;87500.0;;3850.0
Conjunto Comercial/Sala;Santa Fe;0;1;0;43;8715.0;3325.0;623.0
Casa de Condominio;Santa Fe;4;4;4;760;80531.5;7280.0;
Departamento;Roma;3;2;2;126;22750.0;4725.0;945.0
Departamento;Coyoacán;3;1;1;150;21000.0;5530.0;1645.0
Departamento;Condesa;2;1;1;80;9100.0;2905.0;693.0
Departamento;Santa Fe;3;2;1;145;12250.0;5250.0;
Departamento;Santa Fe;2;1;1;68;8050.0;3360.0;210.0
Departamento;Coyoacán;4;2;1;200;38150.0;12950.0;3230.5
Departamento;Nueva Santa María;3;1;0;60;3850.0;2275.0;70.0
Departamento;Lomas de Chapultepec;2;1;1;82;12250.0;3920.0;1365.0
Departamento;Condesa;1;0;0;36;4725.0;1855.0;87.5
Departamento;Condesa;4;2;4;300;27965.0;6300.0;1792.0
Conjunto Comercial/Sala;Centro Histórico;0;0;0;43;4900.0;2800.0;385.0
Conjunto Comercial/Sala;Centro Histórico;0;0;0;780;136500.0;32252.5;7574.0
Conjunto Comercial/Sala;Villa de Cortés;0;5;0;540;113400.0;52920.0;
Conjunto Comercial/Sala;Santa Fe;0;20;0;766;190592.5;70514.5;22977.5
Departamento;Lomas de Chapultepec;3;2;1;150;20650.0;6615.0;1960.0
Conjunto Comercial/Sala;Del Valle;0;3;0;471;140122.5;32970.0;9891.0
Departamento;Narvarte;2;1;1;69;6300.0;2170.0;227.5
Departamento;Santa Fe;2;1;1;87;7000.0;4200.0;654.5
Departamento;Coyoacán;1;0;0;60;8400.0;3150.0;444.5
Departamento;San Miguel Chapultepec;2;1;1;72;9100.0;1225.0;
Conjunto Comercial/Sala;Santa Fe;0;2;0;75;13125.0;5320.0;1197.0
Departamento;San Miguel Chapultepec;2;1;0;70;4900.0;1225.0;168.0
Departamento;Santa Fe;2;1;1;85;6300.0;3850.0;483.0
Departamento;Bosques de las Lomas;2;1;1;80;12600.0;2537.5;980.0
Casa;San Ángel;5;3;3;840;91000.0;;4200.0
Departamento;Condesa;1;0;0;31;3850.0;1771.0;203.0
Departamento;Condesa;4;1;0;155;13300.0;5750.5;1214.5
Departamento;Santa Fe;4;3;1;180;28000.0;8050.0;2450.0
Departamento;Lomas de Chapultepec;3;1;1;120;21000.0;6650.0;11784.5
Departamento;Del Valle;3;0;0;112;6650.0;3482.5;598.5
Conjunto Comercial/Sala;Santa Fe;0;1;0;29;2800.0;1400.0;
Edificio Completo;San Andrés Tetepilco;0;10;0;200;15750.0;;14000.0
Casa de Condominio;Santa Fe;4;3;4;350;31500.0;3269.0;31027.5
Conjunto Comercial/Sala;Centro Histórico;0;0;0;66;5250.0;7164.5;1169.0
Cocineta;Centro Histórico;1;0;0;19;2975.0;1050.0;84.0
Departamento;Condesa;4;0;1;147;14700.0;3500.0;672.0
Cocineta;Centro Histórico;1;0;0;25;2800.0;1225.0;
Departamento;Coyoacán;3;3;2;235;52500.0;14000.0;3815.0
Departamento;Roma;3;1;1;78;15102.5;3885.0;654.5
Departamento;Lomas de Chapultepec;3;2;1;100;14700.0;3325.0;938.0
Departamento;Condesa;4;1;2;120;15750.0;4900.0;875.0
Conjunto Comercial/Sala;La Florida;0;1;0;20;3500.0;1456.0;234.5
Departamento;Condesa;1;0;0;55;7350.0;2198.0;189.0
Departamento;Lomas de Chapultepec;1;1;0;40;8750.0;1750.0;1050.0
Conjunto Comercial/Sala;Polanco;0;1;0;40;14000.0;5250.0;710.5
Tienda/Salón;Narvarte;0;0;0;720;175000.0;;
Departamento;Coyoacán;3;1;1;151;25200.0;6615.0;2471.0
Galpón/Depósito/Almacén;San Juan Xalpa;0;0;0;5900;108500.0;;
Departamento;Santa Fe;2;1;1;68;8050.0;2800.0;763.0
Departamento;Condesa;3;1;0;90;10500.0;3010.0;
Casa de Condominio;Santa Fe;5;3;5;600;77000.0;3598.0;64953.0
Cocineta;Centro Histórico;1;0;0;31;2625.0;1225.0;70.0
Departamento;Coyoacán;1;1;0;34;6650.0;2800.0;105.0
Departamento;Condesa;4;0;2;160;17500.0;2800.0;700.0
Departamento;Centro Histórico;1;0;0;43;7000.0;;
Cocineta;Condesa;1;0;0;33;6650.0;1575.0;199.5
Departamento;Coyoacán;3;1;1;120;22715.0;6545.0;507.5
Departamento;Lomas de Chapultepec;4;2;1;200;42000.0;8190.0;2310.0
Conjunto Comercial/Sala;Centro Histórico;0;0;0;20;10500.0;;
Departamento;Condesa;2;1;0;70;7700.0;2800.0;70.0
Departamento;Bosques de las Lomas;2;1;1;76;11550.0;2625.0;525.0
Departamento;Santa Fe;4;4;4;330;45500.0;12250.0;28000.0
Departamento;Santa Fe;1;1;1;70;12250.0;3675.0;3.5
Departamento;San Antonio Tecomitl;2;1;0;50;1400.0;350.0;
Tienda/Salón;Centro Histórico;0;0;0;200;63000.0;;9100.0
Departamento;Condesa;3;0;1;98;31500.0;1967.0;700.0
Departamento;Bosques de las Lomas;3;3;1;220;45500.0;10150.0;3059.0
Departamento;San Miguel Chapultepec;2;1;1;101;6650.0;2450.0;497.0
Casa de Condominio;Polanco;4;6;4;600;175000.0;;
Conjunto Comercial/Sala;Narvarte;0;1;0;27;3500.0;2159.5;490.0
Casa de Condominio;Santa Fe;4;6;3;681;63000.0;6674.5;6793.5
Departamento;Polanco;2;1;1;74;13650.0;5425.0;577.5
Tienda/Salón;Roma;0;0;0;479;122500.0;;126000.0
Departamento;Santa Fe;4;3;3;160;29750.0;8260.0;1470.0
Departamento;Santa Fe;2;1;1;68;9100.0;3818.5;945.0
Departamento;Condesa;3;1;1;130;17500.0;4200.0;892.5
Departamento;Narvarte;2;1;1;87;8750.0;1925.0;
Departamento;Narvarte;2;0;0;60;5950.0;1872.5;
Departamento;Condesa;2;1;1;110;15050.0;3899.0;840.0
Departamento;Bosques de las Lomas;3;2;1;110;14000.0;3811.5;1403.5
Departamento;Coyoacán;3;2;1;150;17500.0;10150.0;2450.0
Conjunto Comercial/Sala;Santa Fe;0;0;0;36;4200.0;3500.0;5250.0
Conjunto Comercial/Sala;Santa Fe;0;1;0;33;4865.0;2450.0;350.0
Departamento;Santa Fe;4;2;1;177;22750.0;5880.0;1225.0
Cocineta;Roma;1;0;0;32;6300.0;1645.0;105.0
Casa de Condominio;Santa Fe;5;3;2;350;42000.0;6678.0;4445.0
Departamento;San Miguel Chapultepec;2;1;0;97;5600.0;2170.0;98.0
Departamento;Santa Fe;5;3;5;231;52500.0;9114.0;1652.0
Departamento;Narvarte;3;2;2;160;10850.0;4410.0;640.5
Conjunto Comercial/Sala;La Condesa;0;0;0;20;4193.0;;
Casa;Barrio Bravo;2;0;0;180;5075.0;;
Departamento;Coyoacán;4;1;1;150;29750.0;6300.0;1750.0
Departamento;Santa Fe;2;1;1;80;12250.0;3850.0;490.0
Departamento;Coyoacán;3;1;1;170;19250.0;8050.0;1750.0
Conjunto Comercial/Sala;Santa Fe;0;1;0;22;2800.0;2030.0;175.0
Departamento;Santa Fe;2;1;1;70;7000.0;3150.0;
Conjunto Comercial/Sala;Villa de Cortés;0;7;0;1102;269888.5;94458.0;6744.5
Departamento;Narvarte;2;0;0;70;5600.0;1610.0;168.0
Departamento;Narvarte;3;2;1;110;8050.0;4200.0;595.0
Conjunto Comercial/Sala;Santa Fe;0;5;0;241;63000.0;20244.0;3374.0
Departamento;Santa Fe;4;3;3;160;29750.0;8050.0;
Departamento;El Rosedal;2;1;0;60;4200.0;717.5;
Departamento;Iztacalco;1;0;0;45;1925.0;693.0;
Casa de Vecindad;Arboledas;2;0;1;50;4200.0;;472.5
Departamento;Santa Fe;2;1;1;88;8750.0;3675.0;630.0
Departamento;San Andrés Tetepilco;2;1;0;75;3465.0;;
Conjunto Comercial/Sala;Narvarte;0;0;0;405;42000.0;;9450.0
Departamento;Villa de Guadalupe;3;1;1;63;5775.0;1925.0;280.0
Departamento;Santa Fe;2;1;0;52;4200.0;2450.0;
Conjunto Comercial/Sala;Centro Histórico;0;0;0;84;17150.0;7770.0;5684.0
Departamento;Condesa;3;1;0;98;14000.0;2999.5;490.0
Conjunto Comercial/Sala;Centro Histórico;0;0;0;40;1050.0;2292.5;
Departamento;Ciudad de los Deportes;2;1;0;93;2450.0;2450.0;287.0
Departamento;Narvarte;3;1;1;110;9800.0;2670.5;
Departamento;Coyoacán;2;1;0;70;12950.0;3500.0;
Conjunto Comercial/Sala;Centro Histórico;0;0;0;600;87500.0;26075.0;9800.0
Departamento;Lomas de Chapultepec;3;2;1;170;33250.0;9800.0;2100.0
Departamento;Santa Fe;4;3;4;380;43750.0;5729.5;4469.5
Conjunto Comercial/Sala;Centro Histórico;0;0;0;200;21000.0;12250.0;1750.0
Departamento;Roma;2;1;0;90;9450.0;2268.0;490.0
Conjunto Comercial/Sala;Centro Histórico;0;0;0;151;22400.0;13520.5;
Departamento;Arboledas;3;1;0;63;3430.0;2275.0;
Conjunto Comercial/Sala;Santa Fe;0;1;0;37;9800.0;3500.0;
Departamento;Santa Fe;2;1;1;85;9800.0;4410.0;
Casa;Roma;4;4;3;335;43750.0;;13499.5
Departamento;Tláhuac;2;1;0;54;2800.0;770.0;
Casa de Condominio;Santa Fe;5;2;3;700;49000.0;5250.0;3850.0
Conjunto Comercial/Sala;Centro Histórico;0;0;0;30;2450.0;1680.0;
Tienda/Salón;Centro Histórico;0;0;0;900;4200.0;;
Conjunto Comercial/Sala;Santa Fe;0;7;0;135;21000.0;14700.0;
Departamento;Lomas de Chapultepec;5;3;2;300;66500.0;11760.0;5838.0
Departamento;Santa Fe;4;3;1;180;28000.0;8400.0;2334.5
Departamento;Juárez;1;0;0;50;6300.0;1750.0;238.0
Casa;Polanco;4;3;4;700;122500.0;;5747.0
Conjunto Comercial/Sala;Peralvillo;0;1;0;22;1925.0;1505.0;196.0
Departamento;Coyoacán;3;1;1;180;26250.0;5950.0;2075.5
Departamento;Santa Fe;2;1;0;72;10150.0;2352.0;
Casa de Condominio;Santa Fe;5;4;4;622;35000.0;4865.0;49000.0
Conjunto Comercial/Sala;Santa Fe;0;8;0;250;42000.0;35350.0;
Departamento;Roma;3;1;0;115;16100.0;3388.0;658.0
Conjunto Comercial/Sala;Nativitas;0;0;0;53;2450.0;;
Departamento;Santa Fe;2;1;1;85;7700.0;3850.0;483.0
Tienda/Salón;Condesa;0;1;0;70;3500.0;9163.0;4791.5
Departamento;Coyoacán;4;2;2;190;45500.0;9509.5;4543.0
Departamento;Condesa;3;1;3;250;20300.0;9800.0;1400.0
Tienda/Salón;Lomas de Chapultepec;0;0;0;40;17500.0;7700.0;
Departamento;Del Valle;3;1;1;130;9800.0;5250.0;700.0
Departamento;Santa Fe;4;3;4;220;35000.0;13615.0;42000.0
Departamento;Santa Fe;3;2;3;150;17500.0;2800.0;1820.0
Departamento;Bosques de las Lomas;4;1;1;212;15750.0;4200.0;
Conjunto Comercial/Sala;Santa Fe;0;1;0;32;8750.0;2226.0;969.5
Departamento;Santa Fe;3;2;1;200;12250.0;11200.0;4480.0
Edificio Completo;Narvarte;0;4;0;950;105000.0;;9450.0
Departamento;Santa Fe;4;3;1;160;14700.0;8568.0;1368.5
Departamento;La Condesa;2;0;0;70;7560.0;1995.0;283.5
Departamento;Coyoacán;3;3;1;300;77000.0;14000.0;6426.0
Departamento;Lomas de Chapultepec;2;2;1;130;21000.0;8260.0;2089.5
Conjunto Comercial/Sala;Centro Histórico;0;0;0;25;3325.0;1522.5;297.5
Casa;San Ángel;4;4;3;506;63000.0;4550.0;49000.0
Cocineta;Nativitas;1;0;0;23;3150.0;1270.5;87.5
Conjunto Comercial/Sala;Centro Histórico;0;0;0;192;37450.0;22095.5;3433.5
Conjunto Comercial/Sala;Santa Fe;0;1;0;31;7000.0;2607.5;
Departamento;Las Águilas;3;2;1;75;5950.0;2275.0;280.0
Casa de Vecindad;San Miguel Chapultepec;4;2;1;78;8050.0;175.0;87.5
Conjunto Comercial/Sala;San Miguel Chapultepec;0;0;0;26;2450.0;1841.0;455.0
Conjunto Comercial/Sala;Centro Histórico;0;0;0;846;77000.0;62160.0;16289.0
Departamento;Lomas de Chapultepec;3;4;1;200;47250.0;10150.0;3.5
Departamento;Santa Fe;2;1;1;70;5950.0;4200.0;
Casa;Peralvillo;2;0;0;55;3500.0;;
Conjunto Comercial/Sala;Centro Histórico;0;0;0;70;14000.0;13944.0;1750.0
Conjunto Comercial/Sala;Centro Histórico;0;0;0;330;63000.0;13667.5;6632.5
Departamento;Condesa;4;1;1;200;17500.0;6300.0;1522.5
Tienda en Centro Comercial;Santa Fe;0;1;0;70;6965.0;3062.5;1690.5
Tienda/Salón;San Jerónimo;0;1;0;182;42000.0;;
Conjunto Comercial/Sala;Roma;0;20;0;716;187992.0;77000.0;11553.5
Departamento;Bosques de las Lomas;3;2;1;110;14000.0;5313.0;13401.5
Conjunto Comercial/Sala;Santa Fe;0;2;0;80;16100.0;6300.0;2275.0
Tienda en Centro Comercial;Santa Fe;0;1;0;47;21000.0;5600.0;3972.5
Departamento;Lomas de Chapultepec;2;2;1;160;24500.0;8750.0;1711.5
Departamento;La Florida;3;1;1;73;4550.0;2677.5;266.0
Departamento;Santa Fe;2;2;1;85;8400.0;4900.0;
Conjunto Comercial/Sala;Centro Histórico;0;0;0;155;35000.0;27961.5;2782.5
Departamento;Lomas de Chapultepec;1;0;0;55;16450.0;7000.0;
Conjunto Comercial/Sala;Moctezuma;0;1;0;27;3850.0;2247.0;
Casa;Santa Fe;4;4;4;500;52500.0;3409.0;
Departamento;Santa Fe;2;1;1;85;9800.0;3850.0;
Departamento;Nueva Santa María;3;0;0;100;4900.0;875.0;
Departamento;Coyoacán;3;1;0;120;12250.0;5250.0;721.0
Departamento;San Pedro de los Pinos;2;1;2;84;13650.0;4200.0;997.5
Departamento;Roma;2;1;0;107;10500.0;3850.0;630.0
Departamento;Bosques de las Lomas;4;3;1;240;26250.0;9450.0;3745.0
Departamento;Lomas de Chapultepec;3;1;0;140;22750.0;7525.0;1575.0
Departamento;Condesa;1;0;0;45;7000.0;1400.0;
Tienda/Salón;Condesa;0;0;0;30;9800.0;962.5;
Departamento;Lomas de Chapultepec;2;2;2;150;42000.0;9275.0;2975.0
Departamento;San Miguel Chapultepec;2;1;0;50;5250.0;2135.0;
Departamento;Coyoacán;3;2;1;280;38500.0;5250.0;1225.0
Departamento;Santa Fe;8;4;4;394;63000.0;20769.0;12421.5
Departamento;Santa Fe;1;1;0;60;8050.0;2730.0;
Departamento;Centro Histórico;1;0;0;15;2800.0;1067.5;70.0
Conjunto Comercial/Sala;Las Águilas;0;1;0;32;3150.0;1960.0;392.0
Conjunto Comercial/Sala;Centro Histórico;0;1;0;60;3500.0;7000.0;
Departamento;Coyoacán;2;1;2;85;15750.0;4550.0;563.5
Departamento;Coyoacán;3;2;1;117;22050.0;7700.0;1732.5
Tienda/Salón;San Gregorio Atlapulco;0;0;0;20;2800.0;;
Departamento;Coyoacán;1;1;0;56;14000.0;4900.0;630.0
Departamento;Santa Fe;3;2;1;125;15750.0;5950.0;
Conjunto Comercial/Sala;Centro Histórico;0;0;0;20;1750.0;1750.0;
Departamento;Condesa;2;1;1;70;11550.0;3150.0;322.0
Conjunto Comercial/Sala;Centro Histórico;0;2;0;500;210000.0;35000.0;
Departamento;Condesa;4;1;0;150;22750.0;5250.0;1235.5
Tienda/Salón;Condesa;0;0;0;220;42000.0;2100.0;
Departamento;Narvarte;2;0;0;70;7350.0;;269.5
Departamento;San Jerónimo;3;1;1;123;11550.0;7700.0;
Departamento;Santa Fe;2;1;1;80;7000.0;3360.0;
Departamento;Coyoacán;3;1;2;135;28000.0;6720.0;7525.0
Departamento;San Miguel Chapultepec;2;0;0;62;3850.0;1575.0;164.5
Departamento;Narvarte;1;0;1;43;4550.0;1855.0;
Departamento;Narvarte;2;1;0;75;4392.5;3034.5;
Departamento;Jardines de San Mateo;2;1;1;60;2975.0;630.0;
Conjunto Comercial/Sala;Lomas de Chapultepec;0;0;0;32;10500.0;3087.0;808.5
Departamento;Roma;1;0;0;93;9100.0;1816.5;318.5
Tienda/Salón;Condesa;0;0;0;100;26250.0;4095.0;1540.0
Departamento;Condesa;1;0;0;30;4900.0;2107.0;630.0
Conjunto Comercial/Sala;Santa Fe;0;1;0;30;5250.0;1400.0;350.0
Conjunto Comercial/Sala;Santa Fe;0;1;0;36;5950.0;2471.0;476.0
Departamento;Santa Fe;2;1;1;72;14000.0;5810.0;1505.0
Departamento;Condesa;1;1;0;70;8750.0;3045.0;455.0
Departamento;Del Valle;3;0;1;147;10500.0;3563.0;
Conjunto Comercial/Sala;Centro Histórico;0;0;0;180;17500.0;6324.5;2520.0
Departamento;Lomas de Chapultepec;3;2;1;128;27650.0;8050.0;
Departamento;Coyoacán;3;2;1;100;27650.0;3017.0;1330.0
Departamento;Coyoacán;1;1;1;83;14000.0;4725.0;1435.0
Departamento;Lomas de Chapultepec;4;3;4;304;87500.0;17993.5;5733.0
Conjunto Comercial/Sala;Centro Histórico;0;1;0;384;121226.0;37317.0;4921.0
Departamento;Santa Fe;3;2;1;200;19250.0;6475.0;805.0
Departamento;Santa Fe;2;2;1;75;9800.0;4550.0;560.0
Casa;Juárez;4;0;0;289;14700.0;665.0;1344.0
Departamento;Santa Fe;2;1;1;92;10500.0;3010.0;882.0
Departamento;Coyoacán;3;0;1;114;12250.0;5250.0;577.5
Departamento;Lomas de Chapultepec;4;2;2;153;26250.0;6300.0;2264.5
Departamento;Juárez;2;1;0;50;8050.0;2135.0;
Departamento;Coyoacán;2;2;2;82;28000.0;12495.0;20972.0
Departamento;Condesa;2;0;1;60;9800.0;1925.0;175.0
Tienda/Salón;Condesa;0;0;0;200;70000.0;4200.0;5950.0
Departamento;Lomas de Chapultepec;3;2;1;260;52500.0;22750.0;6356.0
Departamento;Bosques de las Lomas;4;4;4;380;87500.0;14700.0;5250.0
Departamento;Coyoacán;2;1;1;85;21000.0;14700.0;1820.0
Departamento;Santa Fe;1;1;1;75;5250.0;4550.0;
Conjunto Comercial/Sala;Lomas de Chapultepec;0;4;0;300;245000.0;53357.5;
Departamento;San Rafael;2;0;2;80;7000.0;1050.0;350.0
Departamento;Lomas de Chapultepec;2;2;1;148;23450.0;5460.0;2065.0
Conjunto Comercial/Sala;Las Aguilas;0;0;0;28;2345.0;;
Conjunto Comercial/Sala;Centro Histórico;0;10;0;800;140000.0;21700.0;5950.0
Departamento;Lomas de Chapultepec;3;1;0;82;13300.0;5173.0;770.0
Conjunto Comercial/Sala;Centro Histórico;0;0;0;340;53700.5;26036.5;7045.5
Cocineta;Narvarte;1;0;0;30;3325.0;675.5;84.0
Departamento;Santa Fe;4;3;1;350;70000.0;13930.0;7350.0
Departamento;Santa Fe;3;2;3;132;12600.0;6265.0;1281.0
Conjunto Comercial/Sala;Santa Fe;0;1;0;32;6300.0;4095.0;
Conjunto Comercial/Sala;Centro Histórico;0;0;0;36;5250.0;1225.0;
Departamento;Santa Fe;3;3;1;180;17500.0;10097.5;2800.0
Casa;Polanco;4;2;2;380;52500.0;;23450.0
Departamento;Del Valle;3;0;0;120;19250.0;1925.0;682.5
Departamento;Lomas de Chapultepec;2;1;0;65;16800.0;;
Departamento;Coyoacán;3;2;2;210;36750.0;12390.0;2240.0
Conjunto Comercial/Sala;Centro Histórico;0;0;0;270;24500.0;11200.0;4102.0
Casa;Tláhuac;2;0;0;60;2450.0;;
Departamento;Coyoacán;3;1;1;130;21000.0;7028.0;1505.0
Departamento;San Pedro de los Pinos;2;1;1;80;10850.0;5075.0;
Departamento;Condesa;3;1;0;75;8400.0;2625.0;609.0
Departamento;Coyoacán;3;2;1;130;17500.0;7374.5;1407.0
Departamento;Del Valle;3;2;1;117;9800.0;3423.0;717.5
Departamento en Hotel;Santa Fe;1;1;0;55;8750.0;4025.0;1050.0
Casa de Condominio;Santa Fe;4;4;4;341;31500.0;2975.0;2681.0
Conjunto Comercial/Sala;Santa Fe;0;1;0;22;1575.0;2765.0;3920.0
Departamento;Santa Fe;3;2;3;145;11200.0;11200.0;6300.0
Departamento;Coyoacán;3;1;1;152;45150.0;5530.0;1260.0
Departamento;Condesa;1;0;0;30;7350.0;1704.5;
Departamento;Santa Fe;3;3;3;300;28000.0;8004.5;4305.0
Departamento;Lomas de Chapultepec;4;3;1;230;87500.0;17745.0;
Conjunto Comercial/Sala;Centro Histórico;0;0;0;350;49000.0;30800.0;7280.0
Departamento;Santa Fe;4;3;2;150;17500.0;7465.5;18658.5
Departamento;Condesa;3;0;0;120;10500.0;2625.0;490.0
Departamento;Santa Fe;2;1;1;81;5950.0;3850.0;350.0
Conjunto Comercial/Sala;Santa Fe;0;13;0;400;168000.0;;
Departamento;San Miguel Chapultepec;2;1;0;40;5600.0;2730.0;178.5
Departamento;Coyoacán;3;1;2;200;49000.0;5950.0;2208.5
Conjunto Comercial/Sala;Roma;0;14;0;700;140000.0;27545.0;34510.0
Conjunto Comercial/Sala;Casa Blanca;0;1;0;27;3850.0;2047.5;
Departamento;Bosques de las Lomas;4;2;2;344;28000.0;11200.0;4403.0
Casa de Condominio;Santa Fe;4;5;3;453;29750.0;1820.0;2394.0
Departamento;Tepalcatlalpan;2;0;0;40;3150.0;;210.0
Departamento;Santa Fe;2;1;1;76;8050.0;3668.0;731.5
Casa;Jardines de San Mateo;1;1;0;50;2275.0;;
Conjunto Comercial/Sala;Santa Fe;0;1;0;34;3850.0;3178.0;367.5
Departamento;Santa Fe;2;1;1;65;5600.0;2579.5;273.0
Departamento;Lomas de Chapultepec;2;0;0;72;10500.0;3325.0;896.0
Departamento;Coyoacán;4;1;1;200;38500.0;8750.0;1575.0
Conjunto Comercial/Sala;Centro Histórico;0;0;0;40;5250.0;;420.0
Departamento;Del Valle;4;1;1;280;24500.0;6545.0;2037.0
Casa de Condominio;Santa Fe;4;3;3;600;27300.0;3503.5;3342.5
Casa de Condominio;Santa Fe;4;3;4;600;52500.0;7700.0;3500.0
Departamento;Santa Fe;4;1;3;160;29750.0;8050.0;1207.5
Departamento;San Ángel;3;1;1;140;16100.0;5600.0;
Departamento;Coyoacán;3;1;0;120;16800.0;5950.0;1337.0
Conjunto Comercial/Sala;Santa Fe;0;28;0;1500;341250.0;;
Conjunto Comercial/Sala;Santa Fe;0;1;0;26;4550.0;2450.0;
Departamento;La Loma;1;0;0;32;5775.0;2450.0;770.0
Departamento;Coyoacán;1;1;0;80;14700.0;4725.0;1172.5
Conjunto Comercial/Sala;Centro Histórico;0;0;0;50;5075.0;1750.0;420.0
Departamento;Condesa;3;1;0;95;16800.0;4550.0;490.0
Departamento;Coyoacán;3;1;1;140;26250.0;10150.0;1750.0
Edificio Completo;Centro Histórico;0;0;0;675;70875.0;;20650.0
Casa;Bosques de las Lomas;6;2;3;700;66500.0;;
Departamento;Narvarte;2;1;1;80;7700.0;2761.5;241.5
Departamento;Roma;3;1;0;108;22750.0;5040.0;875.0
Departamento;Santa Fe;2;1;1;105;9625.0;5194.0;
Departamento;San Andrés Tetepilco;1;1;0;45;2520.0;280.0;
Cocineta;Juárez;1;0;0;30;3500.0;1410.5;
Casa;Santa Fe;3;4;1;222;16450.0;2572.5;864.5
Departamento;Santa Fe;2;1;1;100;7000.0;5054.0;931.0
Departamento;Santa Fe;2;1;1;100;14000.0;4588.5;
Tienda/Salón;Coyoacán;0;0;0;35;7000.0;9922.5;637.0
Conjunto Comercial/Sala;Santa Fe;0;0;0;31;1750.0;1890.0;
Departamento;Coyoacán;1;1;1;105;35000.0;10150.0;2450.0
Departamento;Coyoacán;3;1;1;130;19250.0;4235.0;945.0
Cocineta;Santa Cruz Atoyac;0;0;0;25;3500.0;1400.0;87.5
Departamento;Arboledas;2;1;0;55;3850.0;945.0;59.5
Conjunto Comercial/Sala;Santa Fe;0;1;0;30;2450.0;2625.0;525.0
Departamento;Narvarte;2;1;1;77;6300.0;2842.0;367.5
Conjunto Comercial/Sala;Centro Histórico;0;4;0;328;103320.0;19516.0;2296.0
Departamento;Santa Fe;2;3;2;129;14000.0;6090.0;1116.5
Conjunto Comercial/Sala;Santa Fe;0;1;0;36;4900.0;1925.0;371.0
Departamento;San Miguel Chapultepec;2;1;0;80;4200.0;1400.0;290.5
Conjunto Comercial/Sala;Santa Fe;0;3;0;210;29400.0;16142.0;934.5
Departamento;Condesa;1;0;0;38;5250.0;1522.5;203.0
Conjunto Comercial/Sala;Centro Histórico;0;0;0;30;2625.0;1715.0;353.5
Departamento;Roma;2;2;1;105;16100.0;4200.0;952.0
Cocineta;Narvarte;1;0;0;25;4200.0;1333.5;87.5
Conjunto Comercial/Sala;Centro Histórico;0;3;0;1300;432250.0;113750.0;
Conjunto Comercial/Sala;Centro Histórico;0;0;0;262;17500.0;14385.0;4784.5
Departamento;Santa Fe;4;3;2;160;12250.0;5600.0;1750.0
Departamento;Lomas de Chapultepec;2;0;1;90;16800.0;3951.5;735.0
Conjunto Comercial/Sala;Centro Histórico;0;0;0;294;46550.0;18550.0;1050.0
Tienda/Salón;San Rafael;0;0;0;326;;;3990.0
Departamento;Santa Fe;3;2;1;130;15746.5;6125.0;1400.0
Departamento;Coyoacán;3;1;1;130;19250.0;8050.0;2275.0
Departamento;Coyoacán;4;3;4;180;87500.0;12250.0;4550.0
Conjunto Comercial/Sala;Santa Fe;0;1;0;36;7000.0;2411.5;
Departamento en Hotel;Lomas de Chapultepec;2;1;2;95;20650.0;8400.0;1456.0
Departamento;Bosques de las Lomas;2;2;1;98;13300.0;2660.0;875.0
Conjunto Comercial/Sala;Centro Histórico;0;0;0;135;12250.0;4900.0;2121.0
Conjunto Comercial/Sala;Centro Histórico;0;0;0;150;12250.0;;2240.0
Conjunto Comercial/Sala;Centro Histórico;0;0;0;38;1750.0;3458.0;595.0
Departamento;Santa Fe;3;2;2;212;19250.0;4200.0;2387.0
Departamento;Condesa;1;2;0;70;8050.0;2383.5;486.5
Departamento;Juárez;3;0;0;100;7700.0;2520.0;675.5
Departamento;Coyoacán;4;2;4;280;105000.0;14350.0;3850.0
Conjunto Comercial/Sala;Santa Fe;0;1;0;26;2800.0;2786.0;196.0
Departamento;Condesa;3;0;0;75;9800.0;3815.0;
Departamento;Centro Histórico;1;0;0;30;3850.0;1400.0;
Edificio Completo;Roma;0;3;0;1200;290500.0;;
Departamento;Arboledas;2;0;0;70;3850.0;1407.0;119.0
Cocineta;Del Valle;1;0;0;27;3500.0;1610.0;87.5
Tienda/Salón;Santa Fe;0;1;0;40;4550.0;3909.5;
Departamento;Nativitas;2;0;0;75;3885.0;;
Departamento;Coyoacán;3;1;1;95;15750.0;4025.0;840.0
Departamento;Santa Fe;4;2;2;118;10150.0;3500.0;700.0
Departamento;Narvarte;3;1;1;98;10850.0;4585.0;637.0
Conjunto Comercial/Sala;Condesa;0;1;0;22;3500.0;2240.0;535.5
Departamento;Roma;2;1;1;78;14000.0;3850.0;
Casa de Vecindad;Tepalcatlalpan;3;0;0;120;4200.0;;
Departamento;San Ángel;4;1;1;190;38500.0;8295.0;2114.0
Conjunto Comercial/Sala;Santa Fe;0;1;0;77;10500.0;7175.0;840.0
Conjunto Comercial/Sala;Santa Fe;0;2;0;100;35000.0;7525.0;2572.5
Departamento;Coyoacán;4;3;4;450;105000.0;17545.5;3906.0
Conjunto Comercial/Sala;Santa Fe;0;1;0;28;2800.0;1960.0;441.0
Departamento en Hotel;Lomas de Chapultepec;1;1;0;60;12250.0;5425.0;1575.0
Departamento;Ciudad de los Deportes;3;1;0;62;2555.0;1050.0;56.0
Departamento;Condesa;4;1;0;260;22750.0;6650.0;13996.5
Departamento;Condesa;1;0;0;55;7000.0;6755.0;
Conjunto Comercial/Sala;Centro Histórico;0;3;0;64;4550.0;3202.5;
Departamento;Ciudad de los Deportes;2;1;0;97;2975.0;1942.5;
Departamento en Hotel;Coyoacán;2;1;2;85;22050.0;8820.0;1260.0
Departamento;Santa Fe;2;1;1;80;7350.0;3990.0;644.0
Departamento;Coyoacán;3;1;2;110;21000.0;3010.0;1120.0
Departamento;Condesa;3;1;0;134;8050.0;7000.0;
Departamento;Santa Fe;2;2;1;220;12250.0;7000.0;
Departamento;Santa Fe;2;1;1;76;5950.0;5166.0;
Conjunto Comercial/Sala;Centro Histórico;0;0;0;2148;451080.0;169155.0;
Galpón/Depósito/Almacén;Nativitas;0;0;0;177;10500.0;;2968.0
Casa;Del Valle;3;5;0;250;8400.0;;2275.0
Tienda en Centro Comercial;Condesa;0;0;0;65;6650.0;5040.0;1645.0
Departamento;Santa Fe;3;2;2;200;33250.0;5950.0;
Conjunto Comercial/Sala;Centro Histórico;0;0;0;600;119000.0;19250.0;7122.5
Departamento;San Pedro de los Pinos;5;4;2;570;43750.0;8400.0;1925.0
Conjunto Comercial/Sala;Centro Histórico;0;0;0;150;31500.0;19082.0;4252.5
Conjunto Comercial/Sala;Centro Histórico;0;0;0;75;9100.0;8456.0;700.0
Departamento;Doctores;1;1;0;45;3150.0;1949.5;56.0
Conjunto Comercial/Sala;Centro Histórico;0;0;0;600;140000.0;;
Conjunto Comercial/Sala;La Condesa;0;0;0;100;525.0;;
Departamento en Hotel;Coyoacán;2;1;1;85;35000.0;15750.0;1750.0
Casa;Santa María Nonoalco;2;1;0;60;3150.0;;
Casa;San Gregorio Atlapulco;4;0;0;90;12250.0;;
Departamento;Santa Fe;2;1;1;74;12250.0;3850.0;
Departamento;Roma;3;2;1;105;15050.0;4231.5;710.5
Conjunto Comercial/Sala;Centro Histórico;0;0;0;140;14000.0;5075.0;1732.5
Departamento;Del Valle;1;0;0;49;7350.0;1246.0;192.5
Departamento;Santa Fe;4;2;3;230;45500.0;15750.0;4900.0
Casa de Condominio;Santa Fe;6;0;6;750;42000.0;6930.0;4200.0
Casa de Condominio;Santa Fe;4;2;1;400;27650.0;5250.0;
Departamento en Hotel;Roma;1;1;1;60;9800.0;4200.0;315.0
Edificio Completo;San Pedro de los Pinos;0;42;0;3750;1225000.0;;
Departamento;Santa Fe;3;2;1;118;7000.0;6125.0;525.0
Departamento;Coyoacán;4;4;2;524;105000.0;42000.0;3500.0
Conjunto Comercial/Sala;Centro Histórico;0;0;0;30;2100.0;2002.0;273.0
Terreno Estándar;Villa de Cortés;0;0;0;9220;255500.0;;49014.0
Departamento;Centro Histórico;1;0;0;50;4900.0;1820.0;164.5
Departamento;Coyoacán;3;1;0;90;22750.0;4200.0;525.0
Departamento;Santa Fe;3;2;1;113;10500.0;2030.0;9625.0
Casa;Narvarte;10;0;0;1050;157500.0;;181244.0
Departamento;Santa Fe;3;3;2;165;17150.0;6370.0;1750.0
Conjunto Comercial/Sala;Santa Fe;0;1;0;30;3500.0;3741.5;574.0
Departamento;Roma;3;2;1;135;10850.0;5460.0;1029.0
Departamento;Roma;1;0;0;40;5250.0;1505.0;
Departamento;San Miguel Chapultepec;3;0;0;70;5250.0;1050.0;108.5
Departamento;Coyoacán;4;3;3;180;87500.0;11200.0;34300.0
Departamento;Condesa;2;1;0;60;9100.0;5180.0;
Departamento;Santa Fe;4;2;1;160;14700.0;5162.5;2086.0
Departamento;Álvaro Obregón;1;1;1;44;2800.0;;
Departamento;Coyoacán;4;4;2;400;87500.0;22750.0;770.0
Tienda/Salón;Santa Fe;0;1;0;44;7000.0;4805.5;1655.5
Departamento;Iztapalapa;1;0;0;33;2100.0;10.5;
Departamento;Condesa;2;0;0;62;5600.0;4200.0;105.0
Departamento;Narvarte;3;1;1;130;7000.0;;
Departamento;Condesa;2;1;1;87;11200.0;3087.0;714.0
Departamento;Nativitas;2;0;0;31;2625.0;;
Departamento;San Ángel;2;1;0;80;9450.0;2450.0;427.0
Departamento;Narvarte;1;1;0;67;5250.0;2467.5;234.5
Conjunto Comercial/Sala;Condesa;0;0;0;35;1400.0;3283.0;595.0
Departamento;Lomas de Chapultepec;2;0;0;59;11200.0;3542.0;
Departamento;Santa Fe;1;1;1;66;10500.0;8050.0;2450.0
Conjunto Comercial/Sala;Roma;0;3;0;241;56000.0;32844.0;
Departamento;Bosques de las Lomas;4;2;1;180;22050.0;7490.0;1820.0
Departamento;Roma;2;1;0;66;9800.0;2562.0;532.0
Casa de Condominio;Lomas de Chapultepec;6;2;2;350;63000.0;11900.0;4728.5
Galpón/Depósito/Almacén;Pueblo Culhuacán;0;0;0;2500;66500.0;;
Departamento;San Ángel;2;1;0;63;10150.0;2415.0;556.5
Departamento;Condesa;4;1;1;160;12950.0;5600.0;
Departamento;Condesa;4;1;2;230;15750.0;4900.0;875.0
Conjunto Comercial/Sala;Centro Histórico;0;0;0;935;392700.0;81812.5;
Conjunto Comercial/Sala;Santa Fe;0;1;0;32;10500.0;2012.5;682.5
Cocineta;Juárez;1;0;0;26;4200.0;1543.5;
Departamento;Santa Fe;4;4;4;300;70000.0;6300.0;5950.0
Departamento;Santa Fe;4;4;2;342;105000.0;13650.0;57274.0
Casa;Santa María Nonoalco;3;1;0;65;3500.0;;
Departamento;Narvarte;3;1;1;81;7000.0;2100.0;311.5
Departamento;Bosques de las Lomas;2;1;1;72;10850.0;3115.0;850.5
Departamento;Narvarte;3;1;1;94;12250.0;3349.5;7700.0
Departamento;Narvarte;2;0;0;80;4550.0;1155.0;87.5
Departamento;Coyoacán;3;1;1;135;19250.0;6545.0;763.0
Casa;Nativitas;2;1;0;60;2100.0;;
Departamento;Coyoacán;3;2;3;290;103250.0;11963.0;3619.0
Departamento;Condesa;1;0;0;40;5250.0;2625.0;245.0
Departamento;Santa Fe;1;1;1;82;6300.0;4550.0;525.0
Departamento;Roma;3;2;1;105;14000.0;4543.0;707.0
Departamento;Santa Fe;1;1;0;33;5250.0;2275.0;360.5
Conjunto Comercial/Sala;Santa Fe;0;0;0;50;13300.0;2964.5;1389.5
Conjunto Comercial/Sala;Loma Bonita;2;0;0;121;4200.0;;
Departamento;Bosques de las Lomas;3;4;2;380;98000.0;19250.0;
Departamento;Santa Fe;4;2;2;140;17850.0;7000.0;11375.0
Departamento;Coyoacán;3;1;1;160;26250.0;10500.0;1942.5
Departamento;Peralvillo;2;1;0;80;4900.0;2030.0;280.0
Conjunto Comercial/Sala;Centro Histórico;0;0;0;30;1750.0;1512.0;465.5
Departamento;San Gregorio Atlapulco;2;0;0;60;3150.0;;
Departamento;Lomas de Chapultepec;1;0;0;45;10500.0;;
Conjunto Comercial/Sala;Centro Histórico;0;0;0;80;10500.0;10654.0;763.0
Conjunto Comercial/Sala;Santa Fe;0;1;0;27;5950.0;2240.0;437.5
Conjunto Comercial/Sala;Condesa;0;0;0;170;28000.0;11900.0;
Cochera/Estacionamiento;Centro Histórico;0;1;0;0;1330.0;525.0;
Conjunto Comercial/Sala;Roma;0;4;0;248;84000.0;32091.5;5722.5
Casa;San Gregorio Atlapulco;2;0;0;80;2800.0;350.0;
Conjunto Comercial/Sala;Villa de Cortés;0;2;0;520;127326.5;42000.0;3181.5
Tienda/Salón;Roma;0;0;0;180;23800.0;;2660.0
Conjunto Comercial/Sala;Coyoacán;0;0;0;29;7350.0;4375.0;1050.0
Departamento;Condesa;3;1;1;100;11200.0;3920.0;
Casa de Condominio;Santa Fe;5;4;4;450;22746.5;4025.0;2800.0
Departamento;Santa Fe;1;2;1;100;11550.0;6650.0;1750.0
Departamento;Condesa;2;0;0;90;10500.0;2800.0;766.5
Conjunto Comercial/Sala;Centro Histórico;0;0;0;142;33250.0;12691.0;
Tienda/Salón;Roma;0;0;0;412;66500.0;560.0;12061.0
Departamento;Bosques de las Lomas;4;3;3;285;49000.0;5267.5;1400.0
Departamento;Condesa;1;0;0;34;5950.0;2065.0;
Casa de Condominio;La Florida;3;1;0;111;8050.0;280.0;700.0
Departamento;Santa Fe;1;1;0;72;6650.0;3675.0;770.0
Conjunto Comercial/Sala;Santa Fe;0;2;0;72;8750.0;4777.5;
Cocineta;Condesa;0;1;0;50;2800.0;1725.5;
Casa de Vecindad;Santa Marta Acatitla;1;0;0;41;2100.0;234.5;
Departamento;Centro Histórico;1;0;0;37;4200.0;1375.5;84.0
Casa de Condominio;Santa Fe;4;4;4;315;52500.0;4200.0;2975.0
Departamento;Villa de Cortés;2;1;0;56;2800.0;1568.0;98.0
Departamento;Nueva Santa María;2;0;0;60;2800.0;2170.0;42.0
Tienda/Salón;Roma;0;0;0;17;5250.0;;
Casa de Condominio;Santa María Nonoalco;2;1;0;72;3500.0;560.0;
Conjunto Comercial/Sala;Centro Histórico;0;0;0;25;1750.0;1225.0;280.0
Departamento;Culhuacán CTM;2;1;0;55;2975.0;1890.0;
Conjunto Comercial/Sala;Centro Histórico;0;0;0;42;4900.0;3815.0;577.5
Departamento;Narvarte;1;0;0;38;4200.0;1697.5;70.0
Conjunto Comercial/Sala;Santa Fe;0;1;0;42;5950.0;5082.0;2135.0
Departamento;Condesa;1;1;0;52;6300.0;4532.5;
Conjunto Comercial/Sala;Centro Histórico;0;1;0;30;7700.0;;
Conjunto Comercial/Sala;Santa Fe;0;10;0;377;78750.0;29379.0;8561.0
Conjunto Comercial/Sala;Centro Histórico;0;0;0;66;8750.0;8400.0;1172.5
Conjunto Comercial/Sala;Centro Histórico;0;0;0;160;21000.0;14003.5;3675.0
Departamento;Santa Fe;3;2;1;150;12600.0;5673.5;
Departamento;Lomas de Chapultepec;4;2;1;180;26250.0;11655.0;2940.0
Conjunto Comercial/Sala;Centro Histórico;0;0;0;26;1750.0;1960.0;294.0
Conjunto Comercial/Sala;Santa Fe;0;0;0;29;3500.0;3535.0;819.0
Departamento;Santa Fe;3;2;1;110;9800.0;5908.0;1008.0
Departamento;Narvarte;3;1;0;111;9450.0;2380.0;455.0
Conjunto Comercial/Sala;Roma;0;7;0;377;198187.5;44051.0;
Departamento;Centro Histórico;2;0;0;75;5950.0;2317.0;308.0
Cocineta;El Rosedal;1;0;0;30;1400.0;;
Departamento;Coyoacán;3;1;1;140;25200.0;10150.0;1750.0
Departamento;Narvarte;2;0;0;75;5600.0;735.0;178.5
Departamento;Condesa;3;1;0;100;10850.0;3353.0;77735.0
Departamento;Roma;1;0;0;28;5180.0;1400.0;
Departamento;Polanco;1;0;1;150;24150.0;7703.5;1102.5
Departamento;Lomas de Chapultepec;4;2;2;150;31500.0;6650.0;
Departamento;Santa Fe;1;1;1;60;5950.0;3860.5;
Conjunto Comercial/Sala;Tepalcatlalpan;0;0;0;30;2800.0;525.0;56.0
Departamento;Santa Fe;2;1;1;98;9450.0;5250.0;875.0
Casa de Condominio;Santa Fe;4;2;4;300;31500.0;3325.0;19250.0
Departamento;Santa Fe;3;1;1;93;10500.0;4004.0;
Conjunto Comercial/Sala;Santa Fe;0;2;0;27;2625.0;2653.0;434.0
Conjunto Comercial/Sala;Centro Histórico;0;0;0;90;10500.0;4742.5;966.0
Departamento;Condesa;1;0;0;45;5600.0;2079.0;
Departamento;Coyoacán;1;1;0;50;12250.0;2786.0;
Departamento;Santa Fe;4;2;2;146;10150.0;6825.0;910.0
Departamento;Coyoacán;3;3;2;270;63000.0;9240.0;2915.5
Departamento;Santa Fe;3;2;1;72;9450.0;2310.0;315.0
Conjunto Comercial/Sala;Santa Fe;0;4;0;180;52500.0;19600.0;
Tienda/Salón;Santa Fe;0;2;0;80;3500.0;6125.0;6650.0
Departamento;Coyoacán;2;1;0;90;14000.0;5425.0;654.5
Departamento;Condesa;3;1;1;240;9100.0;3304.0;1809.5
Cocineta;Condesa;1;0;1;22;5250.0;927.5;847.0
Departamento;Coyoacán;3;1;1;151;28000.0;5425.0;1603.0
Conjunto Comercial/Sala;Centro Histórico;0;1;0;677;142170.0;50025.5;11256.0
Casa de Condominio;Santa Fe;5;3;5;291;42000.0;1925.0;17325.0
Departamento;Condesa;1;0;1;57;9100.0;2621.5;794.5
Conjunto Comercial/Sala;Villa de Cortés;0;10;0;1200;315000.0;67200.0;9072.0
Cocineta;Condesa;1;0;1;28;4200.0;1575.0;98.0
Conjunto Comercial/Sala;Centro Histórico;0;0;0;35;3325.0;1221.5;2905.0
Conjunto Comercial/Sala;Centro Histórico;0;0;0;360;27300.0;13300.0;4375.0
Departamento;San Pedro de los Pinos;2;1;1;70;11550.0;2800.0;553.0
Conjunto Comercial/Sala;Centro Histórico;0;0;0;254;19250.0;18959.5;
Departamento;Roma;2;1;1;81;11200.0;3465.0;507.5
Cocineta;Napoles;1;0;0;34;4725.0;2100.0;84.0
Departamento;Coyoacán;2;0;0;76;13300.0;4200.0;472.5
Conjunto Comercial/Sala;Polanco;0;1;0;30;7000.0;2520.0;490.0
Tienda/Salón;Narvarte;0;1;0;31;7350.0;8417.5;
Departamento;Narvarte;2;1;1;85;7000.0;2450.0;315.0
Conjunto Comercial/Sala;Santa Fe;0;3;0;81;9450.0;4200.0;1207.5
Departamento;Santa Fe;3;2;2;140;14350.0;6146.0;1403.5
Departamento;San Miguel Chapultepec;2;1;2;72;6650.0;2800.0;
Conjunto Comercial/Sala;San Ángel;0;0;0;51;45500.0;3811.5;3668.0
Conjunto Comercial/Sala;Centro Histórico;0;0;0;846;77000.0;62160.0;16289.0
Departamento;Santa Fe;4;2;2;123;13825.0;3815.0;1340.5
Tienda/Salón;Condesa;0;0;0;56;12246.5;4550.0;1746.5
Conjunto Comercial/Sala;Centro Histórico;0;0;0;423;28000.0;35570.5;7640.5
Cocineta;Centro Histórico;0;0;0;28;2800.0;1060.5;70.0
Cocineta;Condesa;1;0;0;42;4480.0;1435.0;105.0
Departamento;Roma Norte;2;0;0;77;4900.0;1039.5;49.0
Departamento;Bosques de las Lomas;2;1;0;72;7350.0;3416.0;703.5
Departamento;Coyoacán;3;1;2;138;26250.0;6720.0;1190.0
Departamento;Santa Fe;2;1;1;75;5880.0;4200.0;560.0
Casa de Condominio;Santa Fe;4;2;4;585;59500.0;6118.0;4235.0
Departamento;Condesa;4;1;0;155;17500.0;5250.0;798.0
Departamento;Condesa;2;1;1;60;10500.0;5610.5;3808.0
Galpón/Depósito/Almacén;Santa María la Ribera;0;10;0;1000;28000.0;;2100.0
Departamento;Condesa;2;0;0;90;6650.0;2765.0;
Departamento;Condesa;3;1;0;200;52500.0;4200.0;770.0
Departamento;Santa Fe;2;1;2;90;9450.0;3500.0;969.5
Departamento;Santa Fe;2;1;1;78;13300.0;3850.0;721.0
Departamento;Lomas de Chapultepec;3;2;1;170;45500.0;10150.0;1575.0
Departamento;Roma Norte;2;1;1;59;5250.0;2163.0;52.5
Departamento;Narvarte;3;1;0;115;6650.0;2520.0;455.0
Departamento;El Rosedal;1;0;0;45;1750.0;280.0;
Departamento;Bosques de Aragón;3;4;2;200;28000.0;10150.0;
Departamento;Narvarte;2;0;0;65;6300.0;1260.0;707.0
Departamento;Santa Fe;2;1;1;69;7175.0;3430.0;3325.0
Departamento;Lomas de Chapultepec;3;0;1;100;15750.0;5600.0;840.0
Tienda/Salón;Santa Fe;0;6;0;598;70000.0;37450.0;
Departamento;Coyoacán;3;0;1;190;17500.0;7000.0;1750.0
Departamento;Santa Fe;2;1;1;70;8050.0;3325.0;350.0
Departamento;Coyoacán;2;1;1;85;20300.0;8729.0;
Casa Comercial;Polanco;0;0;0;300;59500.0;;
Conjunto Comercial/Sala;Centro Histórico;0;0;0;40;4200.0;2450.0;315.0
Departamento;Santa Fe;4;3;2;224;15750.0;8750.0;2453.5
Casa;La Condesa;4;2;2;400;38500.0;;
Departamento en Hotel;Condesa;1;1;0;60;7700.0;3500.0;
Departamento;Santa Fe;4;3;2;220;26250.0;9800.0;2380.0
Cocineta;Coyoacán;0;0;0;30;5950.0;1984.5;26845.0
Casa;Tlalpan;5;1;3;320;59500.0;;1386.0
Tienda en Centro Comercial;Condesa;0;0;0;50;12250.0;2625.0;1400.0
Departamento;Condesa;1;0;1;40;5250.0;1911.0;
Departamento;Narvarte;4;1;1;98;9450.0;4830.0;490.0
Conjunto Comercial/Sala;Santa Fe;0;1;0;27;3850.0;25627.0;392.0
Departamento;Condesa;4;1;4;240;28000.0;8750.0;1750.0
Departamento;Narvarte;3;1;1;105;11200.0;3500.0;724.5
Departamento;Condesa;3;1;0;135;15750.0;3395.0;8750.0
Departamento;Coyoacán;3;1;1;155;21000.0;5950.0;2072.0
Departamento;Condesa;3;1;0;150;15750.0;5950.0;661.5
Tienda/Salón;Lomas de Chapultepec;0;0;0;51;27650.0;;2380.0
Departamento;Santa Fe;4;2;4;293;26250.0;14350.0;3150.0
Departamento;Coyoacán;3;1;1;158;22750.0;5950.0;1872.5
Galpón/Depósito/Almacén;Lindavista;0;5;0;600;47250.0;;2520.0
Departamento;Santa Fe;7;4;5;1147;84000.0;24734.5;18655.0
Conjunto Comercial/Sala;Santa Fe;0;1;0;30;3850.0;3318.0;542.5
Departamento;Santa Fe;3;2;1;150;19250.0;9450.0;1050.0
Conjunto Comercial/Sala;Industrial Vallejo;0;2;0;56;10500.0;5250.0;
Conjunto Comercial/Sala;Condesa;0;0;0;200;23800.0;1400.0;19978.0
Casa;Condesa;3;2;1;200;14000.0;;70.0
Departamento;Napoles;1;0;0;65;9800.0;2065.0;315.0
Departamento;San Miguel Chapultepec;2;0;0;60;4900.0;1260.0;66.5
Departamento;Coyoacán;3;2;2;180;33250.0;10500.0;1893.5
Departamento;Lomas de Chapultepec;4;3;4;395;70000.0;16800.0;6300.0
Estudio;La Merced;0;0;0;110;5250.0;;175.0
Departamento;San Andrés Tetepilco;2;0;0;49;3850.0;;
Conjunto Comercial/Sala;Santa Fe;0;1;0;43;4882.5;3500.0;1085.0
Departamento;San Miguel Chapultepec;2;1;0;54;4550.0;2205.0;73.5
Tienda/Salón;Santa Fe;0;2;0;75;21000.0;5250.0;
Departamento;San Rafael;2;1;1;90;5950.0;3150.0;
Departamento;Coyoacán;3;1;1;145;28000.0;5600.0;1505.0
Conjunto Comercial/Sala;Santa Fe;0;1;0;30;3500.0;2800.0;437.5
Departamento;Santa Fe;2;1;1;80;10500.0;3349.5;679.0
Departamento;Coyoacán;1;0;0;55;13300.0;3150.0;735.0
Departamento;Coyoacán;2;0;1;75;18200.0;1666.0;420.0
Conjunto Comercial/Sala;Centro Histórico;0;0;0;30;1750.0;1428.0;241.5
Conjunto Comercial/Sala;Santa Fe;0;3;0;117;30712.5;7171.5;2187.5
Departamento;Coyoacán;4;1;1;200;47250.0;5950.0;2208.5
Departamento;Polanco;2;1;1;100;10500.0;2975.0;1039.5
Tienda en Centro Comercial;Santa Fe;0;5;0;180;24500.0;24500.0;22750.0
Departamento en Hotel;Santa Fe;2;2;2;80;8750.0;4550.0;1085.0
Tienda/Salón;Centro Histórico;0;0;0;135;17500.0;525.0;
Departamento;Condesa;2;2;1;98;11550.0;3500.0;1081.5
Conjunto Comercial/Sala;Centro Histórico;0;0;0;379;53060.0;19649.0;6450.5
Departamento;Del Valle;5;2;1;367;21000.0;7035.0;
Departamento;Condesa;4;1;1;300;12250.0;10150.0;14000.0
Conjunto Comercial/Sala;Santa Fe;0;1;0;44;5250.0;2971.5;
Casa de Condominio;Santa Fe;6;6;6;1000;84031.5;;
Departamento;San Miguel Chapultepec;2;1;0;64;5250.0;2537.5;217.0
Conjunto Comercial/Sala;Santa Fe;0;1;0;130;15750.0;6125.0;2093.0
Conjunto Comercial/Sala;Centro Histórico;4;0;0;200;17500.0;6226.5;2376.5
Departamento;Napoles;1;0;0;40;8050.0;3045.0;80.5
Departamento;Bosques de las Lomas;2;1;1;120;12250.0;5180.0;1365.0
Departamento;Condesa;3;0;0;90;10500.0;4550.0;700.0
Conjunto Comercial/Sala;Centro Histórico;0;0;0;30;1750.0;2730.0;451.5
Departamento;Arboledas;3;1;1;67;5250.0;2401.0;507.5
Departamento;Los Reyes Coyoacán;1;1;0;60;3500.0;1400.0;
Conjunto Comercial/Sala;Centro Histórico;0;3;0;115;28087.5;9037.0;
Departamento en Hotel;Coyoacán;1;1;1;65;14700.0;;
Departamento;San Ángel;2;1;0;61;6650.0;3080.0;476.0
Departamento;Roma;2;0;1;87;13300.0;4039.0;819.0
Tienda/Salón;Santa Fe;0;1;0;90;15750.0;5470.5;17745.0
Departamento;Lomas de Chapultepec;2;2;1;94;26250.0;4238.5;
Departamento;Santa Fe;4;2;1;155;17500.0;10500.0;
Departamento;Coyoacán;4;2;2;380;87500.0;27825.0;
Conjunto Comercial/Sala;Centro Histórico;0;0;0;218;49000.0;23730.0;26229.0
Departamento;Condesa;2;0;0;90;10500.0;2800.0;6230.0
Departamento;Santa Fe;3;1;1;92;8575.0;4200.0;
Departamento;Santa Fe;4;3;4;300;35000.0;15400.0;
Departamento;Condesa;1;0;1;36;5600.0;2527.0;238.0
Departamento;Lomas de Chapultepec;3;1;1;170;26250.0;2450.0;1750.0
Departamento;Coyoacán;2;0;0;70;10850.0;3797.5;507.5
Departamento;Santa Fe;1;1;1;45;8312.5;4777.5;910.0
Conjunto Comercial/Sala;Centro Histórico;0;0;0;600;70000.0;18980.5;10150.0
Conjunto Comercial/Sala;Peralvillo;0;1;0;21;350.0;1431.5;
Departamento;Santa Fe;2;2;1;70;8750.0;3150.0;315.0
Departamento;Roma;1;1;0;45;6300.0;1750.0;175.0
Departamento;Santa Fe;2;2;1;100;17500.0;9975.0;2054.5
Departamento;Condesa;3;2;1;105;15750.0;4900.0;
Conjunto Comercial/Sala;Centro Histórico;0;0;0;192;22750.0;15697.5;
Tienda en Centro Comercial;San Ángel;0;1;0;82;17500.0;3850.0;30576.0
Departamento;Santa Fe;2;1;0;51;5600.0;1680.0;136.5
Departamento;Del Valle;3;1;1;130;9450.0;4280.5;815.5
Conjunto Comercial/Sala;Roma;0;1;0;110;38500.0;9800.0;2002.0
Departamento;Napoles;4;3;1;185;19250.0;4935.0;1722.0
Departamento;Coyoacán;3;1;1;140;22750.0;7700.0;1396.5
Conjunto Comercial/Sala;San Pedro de los Pinos;0;5;0;1080;226800.0;108675.0;
Departamento;Santa Fe;4;3;2;174;16100.0;5337.5;2184.0
Conjunto Comercial/Sala;Lomas de Chapultepec;0;1;0;33;15750.0;2870.0;812.0
Departamento;Santa Fe;2;1;1;93;8400.0;4914.0;
Tienda/Salón;Centro Histórico;0;3;0;577;105000.0;25900.0;3930.5
Tienda/Salón;Condesa;0;0;0;220;42000.0;12950.0;
Departamento;Coyoacán;3;2;1;140;21000.0;3675.0;2495.5
Departamento;Condesa;2;0;0;100;14000.0;2859.5;805.0
Departamento;San Miguel Chapultepec;3;1;0;100;6300.0;542.5;336.0
Departamento;Narvarte;2;1;0;64;5950.0;3286.5;80.5
Departamento;Narvarte;3;0;0;100;7700.0;3640.0;
Departamento;Santa Fe;2;1;2;90;10500.0;4200.0;1330.0
Departamento;Roma;2;1;0;79;15102.5;3885.0;658.0
Departamento;Condesa;4;0;0;145;12250.0;3500.0;651.0
Departamento;Condesa;2;2;1;280;70000.0;12785.5;4284.0
Conjunto Comercial/Sala;Santa Fe;0;38;0;1300;280000.0;108500.0;21000.0
Departamento;Condesa;3;0;1;100;9450.0;4200.0;525.0
Edificio Completo;Narvarte;0;0;0;150;15750.0;;3500.0
Departamento;Roma;2;1;0;60;7700.0;3080.0;
Departamento;Lomas de Chapultepec;3;3;1;140;34930.0;7525.0;
Departamento;Ciudad de los Deportes;3;1;2;136;5250.0;2079.0;
Departamento;Lomas de Chapultepec;3;2;1;170;32900.0;9450.0;2765.0
Terreno Estándar;San Juan Xalpa;0;0;0;13500;164500.0;;9373.0
Departamento;San Jerónimo;4;3;2;190;21000.0;6650.0;1680.0
Departamento;Narvarte;2;1;0;75;6300.0;1225.0;224.0
Departamento;Lomas de Padierna;1;0;0;50;3850.0;1260.0;171.5
Conjunto Comercial/Sala;Centro Histórico;0;0;0;112;5600.0;2100.0;889.0
Departamento;Roma;3;1;1;108;12250.0;3895.5;717.5
Departamento;Coyoacán;3;2;1;205;35000.0;9450.0;
Departamento;Bosques de las Lomas;1;1;0;45;8050.0;5477.5;721.0
Departamento;Coyoacán;2;0;0;85;12425.0;2520.0;
Conjunto Comercial/Sala;Santa Fe;0;2;0;66;16800.0;4042.5;
Departamento;Roma;3;2;1;95;17500.0;3955.0;913.5
Departamento;Condesa;3;2;1;156;17500.0;6181.0;1120.0
Departamento;Narvarte;2;0;0;64;3500.0;1645.0;245.0
Departamento;Lomas de Chapultepec;1;1;1;120;17500.0;10500.0;1925.0
Conjunto Comercial/Sala;Santa Fe;0;7;0;300;63000.0;31500.0;
Departamento;Bosques de las Lomas;3;1;1;106;11725.0;5663.0;1260.0
Departamento;Napoles;3;1;1;120;15750.0;3850.0;595.0
Departamento;Santa Fe;4;3;4;266;52500.0;12950.0;2422.0
Cocineta;Coyoacán;1;0;0;37;6300.0;1400.0;245.0
Departamento;Roma;3;1;0;149;14700.0;5600.0;360.5
Departamento;Coyoacán;4;4;3;264;77000.0;12250.0;46287.5
Departamento;Santa Fe;2;1;1;95;10398.5;6300.0;
Departamento;Lomas de Chapultepec;2;1;2;73;21000.0;5075.0;
Conjunto Comercial/Sala;Centro Histórico;0;0;0;160;38500.0;20604.5;2450.0
Departamento;Coyoacán;3;2;1;180;27300.0;7700.0;1354.5
Conjunto Comercial/Sala;Condesa;0;0;0;198;17500.0;6230.0;4000.5
Conjunto Comercial/Sala;El Rosedal;0;0;0;35;1400.0;1400.0;210.0
Conjunto Comercial/Sala;Lomas de Chapultepec;0;1;0;26;12250.0;3437.0;3605.0
Departamento;Condesa;1;1;0;40;23100.0;2275.0;
Departamento;Condesa;3;1;1;118;14000.0;4095.0;854.0
Departamento;Coyoacán;3;1;0;110;24500.0;3850.0;1470.0
Departamento;Santa Fe;3;2;1;110;8750.0;5099.5;913.5
Departamento en Hotel;Lomas de Chapultepec;2;1;1;80;29750.0;4550.0;630.0
Conjunto Comercial/Sala;Centro Histórico;0;0;0;347;42000.0;15802.5;4277.0
Departamento;Bosques de las Lomas;4;2;4;240;31500.0;14350.0;3776.5
Casa;San Ángel;4;3;2;400;24500.0;3.5;
Departamento;Condesa;3;0;0;110;8750.0;4900.0;
Departamento;Condesa;2;0;0;67;8750.0;1872.5;504.0
Cocineta;Condesa;1;0;0;30;4550.0;1522.5;
Conjunto Comercial/Sala;Centro Histórico;0;1;0;27;4550.0;5190.5;500.5
Conjunto Comercial/Sala;Santa Fe;0;1;0;31;2800.0;2401.0;392.0
Loft;Condesa;1;0;0;32;8050.0;1925.0;175.0
Departamento;Santa Fe;2;1;1;70;7000.0;2800.0;612.5
Edificio Completo;Narvarte;0;60;0;5315;805000.0;280000.0;87500.0
Cochera/Estacionamiento;Centro Histórico;0;0;0;9;350.0;1561.0;
Departamento;Santa Fe;1;1;0;56;6650.0;3479.0;
Tienda/Salón;Santa Fe;0;1;0;116;10500.0;6412.0;4518.5
Departamento en Hotel;Santa Fe;1;1;1;52;21000.0;7350.0;1190.0
Departamento;Condesa;1;0;1;32;4200.0;1974.0;84.0
Departamento en Hotel;Coyoacán;2;1;1;85;56000.0;13300.0;2145.5
Departamento;Polanco;3;2;1;150;19425.0;6650.0;1400.0
Departamento;San Miguel Chapultepec;2;1;0;70;5600.0;2625.0;210.0
Departamento;Roma;1;1;0;50;5600.0;3780.0;560.0
Departamento;Santa Fe;4;2;2;146;17150.0;6300.0;
Departamento;Lomas de Chapultepec;2;1;1;93;14700.0;3948.0;875.0
Conjunto Comercial/Sala;Centro Histórico;0;0;0;423;31150.0;40250.0;4200.0
Departamento;Santa Fe;4;2;2;126;15750.0;5075.0;896.0
Departamento;Polanco;2;0;0;68;10150.0;1155.0;283.5
Cocineta;Condesa;1;0;0;35;6300.0;1225.0;199.5
Departamento;Coyoacán;2;0;0;90;12600.0;4200.0;490.0
Departamento;Santa Fe;4;2;4;160;12425.0;6300.0;14567.0
Conjunto Comercial/Sala;Coyoacán;0;0;0;40;8750.0;3265.5;4494.0
Departamento;Condesa;3;0;0;136;13650.0;3087.0;1120.0
Conjunto Comercial/Sala;Centro Histórico;0;0;0;29;2660.0;2152.5;735.0
Departamento;Condesa;2;1;1;93;11200.0;2800.0;700.0
Departamento;Centro Histórico;2;0;0;50;3500.0;1575.0;175.0
Departamento;Santa Fe;3;1;1;124;14000.0;4550.0;1232.0
Conjunto Comercial/Sala;Centro Histórico;0;0;0;227;14000.0;12495.0;4550.0
Departamento;Santa Fe;2;1;0;70;12250.0;2800.0;
Conjunto Comercial/Sala;Centro Histórico;0;0;0;588;103008.5;37082.5;
Casa de Condominio;Santa Fe;4;3;4;500;35000.0;3675.0;4550.0
Departamento;Santa Fe;1;0;1;25;5687.5;2572.5;490.0
Terreno Estándar;Roma;0;0;0;400;122500.0;;
Conjunto Comercial/Sala;Villa de Cortés;0;5;0;550;134750.0;30800.0;4161.5
Conjunto Comercial/Sala;Santa Fe;0;0;0;58;4550.0;5281.5;
Departamento;Santa Fe;2;2;1;126;13996.5;5950.0;1400.0
Conjunto Comercial/Sala;Santa Fe;0;1;0;43;1295000.0;2450.0;455.0
Departamento;Lomas de Chapultepec;2;1;0;108;15750.0;3608.5;1050.0
Casa de Condominio;Santa Fe;5;4;5;1200;157500.0;7350.0;87500.0
Casa de Condominio;Mixcoac;2;1;0;70;3850.0;;
Departamento;Napoles;1;0;0;65;10500.0;2065.0;315.0
Departamento;Condesa;4;0;4;220;44800.0;;
Conjunto Comercial/Sala;Santa Fe;0;1;0;36;3325.0;4200.0;399.0
Conjunto Comercial/Sala;Santa Fe;1;0;0;60;8750.0;4410.0;1295.0
Conjunto Comercial/Sala;Santa Fe;0;2;0;81;9800.0;7700.0;
Departamento;Santa Fe;2;1;1;75;7000.0;3493.0;728.0
Conjunto Comercial/Sala;Centro Histórico;0;0;0;364;26250.0;15645.0;6888.0
Departamento;Condesa;3;1;1;150;11550.0;3556.0;1228.5
Casa;Álvaro Obregón;2;1;0;98;3465.0;;
Departamento;Condesa;3;0;1;130;10500.0;2800.0;1277.5
Galpón/Depósito/Almacén;Vallejo;0;5;0;4000;147000.0;;1673.0
Departamento;Santa Fe;2;1;1;80;14000.0;3605.0;525.0
Departamento;Santa Fe;2;1;1;70;8050.0;3430.0;245.0
Departamento;San Pedro de los Pinos;2;0;0;72;3850.0;1487.5;45.5
Departamento;Casa Blanca;3;0;0;65;4200.0;630.0;56.0
Tienda/Salón;Centro Histórico;0;0;0;2500;122500.0;;10244.5
Departamento;Coyoacán;3;3;3;169;29750.0;9660.0;3097.5
Departamento;Roma;1;0;0;40;7000.0;1400.0;87.5
Departamento;Condesa;1;0;0;51;5775.0;2555.0;231.0
Departamento;Iztacalco;2;2;0;60;5250.0;1592.5;
Departamento;Condesa;3;1;0;130;21000.0;;
Departamento;Roma;3;1;3;108;21000.0;4830.0;1274.0
Departamento;Napoles;1;0;0;50;6650.0;1645.0;
Departamento;Santa Fe;1;1;0;68;5950.0;4742.5;1046.5
Departamento;Santa Fe;2;1;1;104;14700.0;9100.0;1890.0
Departamento;San Pedro de los Pinos;3;2;1;105;17500.0;5425.0;1452.5
Loft;Coyoacán;1;0;0;36;7000.0;3167.5;91.0
Conjunto Comercial/Sala;Condesa;0;1;0;35;5775.0;2488.5;619.5
Conjunto Comercial/Sala;Centro Histórico;0;0;0;70;6650.0;7350.0;875.0
Departamento;Santa Fe;3;3;3;160;22400.0;4550.0;1050.0
Conjunto Comercial/Sala;Centro Histórico;0;0;0;32;1575.0;1981.0;427.0
Departamento;Arboledas;2;1;0;70;3500.0;1925.0;
Departamento;Santa Fe;3;3;3;180;23100.0;6300.0;1050.0
Departamento;Santa Fe;4;3;4;231;42000.0;19600.0;38500.0
Departamento;San Miguel Chapultepec;2;1;0;69;7700.0;1813.0;353.5
Departamento;Condesa;2;1;1;81;12250.0;3675.0;805.0
Departamento;Villa de Guadalupe;2;1;1;60;4200.0;2380.0;280.0
Casa;Del Valle;3;2;1;300;24500.0;1015.0;
Departamento en Hotel;Santa Fe;1;1;1;71;7350.0;5810.0;633.5
Departamento;Condesa;1;0;0;25;9800.0;;
Departamento;Santa Fe;4;3;2;245;24500.0;12250.0;2450.0
Departamento;Roma;1;0;0;35;3500.0;1025.5;301.0
Casa Comercial;Centro Histórico;0;0;0;42;3150.0;3990.0;612.5
Departamento;Nativitas;3;0;0;68;5600.0;1925.0;168.0
Departamento;Bosques de las Lomas;2;1;1;110;24150.0;3850.0;
Departamento;Coyoacán;2;1;0;70;12950.0;2975.0;
Departamento;Coyoacán;3;2;1;115;59500.0;11900.0;1400.0
Casa;San Gregorio Atlapulco;2;1;0;60;2800.0;;
Departamento;Nativitas;2;0;0;58;3150.0;1050.0;
Departamento;Juárez;2;0;0;65;11200.0;1592.5;262.5
Departamento;Santa Fe;4;2;3;218;19250.0;9362.5;25228.0
Departamento;El Contadero;2;1;0;99;5600.0;1155.0;
Departamento;San Rafael;1;0;0;50;4550.0;1470.0;
Departamento;Santa Fe;3;2;1;100;10500.0;3237.5;
Conjunto Comercial/Sala;Centro Histórico;0;0;0;5;1046.5;;
Conjunto Comercial/Sala;Santa Fe;0;1;0;44;7000.0;4200.0;665.0
Conjunto Comercial/Sala;Santa Fe;0;1;0;72;7700.0;2940.0;2082.5
Departamento;Condesa;2;0;0;92;10500.0;2534.0;521.5
Departamento;Santa Fe;1;1;0;80;7000.0;7000.0;
Departamento;Condesa;4;2;0;212;31500.0;6177.5;2002.0
Departamento;Casa Blanca;2;0;0;50;2975.0;833.0;
Departamento;Condesa;1;0;0;60;5600.0;1890.0;94.5
Casa;Del Valle;2;0;0;46;6475.0;626.5;101.5
Departamento;Tlalpan;2;0;0;75;9450.0;2502.5;
Conjunto Comercial/Sala;Santa Fe;0;12;0;370;57750.0;48982.5;5617.5
Conjunto Comercial/Sala;Santa Fe;0;1;0;50;4200.0;3500.0;392.0
Departamento;Coyoacán;3;1;1;170;24500.0;5250.0;1466.5
Departamento;Condesa;3;0;0;74;8750.0;2625.0;532.0
Cocineta;Centro Histórico;1;0;0;35;2275.0;1393.0;
Tienda/Salón;Condesa;0;0;0;22;10500.0;983.5;63.0
Departamento;Polanco;2;1;0;120;14000.0;4200.0;875.0
Conjunto Comercial/Sala;Lomas de Chapultepec;0;0;0;300;210000.0;10500.0;686245.0
Departamento;Condesa;4;2;2;436;59500.0;12425.0;47320.0
Conjunto Comercial/Sala;Centro Histórico;0;0;0;30;2100.0;1190.0;287.0
Departamento;Coyoacán;3;2;1;150;22050.0;7700.0;1354.5
Departamento en Hotel;Coyoacán;2;1;1;85;42000.0;14000.0;
Conjunto Comercial/Sala;Coyoacán;0;0;0;25;5600.0;3080.0;500.5
Departamento;Lomas de Chapultepec;3;2;1;150;28000.0;8260.0;2089.5
Departamento;Del Valle;2;1;1;87;9800.0;3976.0;609.0
Galpón/Depósito/Almacén;Condesa;0;0;0;250;12250.0;5820.5;4693.5
Departamento;Condesa;1;0;0;51;5250.0;1750.0;175.0
Conjunto Comercial/Sala;Centro Histórico;0;0;0;21;2275.0;1214.5;
Departamento;Ciudad de los Deportes;3;1;0;48;2975.0;1025.5;45.5
Departamento;Polanco;1;0;0;100;16450.0;;
Casa;Condesa;5;7;3;388;122500.0;;969.5
Departamento;San Ángel;3;1;3;144;29750.0;6300.0;1085.0
Departamento;Villa de Cortés;2;0;0;80;3850.0;927.5;
Tienda/Salón;Condesa;0;0;0;30;10500.0;2380.0;1148.0
Tienda/Salón;Centro Histórico;0;10;0;860;34300.0;;301.0
Departamento;San Miguel Chapultepec;2;0;0;55;4900.0;1995.0;84.0
Conjunto Comercial/Sala;Centro Histórico;0;0;0;2308;403900.0;125300.0;
Departamento;Santa Fe;1;1;0;50;4725.0;4900.0;2467.5
Departamento;Lomas de Chapultepec;1;0;1;49;12250.0;1876.0;
Conjunto Comercial/Sala;Roma;0;0;0;15;2380.0;;
Conjunto Comercial/Sala;Centro Histórico;0;0;0;150;12250.0;6037.5;2334.5
Departamento;Napoles;3;1;0;103;14350.0;3780.0;595.0
Departamento;Lomas de Chapultepec;3;1;2;150;34650.0;5495.0;1400.0
Departamento;Tlalpan;2;1;0;70;11200.0;1750.0;595.0
Conjunto Comercial/Sala;Santa Fe;0;1;0;28;2450.0;2194.5;
Departamento;Narvarte;2;0;0;68;6300.0;1400.0;84.0
Departamento;Coyoacán;2;1;0;85;15050.0;2800.0;420.0
Departamento;Lomas de Chapultepec;3;1;1;115;21000.0;7350.0;2037.0
Tienda/Salón;Barrio Bravo;0;4;0;2400;560000.0;52094.0;12600.0
Departamento;Narvarte;1;0;0;40;3850.0;1575.0;84.0
Departamento;Condesa;3;2;1;140;14700.0;5775.0;805.0
Cocineta;Juárez;1;0;0;30;7000.0;1680.0;94.5
Conjunto Comercial/Sala;Coyoacán;0;0;0;26;15750.0;8757.0;1277.5
Tienda en Centro Comercial;Santa Fe;0;1;0;76;19250.0;4214.0;4340.0
Casa Comercial;Roma;0;3;0;433;59500.0;;99466.5
Galpón/Depósito/Almacén;Centro Histórico;0;0;0;500;26250.0;;
Departamento;San Pedro de los Pinos;3;2;1;112;16450.0;5404.0;966.0
Departamento en Hotel;Lomas de Chapultepec;1;1;1;70;15050.0;7000.0;1750.0
Galpón/Depósito/Almacén;Santa Fe;0;4;0;500;38500.0;;3500.0
Departamento;Santa Fe;3;3;3;250;22750.0;8750.0;2695.0
Departamento;Narvarte;2;0;1;42;3150.0;;
Departamento;Coyoacán;2;1;1;60;17500.0;3815.0;4004.0
Departamento;Coyoacán;4;2;1;370;45500.0;7700.0;3395.0
Edificio Completo;Roma;0;30;0;3100;1050000.0;;60490.5
Conjunto Comercial/Sala;Santa Fe;0;32;0;880;210000.0;87500.0;13860.0
Departamento;Condesa;3;1;1;110;21000.0;2975.0;
Conjunto Comercial/Sala;Centro Histórico;0;0;0;130;21000.0;7000.0;
Tienda en Centro Comercial;Coyoacán;0;1;0;32;8750.0;7850.5;1603.0
Tienda/Salón;Santa Fe;0;5;0;180;17500.0;23600.5;1424.5
Conjunto Comercial/Sala;Centro Histórico;0;0;0;3759;789390.0;296023.0;
Conjunto Comercial/Sala;Centro Histórico;0;0;0;245;87500.0;29998.5;5593.0
Casa de Vecindad;Narvarte;2;0;0;78;5950.0;122.5;
Departamento en Hotel;Coyoacán;1;1;1;40;19250.0;;
Departamento;Del Valle;2;0;0;72;11200.0;1400.0;
Departamento;Coyoacán;3;1;0;120;15750.0;5348.0;528.5
Departamento;Condesa;1;0;0;35;5600.0;1505.0;203.0
Departamento;Lomas de Chapultepec;3;1;1;110;18200.0;4900.0;630.0
Tienda/Salón;Condesa;0;0;0;220;42000.0;14350.0;11984.0
Departamento;Santa Fe;3;3;3;266;42000.0;12950.0;2422.0
Departamento;Santa Fe;1;0;0;57;8750.0;6300.0;
Departamento;La Loma;2;0;0;60;5250.0;1883.0;1750.0
Cocineta;Condesa;0;0;0;22;3850.0;1725.5;87.5
Departamento;Santa Fe;2;1;1;85;8400.0;3661.0;
Cocineta;Lomas de Chapultepec;0;0;0;50;7350.0;2100.0;213.5
Departamento;Centro Histórico;1;0;0;36;5250.0;2072.0;308.0
Departamento;Roma;2;0;1;90;15750.0;3150.0;805.0
Departamento;Coyoacán;2;0;0;60;12250.0;2632.0;5285.0
Departamento;Lomas de Chapultepec;4;3;4;256;52500.0;10780.0;4322.5
Conjunto Comercial/Sala;Centro Histórico;0;0;0;333;35000.0;31500.0;39756.5
Conjunto Comercial/Sala;Centro Histórico;0;0;0;34;1750.0;3605.0;367.5
Tienda/Salón;Roma;0;0;0;300;56000.0;6650.0;
Departamento;Santa Fe;3;2;3;136;22400.0;3850.0;980.0
Departamento;Tlalpan;2;0;0;64;7700.0;2502.5;441.0
Conjunto Comercial/Sala;Centro Histórico;0;0;0;240;17500.0;25900.0;4557.0
Conjunto Comercial/Sala;Santa Fe;0;1;0;27;7000.0;2625.0;5642.0
Departamento;Santa Fe;2;1;1;84;7875.0;4571.0;
Departamento;Condesa;3;1;1;257;28000.0;6468.0;2481.5
Conjunto Comercial/Sala;Roma;0;1;0;100;38500.0;9800.0;2800.0
Departamento;Nativitas;2;1;0;80;3850.0;1225.0;
Departamento;Condesa;3;0;0;75;7000.0;1995.0;
Departamento;Condesa;2;0;0;76;7000.0;3150.0;350.0
Departamento;Coyoacán;3;3;1;330;73500.0;15750.0;7700.0
Departamento;Condesa;3;1;0;140;13650.0;4375.0;850.5
Departamento;Condesa;4;2;1;132;17500.0;5600.0;689.5
Departamento;Santa Fe;3;3;3;247;49000.0;14700.0;3500.0
Departamento;Ciudad de los Deportes;2;1;0;57;2625.0;1708.0;49.0
Departamento;Condesa;2;1;0;75;9800.0;3325.0;455.0
Departamento;Coyoacán;2;1;1;85;14700.0;4060.0;528.5
Cocineta;Centro Histórico;1;0;0;30;2625.0;1155.0;87.5
Departamento;Coyoacán;4;1;1;350;49000.0;8750.0;
Conjunto Comercial/Sala;Centro Histórico;0;0;0;140;19250.0;5075.0;1732.5
Departamento;Coyoacán;5;3;4;806;315000.0;32095.0;21000.0
Departamento;Coyoacán;3;2;1;150;24500.0;7700.0;1354.5
Departamento;Condesa;2;1;1;85;18550.0;3500.0;525.0
Departamento;Polanco;1;1;0;72;10500.0;3283.0;
Departamento;Roma;3;2;1;188;15750.0;6510.0;1400.0
Departamento en Hotel;Santa Fe;1;1;0;55;6300.0;10780.0;1960.0
Departamento;Santa Fe;2;1;1;70;5950.0;3850.0;
Tienda/Salón;San Pedro de los Pinos;0;0;0;52;17500.0;1155.0;1694.0
Departamento;Condesa;3;2;1;150;15750.0;4305.0;
Departamento;Coyoacán;3;2;1;150;22050.0;7700.0;1732.5
Departamento;Narvarte;2;1;1;89;7700.0;2870.0;
Casa de Condominio;Santa Fe;4;3;4;980;77000.0;4900.0;2800.0
Cochera/Estacionamiento;Centro Histórico;0;20;0;0;1120.0;;
Conjunto Comercial/Sala;Centro Histórico;0;0;0;379;53060.0;19645.5;6450.5
Departamento;Coyoacán;2;1;1;100;52500.0;14875.0;2058.0
Departamento;San Rafael;3;1;0;59;4550.0;1816.5;
Conjunto Comercial/Sala;Santa Fe;0;18;0;1600;560000.0;84000.0;
Cocineta;Centro Histórico;1;0;0;25;2450.0;1022.0;84.0
Conjunto Comercial/Sala;Centro Histórico;0;0;0;47;5600.0;2450.0;315.0
Departamento;Lomas de Chapultepec;2;1;0;110;10500.0;4550.0;700.0
Conjunto Comercial/Sala;Santa Fe;0;1;0;30;3500.0;3426.5;630.0
Departamento;Bosques de las Lomas;2;0;0;55;7700.0;3080.0;437.5
Galpón/Depósito/Almacén;Nueva Santa María;0;0;0;2200;122500.0;;
Departamento;San Rafael;2;1;0;75;5250.0;2268.0;343.0
Departamento;Santa Fe;3;3;3;290;42000.0;12663.0;2247.0
Departamento;Condesa;5;1;5;300;87500.0;7350.0;2450.0
Conjunto Comercial/Sala;Santa Fe;0;1;0;70;7000.0;6933.5;1333.5
Conjunto Comercial/Sala;Centro Histórico;0;3;0;579;162172.5;30404.5;6079.5
Departamento;Santa Fe;2;1;1;70;8050.0;3430.0;
Cocineta;Roma;1;0;0;21;3500.0;1225.0;1018.5
Conjunto Comercial/Sala;Santa Fe;0;0;0;10;12988.5;;
Departamento;San Miguel Chapultepec;2;0;0;65;3500.0;1526.0;73.5
Conjunto Comercial/Sala;Centro Histórico;0;0;0;320;28700.0;10500.0;3612.0
Departamento;Polanco;3;1;1;110;14000.0;4224.5;1179.5
Tienda/Salón;Santa Fe;0;10;0;693;194040.0;36382.5;
Departamento;Coyoacán;1;0;0;39;9100.0;2271.5;
Departamento;Roma;1;1;1;45;9275.0;2800.0;700.0
Casa de Condominio;Santa Fe;3;2;0;230;20300.0;4900.0;1540.0
Departamento;Coyoacán;2;0;1;82;24500.0;3150.0;525.0
Departamento;Santa Fe;1;1;0;65;4550.0;3675.0;525.0
Departamento;Moctezuma;2;0;0;35;2100.0;;
Conjunto Comercial/Sala;Villa de Guadalupe;0;1;0;18;1260.0;2450.0;192.5
Departamento;Bosques de las Lomas;3;1;1;130;14350.0;5950.0;10850.0
Departamento;Narvarte;2;1;0;64;6300.0;3430.0;171.5
Departamento;Nativitas;2;1;0;72;7000.0;2460.5;339.5
Tienda en Centro Comercial;Santa Fe;0;1;0;85;17500.0;6300.0;2100.0
Departamento;Condesa;3;2;1;156;19250.0;5600.0;1120.0
Departamento;Bosques de las Lomas;4;4;2;480;43750.0;9800.0;2135.0
Departamento;Iztapalapa;1;0;0;40;2800.0;525.0;
Cocineta;Condesa;1;0;0;28;3500.0;1984.5;
Conjunto Comercial/Sala;Centro Histórico;0;0;0;140;17500.0;15375.5;2555.0
Departamento;Condesa;2;2;2;180;59500.0;23464.0;2590.0
Cocineta;Roma;1;0;0;20;3850.0;1683.5;101.5
Departamento;San Miguel Chapultepec;2;1;0;65;7000.0;1729.0;241.5
Departamento;Coyoacán;2;0;0;70;10850.0;2450.0;780.5
Departamento;Peralvillo;2;1;0;50;3500.0;1347.5;45.5
Conjunto Comercial/Sala;Santa Fe;0;0;0;200;35000.0;24458.0;3080.0
Conjunto Comercial/Sala;Centro Histórico;0;0;0;29;2450.0;1078.0;
Departamento;San Miguel Chapultepec;2;1;0;60;4900.0;1221.5;161.0
Departamento;Lomas de Chapultepec;3;0;3;170;35000.0;4200.0;2065.0
Departamento;Bosques de las Lomas;1;1;0;70;10500.0;3972.5;910.0
Departamento;Polanco;1;1;1;60;8750.0;4900.0;385.0
Cocineta;Centro Histórico;0;0;0;30;3500.0;1680.0;
Departamento;Coyoacán;4;2;1;230;22750.0;9800.0;2359.0
Conjunto Comercial/Sala;Roma;0;20;0;716;187950.0;76909.0;11550.0
Departamento;Condesa;2;0;0;63;7000.0;2404.5;234.5
Conjunto Comercial/Sala;Santa Fe;0;4;0;128;45500.0;3825.5;
Departamento;Santa Fe;4;3;1;144;17500.0;5712.0;1242.5
Conjunto Comercial/Sala;Roma;0;0;0;143;26250.0;4984.0;766.5
Casa Comercial;San Miguel Chapultepec;0;3;0;80;8750.0;;1015.0
Departamento;Villa de Cortés;4;0;0;110;4550.0;;
Tienda/Salón;Condesa;0;0;0;103;5425.0;5687.5;
Departamento;Condesa;4;0;1;135;43750.0;4347.0;
Departamento;Santa Fe;2;2;1;100;17500.0;3850.0;7000.0
Departamento;Condesa;3;0;1;189;8750.0;4921.0;1015.0
Casa de Condominio;Santa Fe;4;3;4;340;35000.0;3850.0;1925.0
Departamento;Del Valle;3;1;1;130;14000.0;4900.0;742.0
Departamento;Narvarte;1;1;0;64;6475.0;2583.0;430.5
Departamento;Santa Fe;2;1;1;115;15750.0;8575.0;1610.0
Departamento;Condesa;1;0;1;22;5250.0;1715.0;129.5
Conjunto Comercial/Sala;Santa Fe;0;0;0;30;4200.0;1837.5;
Departamento;Nativitas;1;0;0;55;4550.0;525.0;126.0
Departamento;Lomas de Chapultepec;3;1;0;90;15575.0;3150.0;700.0
Cocineta;Centro Histórico;1;0;0;25;2800.0;700.0;87.5
Casa;Centro Histórico;5;3;0;233;10500.0;;2306.5
Departamento;Coyoacán;3;2;1;200;34650.0;4200.0;1750.0
Departamento;Coyoacán;2;1;2;200;36750.0;4620.0;2418.5
Departamento;Condesa;2;0;0;95;7000.0;805.0;
Departamento;Condesa;3;0;1;120;14000.0;4900.0;1043.0
Departamento;Santa Fe;4;4;4;292;87500.0;17500.0;45500.0
Departamento;Coyoacán;3;0;0;85;12250.0;3132.5;780.5
Departamento;Santa Fe;3;3;3;150;16800.0;3500.0;
Departamento;San Ángel;3;0;1;112;10500.0;3836.0;
Departamento;Narvarte;3;2;1;180;5250.0;7000.0;994.0
Departamento;Condesa;4;1;0;230;17500.0;6475.0;1785.0
Tienda/Salón;Coyoacán;0;0;0;210;98000.0;;9100.0
Departamento;Santa Fe;4;2;1;300;31500.0;11200.0;4200.0
Departamento;Atlampa;2;0;0;65;3500.0;875.0;
Casa Comercial;Roma;0;0;0;280;56000.0;;4081.0
Departamento;Santa Fe;2;1;1;83;6300.0;4900.0;
Galpón/Depósito/Almacén;San Rafael;0;0;0;750;38150.0;;3850.0
Conjunto Comercial/Sala;Santa Fe;0;1;0;100;14000.0;5645.5;759.5
Departamento;Del Valle;3;0;0;108;9100.0;2835.0;
Departamento;Coyoacán;4;2;1;210;36750.0;9828.0;1995.0
Departamento;San Ángel;4;1;1;132;19250.0;5810.0;1368.5
Conjunto Comercial/Sala;Centro Histórico;0;0;0;405;56000.0;16597.0;4837.0
Conjunto Comercial/Sala;Centro Histórico;0;0;0;484;35000.0;24748.5;6107.5
Departamento;Santa Fe;2;1;1;72;7000.0;3710.0;931.0
Conjunto Comercial/Sala;Roma;0;1;0;235;41125.0;38500.0;10780.0
Conjunto Comercial/Sala;Centro Histórico;0;2;0;56;8400.0;5250.0;
Departamento;Coyoacán;3;1;2;100;24500.0;2800.0;609.0
Departamento;Coyoacán;2;1;0;68;9450.0;2625.0;301.0
Tienda en Centro Comercial;Santa Fe;0;1;0;30;3500.0;8750.0;2166.5
Departamento;San Rafael;1;1;0;60;4900.0;1785.0;178.5
Conjunto Comercial/Sala;Santa Fe;0;1;0;28;1750.0;1890.0;
Conjunto Comercial/Sala;Santa Fe;0;1;0;27;3500.0;2950.5;164.5
Conjunto Comercial/Sala;Centro Histórico;0;0;0;47;4550.0;3521.0;710.5
Departamento;Coyoacán;4;1;4;470;192500.0;26250.0;11200.0
Departamento;Santa Fe;2;1;1;78;10500.0;3150.0;507.5
Departamento;Condesa;3;1;2;250;42000.0;3570.0;700.0
Departamento;San Pedro de los Pinos;3;2;1;100;15050.0;5407.5;1039.5
Conjunto Comercial/Sala;Coyoacán;0;1;0;30;4896.5;2604.0;392.0
Departamento;Coyoacán;2;1;1;60;35000.0;7000.0;12600.0
Departamento;Arboledas;2;0;0;65;2800.0;997.5;
Departamento;Roma;1;1;1;60;13300.0;4462.5;280.0
Conjunto Comercial/Sala;Santa Fe;0;1;0;36;9100.0;2450.0;
Conjunto Comercial/Sala;Santa Fe;0;1;0;22;2100.0;1442.0;392.0
Departamento;Coyoacán;3;1;1;140;25550.0;10150.0;1750.0
Conjunto Comercial/Sala;Roma;0;0;0;501;243600.0;54985.0;10850.0
Departamento;Condesa;2;1;0;80;12250.0;3850.0;353.5
Departamento;Roma;4;2;3;161;15750.0;8043.0;1753.5
Conjunto Comercial/Sala;Narvarte;0;0;0;29;2800.0;1680.0;497.0
Conjunto Comercial/Sala;Centro Histórico;0;1;0;30;3150.0;3181.5;262.5
Departamento;Condesa;2;0;1;70;17150.0;5250.0;1925.0
Departamento;Coyoacán;3;1;2;110;35000.0;2625.0;805.0
Conjunto Comercial/Sala;Centro Histórico;0;0;0;377;21000.0;;
Departamento;Coyoacán;3;2;1;140;17500.0;8750.0;2100.0
Conjunto Comercial/Sala;Centro Histórico;0;1;0;360;24500.0;19950.0;4375.0
Tienda/Salón;Santa Fe;0;3;0;207;39882.5;19561.5;10283.0
Departamento;Santa Fe;4;3;4;225;26600.0;9800.0;1855.0
Conjunto Comercial/Sala;Coyoacán;0;4;0;323;101500.0;26950.0;7000.0
Cocineta;Roma;1;0;0;21;2800.0;1225.0;
Departamento;Coyoacán;3;0;1;110;21000.0;3675.0;1120.0
Departamento;Condesa;1;1;0;70;8750.0;2677.5;
Departamento en Hotel;Roma;1;1;0;50;8750.0;4375.0;
Conjunto Comercial/Sala;Santa Fe;0;1;0;150;20650.0;2275.0;
Departamento;Napoles;2;0;0;88;10500.0;2502.5;787.5
Departamento;San Andrés Tetepilco;2;0;1;90;3500.0;;
Departamento;Santa Fe;4;4;4;170;20650.0;3213.0;22704.5
Conjunto Comercial/Sala;Santa Fe;0;4;0;1202;315525.0;115692.5;14724.5
Departamento;Bosques de las Lomas;3;2;1;117;26250.0;3419.5;1596.0
Departamento;Nativitas;2;0;0;65;3500.0;910.0;
Tienda/Salón;Centro Histórico;0;0;0;130;12250.0;465.5;2362.5
Conjunto Comercial/Sala;Santa Fe;0;0;0;51;5950.0;3335.5;
Departamento;Coyoacán;2;1;2;86;46550.0;;
Departamento;Del Valle;3;1;0;100;12250.0;2747.5;402.5
Departamento;Santa Fe;3;3;3;127;24150.0;9590.0;2268.0
Departamento;San Ángel;2;0;0;84;9450.0;2688.0;462.0
Departamento;Bosques de las Lomas;3;1;1;104;15750.0;4837.0;1179.5
Departamento;Condesa;1;0;0;36;4900.0;2520.0;245.0
Departamento;Roma;3;2;1;120;12250.0;4025.0;924.0
Departamento;Bosques de las Lomas;3;2;1;117;17150.0;4259.5;2268.0
Departamento;Santa Fe;3;3;2;267;44800.0;15400.0;35000.0
Cocineta;Roma;1;0;0;28;3850.0;1683.5;87.5
Tienda/Salón;Roma;0;0;0;463;116826.5;16404.5;
Conjunto Comercial/Sala;Santa Fe;0;1;0;40;2975.0;4147.5;476.0
Conjunto Comercial/Sala;Polanco;0;1;0;35;8050.0;3762.5;906.5
Departamento;Polanco;4;3;2;150;8050.0;6709.5;
Conjunto Comercial/Sala;Santa Fe;0;1;0;54;12250.0;2975.0;1750.0
Galpón/Depósito/Almacén;Casa Blanca;0;0;0;220;7000.0;;630.0
Departamento;Santa Fe;3;2;1;145;15750.0;5250.0;1330.0
Departamento;Lomas de Chapultepec;4;2;2;250;59500.0;12250.0;3500.0
Conjunto Comercial/Sala;Centro Histórico;0;2;0;300;70000.0;22750.0;4305.0
Departamento;Coyoacán;3;1;1;240;35000.0;9835.0;1816.5
Cocineta;Condesa;1;0;0;25;3500.0;1347.5;
Conjunto Comercial/Sala;Santa Fe;0;6;0;245;70000.0;22732.5;5085.5
Departamento;Condesa;2;1;0;67;8050.0;2649.5;532.0
Conjunto Comercial/Sala;Centro Histórico;0;12;0;2190;536613.0;;
Departamento;Santa Fe;2;1;1;93;8750.0;4725.0;875.0
Casa Comercial;Roma;0;1;0;118;35000.0;;2194.5
Conjunto Comercial/Sala;Centro Histórico;0;0;0;77;9975.0;5106.5;
Cocineta;Roma;0;0;0;24;3850.0;1459.5;
Loft;Lomas de Chapultepec;1;1;1;60;16450.0;7000.0;
Departamento;Santa Fe;3;3;3;280;42000.0;8680.0;2030.0
Departamento;Peralvillo;2;1;1;69;4725.0;2474.5;255.5
Departamento;Coyoacán;3;1;1;150;16800.0;4900.0;882.0
Departamento;Bosques de las Lomas;2;1;1;110;24150.0;4200.0;805.0
Departamento;Santa Fe;3;2;3;170;21000.0;5950.0;
Conjunto Comercial/Sala;Centro Histórico;0;1;0;392;89138.0;42514.5;4634.0
Departamento;Del Valle;3;4;1;150;18200.0;3850.0;35.0
Departamento;Centro Histórico;1;0;0;40;4550.0;1400.0;
Departamento;Condesa;2;0;1;100;8050.0;4690.0;556.5
Departamento;Santa Fe;4;3;1;296;59500.0;19540.5;58177.0
Departamento;Santa Fe;2;1;2;83;22750.0;;
Tienda/Salón;Santa Fe;0;16;0;1200;336000.0;45150.0;61250.0
Conjunto Comercial/Sala;Condesa;0;0;0;25;4200.0;1680.0;490.0
Departamento;Condesa;3;1;1;104;13300.0;3902.5;770.0
Conjunto Comercial/Sala;Centro Histórico;0;0;0;195;19250.0;6300.0;2362.5
Departamento;Santa Fe;1;1;0;68;8750.0;4550.0;
Casa;Polanco;4;4;3;450;70000.0;;6125.0
Conjunto Comercial/Sala;Roma;0;17;0;757;357759.5;99379.0;
Departamento;Condesa;3;1;0;100;14000.0;2450.0;630.0
Galpón/Depósito/Almacén;Loma Bonita;0;0;0;5000;52500.0;;
Cocineta;San Pedro de los Pinos;0;0;0;15;2450.0;;
Departamento;Lomas de Chapultepec;1;1;0;30;10500.0;1438.5;280.0
Departamento;Condesa;3;1;0;100;13650.0;3395.0;385.0
Conjunto Comercial/Sala;Centro Histórico;1;0;0;25;2450.0;1123.5;374.5
Departamento;Narvarte;2;0;0;80;5950.0;1592.5;98.0
Departamento;Centro Histórico;1;1;0;52;5250.0;1925.0;210.0
Conjunto Comercial/Sala;Centro Histórico;0;1;0;585;184275.0;51187.5;10237.5
Conjunto Comercial/Sala;Centro Histórico;0;0;0;50;5250.0;1263.5;294.0
Departamento;Tlalpan;2;0;1;100;15400.0;1305.5;
Departamento;Roma;2;0;0;62;9800.0;2765.0;
Conjunto Comercial/Sala;Santa Fe;0;6;0;179;34650.0;12138.0;4865.0
Conjunto Comercial/Sala;Centro Histórico;0;0;0;38;2100.0;1939.0;276.5
Conjunto Comercial/Sala;Condesa;0;0;0;68;7000.0;4714.5;9453.5
Galpón/Depósito/Almacén;Santa Marta Acatitla;0;20;0;7933;499796.5;173138.0;33631.5
Departamento;San Pedro de los Pinos;3;1;1;103;14000.0;3850.0;528.5
Casa de Condominio;Santa Fe;5;4;3;622;35000.0;4865.0;5201.0
Departamento;Narvarte;2;1;1;87;9800.0;3325.0;574.0
Departamento;Condesa;4;2;1;255;20650.0;6650.0;1305.5
Conjunto Comercial/Sala;Centro Histórico;0;18;0;2964;1258712.0;269727.5;
Departamento;Santa Fe;4;3;4;250;33250.0;10850.0;2520.0
Departamento en Hotel;Coyoacán;2;2;2;90;26250.0;8729.0;1092.0
Conjunto Comercial/Sala;Santa Fe;0;3;0;135;35000.0;17132.5;5250.0
Conjunto Comercial/Sala;Santa Fe;0;1;0;30;4725.0;3150.0;525.0
Departamento;Coyoacán;4;1;3;168;24500.0;8400.0;10734.5
Conjunto Comercial/Sala;Centro Histórico;0;0;0;90;14000.0;7595.0;2040.5
Conjunto Comercial/Sala;Coyoacán;0;0;0;25;7700.0;1610.0;94.5
Conjunto Comercial/Sala;Santa Fe;0;12;0;427;45500.0;49094.5;
Departamento;Condesa;1;0;0;35;2800.0;1400.0;
Conjunto Comercial/Sala;Narvarte;0;1;0;34;2800.0;2418.5;290.5
Departamento;Santa Fe;3;2;3;104;9100.0;2590.0;840.0
Departamento;Coyoacán;3;1;1;102;14700.0;7332.5;1697.5
Tienda/Salón;Roma;0;0;0;585;210000.0;315.0;1575.0
Tienda/Salón;Santa Fe;0;10;0;1878;453600.0;77525.0;
Tienda en Centro Comercial;Santa Fe;0;1;0;29;7000.0;3654.0;1298.5
Conjunto Comercial/Sala;Centro Histórico;0;0;0;219;42000.0;11301.5;
Conjunto Comercial/Sala;Santa Fe;0;22;0;800;157500.0;101500.0;
Departamento;Lomas de Chapultepec;3;2;1;130;21000.0;8260.0;2089.5
Conjunto Comercial/Sala;Condesa;0;0;0;25;4200.0;1830.5;588.0
Departamento;Centro Histórico;1;0;0;60;7000.0;1750.0;
Departamento;Santa Fe;4;3;2;224;26600.0;7829.5;2688.0
Conjunto Comercial/Sala;Santa Fe;0;5;0;180;42000.0;12600.0;3731.0
Departamento;Coyoacán;7;5;7;800;105000.0;38500.0;
Casa;Peralvillo;2;0;1;60;5425.0;350.0;
Departamento;Coyoacán;2;1;0;82;12250.0;2975.0;315.0
Departamento;Condesa;5;1;1;300;38500.0;8575.0;1225.0
Departamento;Santa Fe;4;4;4;370;77000.0;;
Departamento;Napoles;3;1;1;100;16800.0;3500.0;700.0
Tienda/Salón;San Andrés Tetepilco;0;0;0;117;8225.0;;4973.5
Tienda/Salón;San Miguel Chapultepec;0;0;0;85;22750.0;;1393.0
Tienda/Salón;Roma;0;0;0;20;1750.0;2012.5;
Tienda en Centro Comercial;Lomas de Chapultepec;0;0;0;20;6650.0;1575.0;444.5
Departamento;Coyoacán;1;0;0;35;5600.0;1102.5;105.0
Departamento;Condesa;3;1;1;145;17500.0;5516.0;84.0
Departamento;Santa Fe;3;2;1;130;17500.0;8557.5;2824.5
Departamento;Condesa;2;0;0;45;11900.0;;
Conjunto Comercial/Sala;Centro Histórico;0;0;0;219;80500.0;20783.0;4560.5
Casa Comercial;Tlalpan;0;0;0;272;24500.0;;7787.5
Departamento;Bosques de las Lomas;3;2;1;252;30800.0;6650.0;2100.0
Departamento;Coyoacán;2;1;1;80;52500.0;12600.0;
Departamento;Santa Fe;2;2;1;168;7696.5;5600.0;
Departamento;Roma Norte;2;1;1;75;4550.0;2975.0;
Conjunto Comercial/Sala;Peralvillo;0;1;0;30;2100.0;1575.0;
Casa de Condominio;Santa Fe;4;3;2;434;26250.0;9429.0;4025.0
Departamento;Santa Fe;3;1;1;105;8750.0;6212.5;910.0
Departamento;Santa María Nonoalco;2;1;1;50;3325.0;;
Departamento;San Miguel Chapultepec;2;1;1;86;5250.0;2919.0;301.0
Departamento;Coyoacán;3;1;2;130;52500.0;4900.0;2100.0
Conjunto Comercial/Sala;Santa Fe;0;6;0;165;21000.0;10500.0;3150.0
Departamento;Coyoacán;3;1;1;105;15750.0;4994.5;836.5
Conjunto Comercial/Sala;Centro Histórico;0;0;0;54;4340.0;2030.0;462.0
Departamento;Santa Fe;2;1;1;63;5600.0;2996.0;388.5
Departamento;Lomas de Chapultepec;3;2;0;180;17500.0;13650.0;1680.0
Departamento;Santa Fe;3;2;1;141;16800.0;6247.5;
Departamento;Centro Histórico;2;0;0;75;8750.0;2317.0;280.0
Conjunto Comercial/Sala;Centro Histórico;0;0;0;40;3150.0;1512.0;
Departamento;Condesa;2;1;2;160;14000.0;4725.0;
Departamento;Coyoacán;4;2;1;160;24500.0;6125.0;
Departamento;Coyoacán;3;1;1;160;27300.0;4609.5;1725.5
Departamento;Narvarte;2;0;0;33;5250.0;2243.5;87.5
Departamento;Polanco;2;1;1;90;15750.0;5250.0;1183.0
Conjunto Comercial/Sala;Centro Histórico;0;0;0;40;4200.0;2170.0;738.5
Departamento;Santa Fe;1;1;1;67;5600.0;5743.5;1253.0
Departamento;Condesa;1;0;1;40;9800.0;1750.0;
Departamento;El Contadero;1;1;0;65;5425.0;997.5;87.5
Departamento;Santa Fe;3;2;1;96;9800.0;4200.0;35.0
Departamento;Lomas de Chapultepec;4;2;4;200;36750.0;9485.0;4035.5
Casa de Condominio;Santa Fe;5;4;4;622;35000.0;4865.0;5201.0
Conjunto Comercial/Sala;Villa de Cortés;0;10;0;1080;226800.0;105840.0;
Departamento;San Miguel Chapultepec;2;1;1;76;5250.0;2940.0;248.5
Conjunto Comercial/Sala;Santa Fe;0;0;0;16;27034.0;;
Tienda/Salón;Coyoacán;0;0;0;200;105000.0;;6650.0
Conjunto Comercial/Sala;San Sebastián;0;0;0;30;1225.0;2135.0;175.0
Departamento;San Pedro de los Pinos;2;1;1;86;5950.0;2940.0;420.0
Departamento;Roma Norte;2;0;0;70;5250.0;840.0;45.5
Conjunto Comercial/Sala;Coyoacán;0;0;0;70;26250.0;7000.0;2765.0
Departamento;Santa Fe;3;2;3;110;9450.0;5197.5;917.0
Departamento;Santa Fe;2;1;1;70;7000.0;3465.0;
Conjunto Comercial/Sala;Centro Histórico;0;0;0;35;1575.0;1260.0;
Galpón/Depósito/Almacén;Nativitas;0;0;0;9220;255500.0;;29221.5
Tienda/Salón;Lomas de Chapultepec;0;3;0;300;140000.0;16044.0;
Galpón/Depósito/Almacén;Santa María la Ribera;0;2;0;250;14000.0;;
Departamento;Centro Histórico;1;0;0;56;6650.0;3209.5;7014.0
Conjunto Comercial/Sala;Centro Histórico;0;0;0;100;5600.0;6926.5;1172.5
Conjunto Comercial/Sala;Centro Histórico;0;18;0;944;446040.0;110250.0;
Departamento;Condesa;1;0;0;40;5250.0;;
Galpón/Depósito/Almacén;Tepalcatlalpan;0;0;0;900;45500.0;;3675.0
Tienda/Salón;Santa Fe;0;0;0;162;49808.5;9800.0;4567.5
Departamento;Condesa;3;1;1;220;26950.0;;
Departamento;Roma;3;1;0;94;10500.0;5250.0;535.5
Departamento;Roma;3;1;1;105;19950.0;4735.5;983.5
Departamento;Santa Fe;4;2;1;189;28000.0;7700.0;2310.0
Departamento;Santa Fe;3;2;2;216;35000.0;13331.5;4781.0
Tienda/Salón;Santa Fe;0;1;0;100;15750.0;5215.0;7073.5
Departamento;Condesa;1;1;0;50;8750.0;2047.5;329.0
Cocineta;Coyoacán;1;0;0;30;8400.0;1592.5;465.5
Departamento;Condesa;1;1;0;40;7000.0;2030.0;262.5
Conjunto Comercial/Sala;Centro Histórico;0;0;0;698;146660.5;51600.5;11609.5
Conjunto Comercial/Sala;Santa Fe;0;2;0;78;10430.0;6804.0;275870.0
Cocineta;Centro Histórico;1;0;0;42;2975.0;1900.5;91.0
Departamento;Santa Fe;1;1;0;40;11200.0;5880.0;
Departamento;Roma;3;1;1;101;16800.0;4690.0;1193.5
Casa;San Ángel;0;0;0;160;52500.0;;1491.0
Departamento;Polanco;3;2;2;147;15750.0;5236.0;1309.0
Departamento;Coyoacán;3;0;1;300;77000.0;14000.0;6930.0
Departamento;Santa Fe;4;2;1;167;35000.0;7829.5;19950.0
Departamento;Coyoacán;4;3;3;270;52500.0;10850.0;2450.0
Tienda/Salón;Centro Histórico;0;0;0;208;17500.0;9345.0;1855.0
Departamento;Lomas de Chapultepec;2;1;2;125;35000.0;4462.5;1015.0
Departamento;Coyoacán;4;1;1;141;28000.0;5250.0;
Conjunto Comercial/Sala;Roma;0;0;0;6;11466.0;;
Galpón/Depósito/Almacén;Santa Marta Acatitla;0;17;0;2040;157080.0;44628.5;2485.0
Departamento;San Pedro de los Pinos;4;3;2;215;28000.0;10150.0;2625.0
Departamento;Roma;2;0;1;90;15750.0;3290.0;661.5
Departamento;Santa Fe;3;1;2;100;11200.0;4375.0;525.0
Casa;Villa de Cortés;1;0;0;27;2800.0;;
Departamento;Coyoacán;3;1;1;118;20650.0;3430.0;875.0
Departamento;Condesa;2;0;0;80;7700.0;2292.5;350.0
Departamento;Santa Fe;4;3;4;160;22050.0;6300.0;
Cocineta;Condesa;1;0;0;21;5950.0;1645.0;1018.5
Departamento;Condesa;3;0;0;113;8050.0;3850.0;
Departamento;Condesa;1;0;1;40;6300.0;588.0;413.0
Departamento;Lomas de Chapultepec;2;2;0;100;35000.0;6300.0;
Departamento;Coyoacán;4;4;3;487;105000.0;20300.0;103057.5
Conjunto Comercial/Sala;Villa de Guadalupe;0;1;0;17;3325.0;1015.0;
Departamento;Coyoacán;3;1;1;176;22750.0;8750.0;1225.0
Departamento;Industrial Vallejo;2;1;0;48;2800.0;1295.0;
Conjunto Comercial/Sala;Centro Histórico;0;0;0;21;2100.0;1067.5;353.5
Departamento;Condesa;1;1;1;40;8750.0;2618.0;2345.0
Departamento;Villa de Cortés;3;0;0;75;3850.0;647.5;
Departamento;Santa Fe;2;1;1;70;7350.0;4441.5;742.0
Departamento;Nueva Santa María;2;0;0;68;4200.0;1085.0;168.0
Conjunto Comercial/Sala;Santa Fe;0;1;0;31;5250.0;3829.0;1774.5
Conjunto Comercial/Sala;Centro Histórico;0;1;0;30;2800.0;3150.0;5169.5
Departamento;San Ángel;3;1;0;88;12250.0;5887.0;791.0
Conjunto Comercial/Sala;Centro Histórico;0;0;0;97;5250.0;8799.0;931.0
Tienda/Salón;San Sebastián;0;0;0;320;70000.0;;
Conjunto Comercial/Sala;Santa Fe;0;1;0;22;2625.0;2800.0;385.0
Casa de Condominio;Santa Fe;6;8;0;924;45500.0;7749.0;3710.0
Departamento;Bosques de las Lomas;3;0;1;140;28000.0;5474.0;1505.0
Departamento;Santa Fe;2;1;1;65;8750.0;2327.5;
Departamento;Condesa;1;0;0;50;8050.0;2135.0;
Conjunto Comercial/Sala;Santa Fe;0;0;0;25;6300.0;2450.0;
Departamento;Santa Fe;4;3;4;300;15750.0;6930.0;
Departamento;Condesa;2;0;1;140;27300.0;4550.0;693.0
Conjunto Comercial/Sala;Centro Histórico;0;0;0;301;35000.0;12047.0;3244.5
Casa de Vecindad;San Miguel Chapultepec;2;0;0;55;5250.0;105.0;73.5
Conjunto Comercial/Sala;Centro Histórico;0;0;0;5;1046.5;;
Conjunto Comercial/Sala;Peralvillo;0;1;0;28;3150.0;941.5;1711.5
Casa de Condominio;Santa Fe;4;4;4;850;63031.5;5460.0;
Conjunto Comercial/Sala;Santa Fe;0;1;0;60;5600.0;4200.0;1484.0
Tienda/Salón;Narvarte;0;0;0;95;5250.0;4375.0;1239.0
Departamento;Roma;2;1;1;60;8750.0;5250.0;700.0
Conjunto Comercial/Sala;Santa Fe;0;23;0;937;295186.5;34436.5;14756.0
Conjunto Comercial/Sala;Santa Fe;0;1;0;22;2100.0;2100.0;350.0
Departamento;Centro Histórico;2;0;0;90;7350.0;1995.0;140.0
Casa de Condominio;Los Alpes;6;3;5;300;87500.0;;
Conjunto Comercial/Sala;Condesa;0;0;0;36;5250.0;1995.0;350.0
Departamento;Santa Fe;4;4;4;276;29050.0;5425.0;
Departamento;Centro Histórico;2;0;0;56;6300.0;1904.0;178.5
Casa;Álvaro Obregón;1;0;0;30;1400.0;;
Departamento;Condesa;3;1;2;120;23450.0;;
Departamento;Del Valle;1;0;0;55;8750.0;1575.0;
Conjunto Comercial/Sala;Centro Histórico;0;0;0;414;60550.0;26369.0;4550.0
Casa de Condominio;Santa Fe;8;4;4;986;52500.0;5400.5;7287.0
Conjunto Comercial/Sala;Santa Fe;0;1;0;41;3500.0;4406.5;934.5
Departamento;Napoles;2;0;0;85;13300.0;2415.0;
Conjunto Comercial/Sala;Centro Histórico;0;0;0;32;1715.0;2975.0;511.0
Departamento;Narvarte;3;2;1;125;9975.0;3395.0;525.0
Conjunto Comercial/Sala;Santa Fe;0;1;0;35;4550.0;3517.5;1120.0
Departamento;Polanco;3;2;1;111;14350.0;4130.0;1022.0
Casa de Vecindad;Coyoacán;3;2;0;130;21000.0;;665.0
Departamento;Santa Fe;3;2;3;240;17500.0;5670.0;1249.5
Conjunto Comercial/Sala;Roma;0;3;0;126;38500.0;16919.0;
Cocineta;Centro Histórico;0;0;0;32;2100.0;1403.5;87.5
Departamento;Zacatenco;2;2;0;69;5250.0;1575.0;
Conjunto Comercial/Sala;Santa Fe;0;1;0;27;5600.0;2705.5;
Conjunto Comercial/Sala;Centro Histórico;0;0;0;190;44100.0;16492.0;3654.0
Edificio Completo;Roma;0;13;0;1200;220500.0;;21210.0
Conjunto Comercial/Sala;Villa de Guadalupe;0;1;0;17;3325.0;1015.0;
Casa de Vecindad;Arboledas;1;0;0;50;3500.0;315.0;
Edificio Completo;Centro Histórico;0;0;0;5000;700000.0;;
Departamento;Condesa;3;1;1;240;9100.0;3304.0;1809.5
Casa de Condominio;Santa Fe;4;4;2;360;22750.0;4007.5;3111.5
Conjunto Comercial/Sala;Centro Histórico;0;0;0;38;3500.0;1218.0;87.5
Departamento;Coyoacán;2;0;1;120;19250.0;6300.0;700.0
Departamento;Coyoacán;3;1;1;170;22750.0;8939.0;
Casa;Moctezuma;1;0;0;32;1750.0;;
Departamento;San Miguel Chapultepec;3;0;0;75;5950.0;1848.0;259.0
Conjunto Comercial/Sala;Narvarte;0;2;0;50;8750.0;3496.5;
Conjunto Comercial/Sala;Centro Histórico;0;0;0;100;10500.0;12950.0;1522.5
Conjunto Comercial/Sala;Roma;0;2;0;543;157500.0;59500.0;
Departamento;Lomas de Chapultepec;3;1;2;93;17500.0;4900.0;
Departamento;Santa Fe;1;1;1;45;4550.0;3150.0;175.0
Departamento;San Miguel Chapultepec;1;2;0;54;4200.0;1676.5;168.0
Conjunto Comercial/Sala;Roma;0;1;0;30;8750.0;1963.5;385.0
Conjunto Comercial/Sala;Centro Histórico;0;0;0;36;1750.0;3850.0;392.0
Casa de Condominio;Santa Fe;4;3;4;320;31500.0;1750.0;17500.0
Casa de Condominio;Santa Fe;4;3;2;410;29750.0;3045.0;28350.0
Departamento;Santa Fe;2;2;1;111;15750.0;5600.0;1050.0
Conjunto Comercial/Sala;Centro Histórico;0;0;0;1320;438767.0;110845.0;18011.0
Conjunto Comercial/Sala;Centro Histórico;0;0;0;110;9800.0;3500.0;490.0
Departamento;Del Valle;2;0;0;80;5775.0;3150.0;280.0
Departamento;San Miguel Chapultepec;2;0;0;69;4900.0;350.0;164.5
Departamento;Coyoacán;3;2;1;170;28000.0;7000.0;1862.0
Departamento;San Miguel Chapultepec;1;1;0;54;6300.0;2387.0;171.5
Galpón/Depósito/Almacén;Centro Histórico;0;0;0;2650;556500.0;;2800.0
Departamento;Condesa;4;0;1;60;12250.0;;
Tienda/Salón;Barrio Bravo;0;0;0;24;6300.0;;
Departamento;Del Valle;3;0;0;75;11200.0;2282.0;385.0
Departamento;Santa Fe;5;4;5;400;35000.0;5250.0;17500.0
Conjunto Comercial/Sala;Santa Fe;0;1;0;26;2100.0;2100.0;308.0
Conjunto Comercial/Sala;Centro Histórico;0;0;0;90;21000.0;7633.5;1221.5
Departamento;Lomas de Chapultepec;1;0;0;35;7350.0;2450.0;420.0
Conjunto Comercial/Sala;Centro Histórico;0;0;0;36;1750.0;3010.0;
Departamento;Narvarte;3;1;1;170;11200.0;3850.0;630.0
Casa de Vecindad;Polanco;2;0;1;50;10500.0;227.5;413.0
Departamento;Lomas de Chapultepec;3;1;0;98;12250.0;4340.0;574.0
Conjunto Comercial/Sala;Santa Fe;0;1;0;28;5250.0;3230.5;780.5
Departamento;Lomas de Chapultepec;3;2;2;260;98000.0;15750.0;2800.0
Casa;Santa Fe;5;3;5;615;63000.0;8050.0;
Departamento;Coyoacán;1;0;1;40;11550.0;1645.0;357.0
Departamento;Narvarte;1;1;0;60;4900.0;2100.0;322.0
Departamento;Santa Fe;3;2;1;126;17500.0;6300.0;10500.0
Conjunto Comercial/Sala;Centro Histórico;0;1;0;300;34650.0;11686.5;5005.0
Departamento;Santa Fe;4;3;4;233;35000.0;11200.0;
Conjunto Comercial/Sala;Santa Fe;0;1;0;55;4200.0;3622.5;668.5
Conjunto Comercial/Sala;Centro Histórico;0;0;0;30;4550.0;3500.0;245.0
Departamento;Lomas de Chapultepec;2;1;1;92;15750.0;5250.0;3500.0
Tienda/Salón;Iztacalco;0;0;0;60;15750.0;5460.0;1368.5
Departamento en Hotel;Coyoacán;2;1;1;87;35000.0;11900.0;4200.0
Departamento;Coyoacán;1;0;0;32;4550.0;2257.5;346.5
Casa;Nueva Santa María;2;0;0;60;1925.0;;
Conjunto Comercial/Sala;Centro Histórico;0;0;0;42;3500.0;3727.5;574.0
Cocineta;Condesa;1;0;0;45;5950.0;1547.0;199.5
Departamento;Narvarte;1;1;0;40;4375.0;1561.0;56.0
Conjunto Comercial/Sala;Roma;0;3;0;100;24500.0;9429.0;6825.0
Departamento;Santa Fe;4;3;4;266;42000.0;12950.0;2422.0
Conjunto Comercial/Sala;Centro Histórico;0;0;0;220;24500.0;30450.0;
Departamento;Santa Fe;3;1;1;87;6650.0;4557.0;
Departamento;Roma;2;1;2;80;16800.0;4270.0;1046.5
Departamento;Condesa;3;1;1;190;29750.0;4550.0;1134.0
Casa;Moctezuma;1;0;1;50;3500.0;;
Departamento;Bosques de las Lomas;4;2;1;200;24500.0;5449.5;
Departamento;Santa Fe;3;2;1;140;15750.0;5554.5;1249.5
Departamento;Coyoacán;3;2;1;170;22050.0;7700.0;1354.5
Departamento;Roma Norte;2;0;1;50;7700.0;;700.0
Departamento;Santa Fe;4;4;4;240;59500.0;17500.0;7000.0
Conjunto Comercial/Sala;Santa Fe;0;1;0;39;5600.0;5022.5;1008.0
Casa;Álvaro Obregón;2;1;0;90;5250.0;;
Departamento;Santa Fe;3;1;1;82;8750.0;4305.0;941.5
Departamento;Nueva Santa María;2;0;0;60;3150.0;1400.0;595.0
Departamento;Santa Fe;3;2;0;157;22750.0;6860.0;31437.0
Departamento;Tlalnepantla;3;0;1;106;6300.0;2275.0;
Conjunto Comercial/Sala;Condesa;0;0;0;36;4200.0;2471.0;745.5
Conjunto Comercial/Sala;San José Insurgentes;0;0;0;30;3045.0;;
Departamento;Santa Fe;4;3;4;237;29750.0;12250.0;1400.0
Departamento;Polanco;2;1;1;79;10500.0;5064.5;787.5
Conjunto Comercial/Sala;Santa Fe;0;1;0;33;8750.0;1855.0;
Departamento;Coyoacán;1;0;1;55;9765.0;1470.0;315.0
Tienda/Salón;Centro Histórico;0;40;0;820;34300.0;;
Departamento;Santa Fe;3;2;1;150;12600.0;3517.5;1337.0
Conjunto Comercial/Sala;Centro Histórico;0;0;0;33;2100.0;1627.5;
Departamento;Santa Fe;2;1;0;71;5600.0;4214.0;742.0
Departamento;Peralvillo;2;1;0;78;3850.0;1995.0;63.0
Departamento;Napoles;2;0;1;86;14000.0;2719.5;
Departamento;Santa Fe;2;2;1;100;19250.0;7700.0;1050.0
Tienda/Salón;Santa Fe;0;0;0;46;7700.0;9590.0;
Departamento;Nativitas;1;0;0;30;2800.0;1242.5;87.5
Departamento;Coyoacán;4;2;2;300;56000.0;7350.0;1743.0
Tienda en Centro Comercial;Lomas de Chapultepec;0;7;0;1600;1155000.0;35000.0;
Departamento;Lomas de Chapultepec;3;1;1;150;23450.0;6650.0;12250.0
Tienda/Salón;Condesa;0;0;0;190;140000.0;8050.0;
Departamento;Tlalpan;3;1;1;120;15050.0;8673.0;1200.5
Departamento;Condesa;3;1;0;148;9100.0;5005.0;
Departamento;Lomas de Chapultepec;3;3;2;240;70000.0;13615.0;3115.0
Departamento;Santa Fe;4;2;2;115;13650.0;454580.0;1253.0
Conjunto Comercial/Sala;Centro Histórico;0;0;0;32;2450.0;4375.0;294.0
Departamento;Santa Fe;2;1;1;82;7350.0;4725.0;3850.0
Departamento;Bosques de las Lomas;2;1;0;72;11900.0;5005.0;805.0
Departamento;Condesa;3;1;1;200;16772.0;9800.0;728.0
Departamento;Condesa;2;0;0;79;10500.0;3265.5;497.0
Departamento;Santa Fe;3;2;1;77;5950.0;4200.0;7108.5
Conjunto Comercial/Sala;Centro Histórico;0;2;0;629;110075.0;59262.0;9485.0
Edificio Completo;Centro Histórico;0;90;0;7774;1768585.0;;
Conjunto Comercial/Sala;Narvarte;0;1;0;192;21000.0;14350.0;3629.5
Departamento;Condesa;3;1;1;110;28000.0;3850.0;1365.0
Departamento;Lomas de Chapultepec;2;1;1;93;17500.0;4900.0;8750.0
Casa Comercial;La Condesa;0;0;0;301;136500.0;;1582.0
Departamento;Polanco;2;2;1;83;12250.0;5705.0;889.0
Casa Comercial;San Pedro de los Pinos;0;0;0;220;56000.0;;
Departamento en Hotel;Santa Fe;1;1;0;55;7000.0;10780.0;1960.0
Casa Comercial;La Condesa;0;2;0;461;193900.0;33936.0;2422.0
Galpón/Depósito/Almacén;San Antonio Tecomitl;0;0;0;2000;105000.0;;917.0
Departamento;Narvarte;2;1;0;76;7350.0;3615.5;434.0
Conjunto Comercial/Sala;Centro Histórico;0;0;0;969;175000.0;81399.5;
Departamento;Peralvillo;1;0;0;60;3850.0;1214.5;192.5
Departamento;Santa Fe;1;1;0;60;7350.0;10776.5;
Departamento;Coyoacán;5;1;3;426;87500.0;11200.0;1543.5
Departamento;Santa Fe;3;1;1;96;10500.0;4305.0;350.0
Departamento;Santa Fe;4;3;4;266;52500.0;12950.0;24220.0
Departamento;Coyoacán;4;0;2;398;105000.0;21000.0;
Departamento;Bosques de las Lomas;3;2;1;247;24500.0;5250.0;22533.0
Casa de Condominio;Santa Fe;4;3;2;260;28000.0;3150.0;1855.0
Departamento;Napoles;1;0;0;50;7350.0;1487.5;91.0
Conjunto Comercial/Sala;Centro Histórico;0;0;0;20;2100.0;1470.0;430.5
Departamento en Hotel;Coyoacán;1;1;1;54;9100.0;7700.0;700.0
Loft;Santa Fe;1;1;1;60;7000.0;4725.0;700.0
Departamento;Santa Fe;4;2;2;160;13650.0;7700.0;2100.0
Departamento;Santa Fe;3;2;1;108;15750.0;6174.0;24059.0
Departamento;Coyoacán;3;3;2;270;63000.0;9240.0;2915.5
Departamento;Condesa;1;0;1;55;8715.0;1820.0;332.5
Casa de Condominio;Santa Fe;4;0;1;265;42000.0;3045.0;18312.0
Cocineta;Centro Histórico;1;0;0;18;3325.0;1389.5;84.0
Tienda/Salón;Jardines de San Mateo;0;0;0;40;3500.0;;
Conjunto Comercial/Sala;Coyoacán;0;1;0;30;7700.0;3500.0;700.0
Departamento;Santa Fe;1;1;1;90;8225.0;4550.0;955.5
Cocineta;Roma;1;0;1;21;5600.0;1312.5;847.0
Departamento;Del Valle;1;0;0;49;6300.0;1372.0;87.5
Departamento;Napoles;3;1;0;103;10500.0;3780.0;777.0
Conjunto Comercial/Sala;Centro Histórico;0;0;0;200;63000.0;15092.0;4263.0
Departamento;San Pedro de los Pinos;2;0;0;63;4200.0;2184.0;
Casa de Vecindad;Nueva Santa María;2;0;0;61;3500.0;;
Departamento;Santa Fe;2;2;2;75;15750.0;6755.0;
Departamento;Condesa;2;2;0;106;11200.0;3150.0;525.0
Departamento;Roma;1;0;0;35;4550.0;1536.5;80.5
Departamento;Mixcoac;2;1;0;55;4550.0;1536.5;49.0
Departamento;Coyoacán;3;1;1;140;29750.0;7875.0;1795.5
Departamento;Peralvillo;2;1;0;50;3850.0;2012.5;126.0
Conjunto Comercial/Sala;Centro Histórico;0;0;0;350;28000.0;15225.0;6338.5
Departamento;Polanco;3;1;1;200;20650.0;3850.0;1575.0
Cocineta;Roma;1;0;0;18;4200.0;1596.0;87.5
Departamento en Hotel;Coyoacán;2;2;2;85;24500.0;5600.0;4200.0
Departamento;Narvarte;4;2;1;125;10325.0;5355.0;689.5
Departamento;Narvarte;3;1;1;120;6300.0;4158.0;595.0
Departamento en Hotel;Santa Fe;1;1;0;48;11900.0;4200.0;1155.0
Departamento;Santa Fe;4;3;2;263;35000.0;9061.5;217.0
Departamento;Tepalcatlalpan;2;1;0;52;2450.0;1365.0;
Departamento;Coyoacán;5;2;2;290;59500.0;6678.0;2705.5
Conjunto Comercial/Sala;Centro Histórico;0;0;0;600;133000.0;38349.5;9460.5
Edificio Completo;Roma Norte;0;0;0;3000;105000.0;;
Conjunto Comercial/Sala;Centro Histórico;0;0;0;120;7000.0;1540.0;2240.0
Tienda en Centro Comercial;Santa Fe;0;3;0;100;7000.0;8750.0;5950.0
Departamento;Santa Fe;3;2;1;107;12250.0;6475.0;1190.0
Cocineta;Centro Histórico;1;0;0;25;6125.0;;
Conjunto Comercial/Sala;Centro Histórico;0;0;0;526;101500.0;59500.0;1011.5
Departamento;Coyoacán;5;1;4;354;87500.0;15466.5;7700.0
Departamento;Santa Fe;3;1;0;72;7700.0;2100.0;
Departamento;Santa Fe;1;0;0;65;9800.0;3160.5;
Conjunto Comercial/Sala;Centro Histórico;0;0;0;30;4200.0;2527.0;388.5
Departamento;Condesa;3;1;1;180;17500.0;9800.0;1186.5
Departamento;Santa Fe;2;1;2;94;7700.0;3325.0;840.0
Tienda/Salón;Jardines de San Mateo;0;0;0;50;7000.0;;
Departamento en Hotel;Condesa;2;1;0;80;7000.0;6300.0;700.0
Conjunto Comercial/Sala;Centro Histórico;0;0;0;120;16800.0;6125.0;1729.0
Departamento;Narvarte;2;0;0;60;4200.0;1225.0;
Departamento en Hotel;Bosques de las Lomas;1;1;0;55;9800.0;5950.0;1050.0
Conjunto Comercial/Sala;Centro Histórico;0;0;0;62;5600.0;4011.0;938.0
Conjunto Comercial/Sala;Coyoacán;0;0;0;30;6300.0;3500.0;700.0
Casa Comercial;Juárez;0;0;0;492;122500.0;;
Departamento;Coyoacán;4;2;2;240;56000.0;13013.0;5166.0
Departamento;La Condesa;1;0;0;30;3850.0;1263.5;84.0
Departamento;Coyoacán;3;1;2;135;24500.0;4550.0;1725.5
Departamento;Centro Histórico;2;0;0;60;5250.0;1750.0;455.0
Departamento;Santa Fe;3;2;1;113;9800.0;5425.0;630.0
Tienda/Salón;Condesa;0;0;0;102;31500.0;2450.0;3185.0
Departamento;Polanco;2;1;0;70;10500.0;4490.5;675.5
Departamento;Roma;2;1;1;79;15225.0;3850.0;854.0
Departamento;Del Valle;4;1;2;170;18200.0;3850.0;980.0
Conjunto Comercial/Sala;Santa Fe;0;1;0;22;1746.5;2786.0;392.0
Cocineta;La Condesa;1;0;0;35;3850.0;1732.5;
Conjunto Comercial/Sala;Roma;0;2;0;220;70000.0;19600.0;4550.0
Departamento en Hotel;Bosques de Aragón;2;2;2;83;21875.0;12127.5;1225.0
Departamento;Napoles;3;1;1;197;26250.0;6895.0;
Departamento;Condesa;4;0;0;160;19250.0;5950.0;805.0
Casa de Condominio;Santa Fe;4;3;4;600;52500.0;7700.0;3500.0
Departamento;Del Valle;3;1;1;127;8750.0;3367.0;
Departamento;Narvarte;3;0;0;90;6300.0;3055.5;262.5
Cocineta;San Pedro de los Pinos;1;0;0;18;2100.0;525.0;87.5
Departamento;Santa Fe;1;1;0;58;5950.0;3850.0;
Conjunto Comercial/Sala;Narvarte;0;1;0;45;4900.0;7000.0;665.0
Casa;El Rodeo;1;0;0;50;2100.0;;
Departamento;Santa Fe;3;2;1;130;19250.0;6125.0;1435.0
Departamento;Condesa;4;1;1;274;28000.0;6111.0;24769.5
Departamento;Coyoacán;3;3;2;200;56000.0;10850.0;2429.0
Departamento;Condesa;1;0;0;42;4900.0;2275.0;175.0
Conjunto Comercial/Sala;Centro Histórico;0;0;0;201;30800.0;6681.5;
Galpón/Depósito/Almacén;Doctores;0;0;0;1200;35000.0;;
Casa Comercial;Roma;0;8;0;465;91000.0;;12407.5
Departamento;Condesa;2;1;1;115;15750.0;4025.0;994.0
Departamento;Del Valle;3;1;1;143;16800.0;5600.0;745.5
Departamento;La Loma;1;0;0;45;5250.0;1750.0;630.0
Departamento;Loma Bonita;2;1;0;40;2100.0;1025.5;185.5
Departamento;Santa Fe;3;2;3;145;12950.0;6300.0;1225.0
Departamento en Hotel;Lomas de Chapultepec;2;1;1;75;21000.0;7980.0;451.5
Conjunto Comercial/Sala;Santa Fe;0;1;0;32;6300.0;3314.5;640.5
Departamento;Lomas de Chapultepec;4;2;4;304;43750.0;9485.0;4039.0
Galpón/Depósito/Almacén;Santa María la Ribera;0;0;0;600;21000.0;;
Conjunto Comercial/Sala;Santa Fe;0;3;0;102;21000.0;12600.0;1960.0
Conjunto Comercial/Sala;Centro Histórico;0;0;0;35;3150.0;1127.0;
Departamento;Narvarte;4;2;1;188;7000.0;7000.0;1081.5
Conjunto Comercial/Sala;Santa Fe;0;3;0;67;4200.0;10514.0;1736.0
Conjunto Comercial/Sala;Santa Fe;0;1;0;29;3010.0;1652.0;871.5
Departamento;Santa Fe;1;1;0;65;10500.0;5610.5;
Conjunto Comercial/Sala;Santa Fe;0;1;0;30;3850.0;2033.5;196.0
Departamento;Lomas de Chapultepec;3;0;3;130;47250.0;7931.0;2100.0
Casa de Condominio;Santa Fe;5;4;4;622;35000.0;4865.0;5299.0
Departamento;Santa Fe;4;3;2;215;47950.0;12530.0;1890.0
Departamento;Condesa;3;1;1;130;21000.0;3500.0;
Conjunto Comercial/Sala;Roma;0;1;0;45;9800.0;1750.0;525.0
Departamento;Condesa;1;0;0;35;8050.0;;
Tienda/Salón;Napoles;0;0;0;240;87500.0;;
Departamento;Del Valle;3;1;1;130;14700.0;5600.0;843.5
Conjunto Comercial/Sala;Centro Histórico;0;0;0;680;35000.0;16800.0;
Conjunto Comercial/Sala;Santa Fe;0;0;0;29;3150.0;3531.5;
Departamento;Coyoacán;2;2;1;130;57750.0;5355.0;3150.0
Departamento;San Pedro de los Pinos;2;1;0;75;10500.0;3325.0;
Departamento;Narvarte;2;0;0;67;6300.0;;84.0
Departamento;Bosques de las Lomas;3;3;3;227;49000.0;12862.5;
Departamento;Santa Fe;4;3;4;290;52500.0;11200.0;2170.0
Edificio Completo;Centro Histórico;0;0;0;630;38500.0;;8064.0
Departamento;Santa Fe;4;2;1;130;11550.0;7647.5;1050.0
Conjunto Comercial/Sala;Santa Fe;0;38;0;1290;210000.0;105700.0;
Departamento;Centro Histórico;1;0;0;40;5250.0;1400.0;84.0
Departamento;Polanco;3;0;0;67;8750.0;2401.0;
Departamento;Santa Fe;2;1;1;100;10500.0;2800.0;
Departamento;Coyoacán;3;1;1;120;24500.0;6300.0;1295.0
Departamento;Coyoacán;4;2;2;220;52500.0;6650.0;1778.0
Departamento;Coyoacán;2;1;0;180;49000.0;8750.0;3500.0
Departamento;Roma Norte;1;1;0;40;4200.0;1232.0;1190.0
Tienda/Salón;Santa Fe;0;3;0;472;203000.0;27335.0;27247.5
Departamento;Narvarte;2;1;0;112;6300.0;1172.5;469.0
Departamento;Condesa;3;1;1;140;17500.0;5075.0;
Conjunto Comercial/Sala;Centro Histórico;0;0;0;97;2800.0;1050.0;458.5
Departamento;Condesa;1;0;1;35;6300.0;1960.0;238.0
Departamento;San Ángel;2;0;1;146;14000.0;2159.5;
Departamento;Santa Fe;4;2;0;145;12250.0;8281.0;1645.0
Conjunto Comercial/Sala;Santa Fe;0;1;0;90;22750.0;7976.5;2096.5
Conjunto Comercial/Sala;Santa Fe;0;8;0;367;89950.0;35780.5;34174.0
Conjunto Comercial/Sala;Centro Histórico;0;0;0;80;10500.0;9992.5;763.0
Departamento;Lomas de Chapultepec;2;1;0;68;12250.0;3500.0;455.0
Departamento;Bosques de las Lomas;3;3;3;265;66500.0;13300.0;4956.0
Departamento;Santa Fe;4;3;2;480;87468.5;;
Departamento;Lomas de Chapultepec;3;2;1;170;28000.0;7000.0;1575.0
Conjunto Comercial/Sala;Centro Histórico;0;0;0;40;3430.0;2240.0;693.0
Departamento;Polanco;2;0;0;50;7350.0;2842.0;
Tienda/Salón;Narvarte;0;0;0;47;16800.0;840.0;13650.0
Conjunto Comercial/Sala;Santa Fe;0;1;0;100;10500.0;7805.0;
Cocineta;Condesa;1;0;0;30;3500.0;1708.0;189.0
Conjunto Comercial/Sala;Centro Histórico;0;0;0;379;53060.0;19645.5;6450.5
Conjunto Comercial/Sala;Santa Fe;0;1;0;38;5950.0;3815.0;1015.0
Conjunto Comercial/Sala;Centro Histórico;0;0;0;219;35000.0;13720.0;4263.0
Conjunto Comercial/Sala;Centro Histórico;0;0;0;25;1050.0;2275.0;280.0
Casa;Santa Fe;5;5;0;341;28700.0;;2779.0
Conjunto Comercial/Sala;Centro Histórico;0;0;0;245;87500.0;29995.0;
Departamento;Roma;3;1;0;109;10500.0;3829.0;609.0
Departamento;Roma;1;0;0;37;5250.0;1400.0;185.5
Tienda en Centro Comercial;San Ángel;0;0;0;42;37800.0;18165.0;5950.0
Conjunto Comercial/Sala;Santa Fe;0;1;0;35;7000.0;3906.0;854.0
Conjunto Comercial/Sala;Narvarte;0;0;0;40;4200.0;1785.0;637.0
Estudio;Condesa;1;1;0;25;5600.0;2100.0;315.0
Departamento;San Miguel Chapultepec;2;1;0;65;6300.0;2625.0;
Departamento;La Florida;3;2;2;91;4200.0;1837.5;371.0
Casa de Vecindad;Villa Coapa;2;0;0;50;3045.0;;7.0
Departamento;Condesa;2;0;1;78;10500.0;;
Departamento;Santa Fe;3;2;1;100;7700.0;5600.0;1225.0
Conjunto Comercial/Sala;Santa Fe;0;8;0;250;51625.0;35238.0;
Departamento;Coyoacán;3;1;1;127;24500.0;3668.0;1029.0
Departamento;Polanco;3;1;1;105;13300.0;3552.5;833.0
Departamento;Coyoacán;2;2;1;130;57750.0;5250.0;3150.0
Conjunto Comercial/Sala;Santa Fe;0;1;0;40;7700.0;2782.5;875.0
Conjunto Comercial/Sala;Santa Fe;0;1;0;34;5250.0;4284.0;857.5
Departamento;Condesa;2;0;0;80;7000.0;2800.0;525.0
Departamento;Santa Fe;3;2;1;140;10500.0;8050.0;1473.5
Conjunto Comercial/Sala;Santa Fe;0;12;0;500;897487.5;394894.5;7535.5
Departamento;Santa Fe;3;2;3;120;18550.0;8750.0;2740.5
Departamento;Lomas de Chapultepec;3;1;2;110;47950.0;4462.5;1015.0
Departamento;Lomas de Chapultepec;4;3;4;305;98000.0;18550.0;700.0
Departamento;Santa Fe;4;0;2;153;12302.5;7350.0;8750.0
Departamento;Roma;1;0;0;36;4550.0;2156.0;199.5
Departamento;Santa Fe;2;2;1;105;20300.0;7350.0;
Departamento;Roma;3;2;1;140;17500.0;5250.0;1484.0
Casa de Condominio;San Jerónimo;4;3;1;379;52500.0;3850.0;1876.0
Departamento;Narvarte;2;1;0;75;7000.0;2065.0;262.5
Tienda/Salón;Santa Fe;0;1;0;76;8750.0;;6629.0
Departamento;Santa Fe;3;3;1;270;28000.0;10500.0;1855.0
Tienda/Salón;Centro Histórico;0;0;0;30;1260.0;1393.0;290.5
Cocineta;Roma;1;0;0;18;3500.0;1526.0;87.5
Departamento;Santa Fe;4;3;4;340;52500.0;5600.0;3500.0
Conjunto Comercial/Sala;Santa Fe;0;1;0;28;1225.0;2117.5;
Departamento;Condesa;1;0;0;60;8050.0;1925.0;301.0
Departamento;Coyoacán;2;1;0;108;12250.0;4021.5;11144.0
Departamento;Bosques de las Lomas;3;2;2;222;31500.0;16520.0;3430.0
Departamento;Coyoacán;1;1;1;74;22750.0;12463.5;1627.5
Tienda/Salón;Santa Fe;0;1;0;160;7000.0;11200.0;
Casa;La Condesa;5;0;3;265;29400.0;;
Conjunto Comercial/Sala;Narvarte;0;1;0;54;5250.0;4392.5;
Departamento;Centro Histórico;1;0;0;45;7000.0;2215.5;2726.5
Departamento;Santa Fe;3;2;2;113;11200.0;5250.0;1186.5
Departamento;Coyoacán;2;0;0;70;8750.0;2334.5;448.0
Departamento;Coyoacán;3;1;1;156;14000.0;5250.0;882.0
Conjunto Comercial/Sala;Santa Fe;0;1;0;38;2450.0;3412.5;455.0
Conjunto Comercial/Sala;Santa Fe;0;1;0;22;2450.0;2331.0;371.0
Departamento;Narvarte;2;1;1;103;9100.0;1925.0;525.0
Departamento en Hotel;Condesa;1;1;1;55;8050.0;5250.0;455.0
Departamento;Narvarte;3;2;1;132;9800.0;4256.0;700.0
Conjunto Comercial/Sala;Centro Histórico;0;0;0;231;4427.5;5470.5;34552.0
Departamento;Lomas de Chapultepec;3;1;1;142;31500.0;5376.0;1991.5
Departamento;Condesa;2;0;0;80;10500.0;2030.0;420.0
Conjunto Comercial/Sala;Centro Histórico;0;1;0;40;3152450.0;3675.0;420.0
Tienda/Salón;Juárez;0;0;0;21;4550.0;1127.0;
Departamento;Bosques de las Lomas;2;0;0;90;7350.0;6300.0;1400.0
Departamento;Lomas de Chapultepec;4;2;1;260;52500.0;22750.0;3850.0
Conjunto Comercial/Sala;Centro Histórico;0;0;0;53;5250.0;3150.0;
Conjunto Comercial/Sala;Centro Histórico;0;0;0;155;35000.0;27961.5;2782.5
Departamento;Narvarte;2;0;0;70;4550.0;2030.0;105.0
Departamento;Casa Blanca;2;1;0;55;3500.0;731.5;
Edificio Completo;Roma;0;1;0;250;49000.0;;
Conjunto Comercial/Sala;Santa Fe;1;8;0;250;42000.0;35238.0;8795.5
Departamento;Narvarte;1;0;0;40;5250.0;2138.5;84.0
Conjunto Comercial/Sala;Santa Fe;0;1;0;36;5250.0;3850.0;
Conjunto Comercial/Sala;Centro Histórico;0;0;0;220;77000.0;10150.0;2275.0
Departamento;Santa Fe;4;3;2;300;42000.0;12425.0;5460.0
Departamento;Roma;1;1;0;40;10465.0;3570.0;640.5
Departamento;Del Valle;3;0;1;120;7700.0;2100.0;
Conjunto Comercial/Sala;Centro Histórico;0;40;0;1525;427049.0;113305.5;
Departamento;Santa Fe;2;1;1;60;8050.0;3566.5;479.5
Tienda/Salón;Condesa;0;0;0;200;192500.0;2191.0;75155.5
Departamento;Santa Fe;2;1;1;90;10325.0;5005.0;700.0
Conjunto Comercial/Sala;Centro Histórico;0;0;0;6;10143.0;;
Departamento;Santa Fe;2;1;0;52;4200.0;1645.0;700.0
Departamento;Coyoacán;2;1;0;100;14700.0;2800.0;420.0
Departamento;Juárez;3;0;0;128;10500.0;2800.0;735.0
Tienda/Salón;Casa Blanca;0;0;0;85;22750.0;;1393.0
Conjunto Comercial/Sala;Santa Fe;0;1;0;29;5075.0;2726.5;
Conjunto Comercial/Sala;Santa Fe;0;5;0;380;56000.0;7000.0;4200.0
Tienda/Salón;Condesa;0;3;0;590;105000.0;70000.0;35000.0
Conjunto Comercial/Sala;Centro Histórico;0;0;0;81;6300.0;3048.5;1267.0
Departamento;Condesa;4;1;4;387;63000.0;9450.0;3500.0
Departamento;Condesa;0;0;0;15;350.0;;
Conjunto Comercial/Sala;Villa de Guadalupe;0;1;0;56;9800.0;1575.0;210.0
Departamento;Las Águilas;4;2;2;230;8400.0;2863.0;1067.5
Departamento;Narvarte;2;1;1;60;7700.0;2429.0;164.5
Departamento;Villa de Cortés;1;0;0;50;3150.0;875.0;
Conjunto Comercial/Sala;Santa Fe;0;1;0;40;5600.0;3640.0;
Conjunto Comercial/Sala;Santa Fe;0;1;0;24;3500.0;2464.0;696.5
Departamento;Santa Fe;2;2;1;80;14000.0;6023.5;1088.5
Departamento;Condesa;5;1;2;303;56000.0;4462.5;2597.0
Conjunto Comercial/Sala;Santa Fe;0;6;0;180;33250.0;25007.5;
Casa de Condominio;San Ángel;4;2;2;500;42000.0;2026.5;5033.0
Departamento;Santa Fe;2;1;1;70;11340.0;3325.0;
Departamento;Santa Fe;4;2;1;166;26250.0;7700.0;23275.0
Departamento;Narvarte;2;1;1;70;7000.0;2100.0;262.5
Departamento;Coyoacán;2;1;1;77;12600.0;4760.0;
Departamento;Del Valle;3;0;0;90;10500.0;3500.0;80.5
Departamento;Santa Fe;3;1;1;90;6650.0;4200.0;343.0
Departamento;Condesa;3;1;0;122;9450.0;4907.0;654.5
Departamento;Coyoacán;3;1;1;150;21000.0;5530.0;1645.0
Conjunto Comercial/Sala;Centro Histórico;0;0;0;674;105000.0;21000.0;
Conjunto Comercial/Sala;Condesa;0;1;0;32;5600.0;2555.0;
Departamento;Condesa;4;3;4;700;122500.0;6475.0;490.0
Departamento;Arboledas;2;1;1;73;4200.0;2558.5;45.5
Departamento;Coyoacán;3;1;1;140;24500.0;;
Departamento;Coyoacán;2;2;0;75;17500.0;8767.5;1120.0
Casa de Condominio;Santa Fe;4;4;4;1000;84000.0;7749.0;6930.0
Departamento;Lomas de Chapultepec;2;0;1;55;13125.0;3500.0;490.0
Departamento;Santa Fe;2;1;1;75;5425.0;2765.0;
Terreno Estándar;Iztapalapa;0;0;0;600;12250.0;;
Casa;Santa Fe;4;4;2;660;105000.0;3675.0;455.0
Departamento;Narvarte;2;1;0;90;9800.0;2800.0;245.0
Conjunto Comercial/Sala;Centro Histórico;0;0;0;54;5950.0;3062.5;752.5
Departamento;Santa Fe;2;1;1;85;7700.0;4025.0;892.5
Departamento;Roma;1;1;1;45;9100.0;3850.0;630.0
Departamento;Condesa;3;0;1;156;8750.0;3444.0;868.0
Departamento;Roma;2;1;1;89;11200.0;2730.0;633.5
Departamento;Roma;1;0;0;34;4200.0;1771.0;189.0
Departamento;San Ángel;4;1;1;229;14000.0;11067.0;1564.5
Departamento;Roma;2;1;2;84;16275.0;3955.0;910.0
Terreno Estándar;San Juan Xalpa;0;0;0;13500;164500.0;;9373.0
Tienda/Salón;Santa Fe;0;4;0;304;42000.0;;
Conjunto Comercial/Sala;Santa Fe;0;6;0;220;45500.0;18564.0;
Conjunto Comercial/Sala;Condesa;0;0;0;40;3850.0;1764.0;465.5
Conjunto Comercial/Sala;Coyoacán;0;2;0;153;91000.0;22050.0;4777.5
Departamento;Santa Fe;1;1;0;73;5250.0;4200.0;829.5
Conjunto Comercial/Sala;Centro Histórico;0;0;0;75;6300.0;3360.0;700.0
Departamento;Santa Fe;5;3;4;231;49000.0;9065.0;1627.5
Departamento;Santa Fe;4;4;4;310;28000.0;7525.0;3633.0
Departamento;Lomas de Chapultepec;2;1;1;80;12600.0;3937.5;
Departamento;San Pedro de los Pinos;1;1;0;34;8750.0;1165.5;
Departamento;Lomas de Chapultepec;3;1;1;130;18375.0;4760.0;1505.0
Casa de Condominio;Santa Fe;4;3;1;400;29750.0;3395.0;
Conjunto Comercial/Sala;Centro Histórico;0;0;0;20;3797.5;;
Departamento;Condesa;2;0;0;71;9800.0;2992.5;476.0
Departamento;Santa Fe;3;0;1;98;11550.0;3850.0;315.0
Tienda/Salón;Jardines de San Mateo;0;0;0;500;35000.0;;
Departamento;Narvarte;1;0;0;50;4200.0;2100.0;168.0
Departamento;Coyoacán;4;3;1;175;26250.0;5425.0;
Departamento;Condesa;2;1;0;61;8750.0;3069.5;462.0
Tienda/Salón;Narvarte;0;0;0;300;17500.0;;24300.5
Conjunto Comercial/Sala;Centro Histórico;0;0;0;104;5250.0;5064.5;910.0
Departamento;Condesa;3;0;1;90;8225.0;4329.5;430.5
Departamento;Del Valle;2;1;2;63;9450.0;3269.0;
Departamento en Hotel;Condesa;1;1;0;55;8750.0;4200.0;
Departamento;Santa Fe;3;0;2;212;19250.0;4200.0;2387.0
Conjunto Comercial/Sala;Centro Histórico;0;0;0;222;52500.0;10213.0;4938.5
Departamento;San Rafael;1;0;0;40;3500.0;1190.0;665.0
Departamento;Lomas de Chapultepec;4;2;2;160;24500.0;6650.0;2565.5
Conjunto Comercial/Sala;Centro Histórico;0;0;0;364;28000.0;19145.0;6891.5
Conjunto Comercial/Sala;Centro Histórico;0;0;0;95;7350.0;2222.5;
Conjunto Comercial/Sala;Centro Histórico;0;2;0;677;142187.5;46896.5;12439.0
Conjunto Comercial/Sala;Santa Fe;0;1;0;36;4200.0;4574.5;12824.0
Departamento en Hotel;Coyoacán;2;2;2;74;21000.0;8750.0;1680.0
Departamento;Santa Fe;3;3;1;135;35000.0;9100.0;2450.0
Conjunto Comercial/Sala;Centro Histórico;0;0;0;374;42000.0;16450.0;7175.0
Departamento;Condesa;1;0;0;18;5250.0;;
Departamento;Narvarte;3;2;0;126;7000.0;1925.0;3850.0
Departamento;Santa Fe;2;1;1;75;8050.0;2856.0;784.0
Casa de Condominio;Santa Fe;4;4;3;622;34968.5;4830.0;5201.0
Departamento;El Contadero;2;1;0;65;5250.0;;
Departamento;Santa Fe;4;2;2;140;19250.0;4375.0;1925.0
Galpón/Depósito/Almacén;Villa de Cortés;0;20;0;1650;52500.0;2394.0;5113.5
Casa de Condominio;Santa Fe;5;4;5;600;35000.0;5600.0;
Conjunto Comercial/Sala;Santa Fe;0;3;0;100;8400.0;10080.0;11578.0
Galpón/Depósito/Almacén;Santa Fe;0;0;0;866;105000.0;14000.0;2835.0
Conjunto Comercial/Sala;Centro Histórico;0;0;0;72;10500.0;7245.0;1064.0
Departamento;Condesa;3;2;1;156;13650.0;5775.0;9814.0
Departamento;Napoles;2;0;0;75;8400.0;3073.0;
Departamento;Del Valle;3;0;1;147;15750.0;4515.0;791.0
Departamento;Lomas de Chapultepec;4;1;2;205;52500.0;21000.0;2702.0
Conjunto Comercial/Sala;Centro Histórico;0;0;0;30;2275.0;994.0;178.5
Departamento;Condesa;2;0;0;64;7700.0;2730.0;504.0
Departamento;Roma;4;2;1;693;52500.0;12407.5;4970.0
Departamento;Santa Fe;3;1;1;70;6300.0;2450.0;210.0
Departamento;Condesa;2;1;1;115;13300.0;4025.0;822.5
Departamento;Santa Fe;1;1;0;84;7000.0;4550.0;
Departamento;Lomas de Chapultepec;3;1;1;190;43750.0;12705.0;1907.5
Casa de Condominio;Santa Fe;5;1;2;250;31500.0;5775.0;1750.0
Conjunto Comercial/Sala;Santa Fe;0;1;0;30;4200.0;3318.0;
Departamento;Condesa;4;1;1;150;16800.0;6674.5;920.5
Edificio Completo;Centro Histórico;0;0;0;646;45500.0;5950.0;1400.0
Conjunto Comercial/Sala;Centro Histórico;0;0;0;42;2100.0;3465.0;
Departamento;Lomas de Chapultepec;2;1;0;82;12250.0;3920.0;
Conjunto Comercial/Sala;Peralvillo;0;1;0;26;2100.0;1365.0;
Departamento;Santa Fe;2;1;1;90;7700.0;4900.0;
Departamento;Lomas de Chapultepec;2;0;0;75;13650.0;1617.0;556.5
Departamento;Arboledas;1;0;0;30;1050.0;175.0;
Departamento;Coyoacán;3;1;0;100;21000.0;5540.5;980.0
Departamento;Santa Fe;1;1;1;39;5250.0;1536.5;
Edificio Completo;Roma;0;8;0;580;87500.0;;14700.0
Conjunto Comercial/Sala;Santa Fe;0;1;0;87;10594.5;10423.0;1729.0
Departamento;Lomas de Chapultepec;4;2;2;650;178500.0;24500.0;
Tienda/Salón;Santa Fe;0;1;0;52;9100.0;4525.5;1827.0
Conjunto Comercial/Sala;Santa Fe;0;1;0;37;5600.0;4077.5;143.5
Departamento;Coyoacán;2;1;1;85;24500.0;;
Conjunto Comercial/Sala;Santa Fe;0;1;0;58;6650.0;4455.5;1925.0
Conjunto Comercial/Sala;Centro Histórico;0;0;0;168;44100.0;11760.0;2940.0
Departamento;Coyoacán;3;1;1;152;25900.0;6020.0;1935.5
Departamento;Santa Fe;4;3;4;300;87500.0;10500.0;1400.0
Conjunto Comercial/Sala;Santa Fe;0;3;0;100;15750.0;12600.0;
Departamento;Roma;3;1;1;101;17850.0;4690.0;1193.5
Departamento;San Miguel Chapultepec;2;0;0;65;5775.0;700.0;182.0
Departamento;Nativitas;2;1;0;87;5096.0;;
Galpón/Depósito/Almacén;Roma Sur;0;0;0;1350;45500.0;;
Departamento;Lomas de Chapultepec;2;1;1;82;12250.0;3920.0;1361.5
Cocineta;Lomas de Chapultepec;1;0;0;50;5950.0;1960.0;217.0
Departamento;Condesa;3;1;0;120;12250.0;5250.0;4200.0
Departamento;Bosques de las Lomas;3;1;1;137;19250.0;4725.0;
Departamento;Polanco;4;2;1;160;15750.0;8529.5;1526.0
Conjunto Comercial/Sala;Santa Fe;0;1;0;32;5600.0;2520.0;700.0
Departamento;Lomas de Chapultepec;3;1;0;155;24500.0;9275.0;1925.0
Tienda/Salón;Santa Fe;0;1;0;41;5600.0;8652.0;2740.5
Conjunto Comercial/Sala;Centro Histórico;0;1;0;30;3395.0;3465.0;497.0
Tienda/Salón;Santa Fe;0;3;0;390;21000.0;27300.0;
Departamento;Santa Fe;4;3;2;237;24500.0;11900.0;2030.0
Conjunto Comercial/Sala;Santa Fe;0;1;0;36;2800.0;2450.0;402.5
Conjunto Comercial/Sala;Santa Fe;0;10;0;600;122500.0;18550.0;4200.0
Departamento;Coyoacán;2;0;1;86;15750.0;2660.0;910.0
Conjunto Comercial/Sala;Centro Histórico;0;0;0;470;123375.0;39973.5;
Departamento;Narvarte;3;2;1;116;12250.0;4235.0;1109.5
Conjunto Comercial/Sala;Centro Histórico;0;0;0;34;3850.0;3290.0;
Casa de Condominio;Santa María Nonoalco;3;1;0;65;3150.0;595.0;
Departamento;Coyoacán;3;1;1;100;10500.0;4690.0;560.0
Conjunto Comercial/Sala;Santa Fe;0;2;0;35;3500.0;2166.5;
Departamento;Santa Fe;4;2;2;140;19250.0;6300.0;2450.0
Departamento;Condesa;4;0;1;260;38500.0;3675.0;8127.0
Departamento;Narvarte;3;0;1;75;8050.0;2100.0;525.0
Conjunto Comercial/Sala;Centro Histórico;0;0;0;186;21000.0;15067.5;2443.0
Cocineta;Juárez;1;0;0;24;3850.0;1249.5;
Conjunto Comercial/Sala;Centro Histórico;0;0;0;140;5250.0;5600.0;
Departamento;Santa Fe;1;1;1;73;4550.0;3552.5;521.5
Departamento;Coyoacán;2;1;0;80;12600.0;4200.0;
Departamento en Hotel;Coyoacán;2;1;2;92;28000.0;12250.0;3500.0
Departamento;Coyoacán;3;2;1;130;18900.0;5600.0;1855.0
Departamento;Santa Fe;2;1;1;77;4200.0;4469.5;
Casa;Juárez;5;3;1;300;52500.0;;
Conjunto Comercial/Sala;Roma;0;0;0;20;6146.0;;
Departamento;Peralvillo;2;0;0;53;4200.0;1820.0;210.0
Departamento;Lomas de Chapultepec;2;1;1;70;21000.0;7192.5;805.0
Conjunto Comercial/Sala;Centro Histórico;0;0;0;30;3150.0;1078.0;504.0
Departamento;Lomas de Chapultepec;2;1;0;108;17500.0;3783.5;980.0
Departamento;Santa Fe;2;1;1;70;10500.0;3500.0;1750.0
Departamento;Condesa;1;0;0;28;3850.0;1575.0;189.0
Departamento;Coyoacán;3;1;1;140;26250.0;4550.0;1050.0
Edificio Completo;Coyoacán;0;6;0;750;420000.0;;
Departamento;Nativitas;2;1;0;75;4550.0;1715.0;
Conjunto Comercial/Sala;Centro Histórico;0;6;0;33;1750.0;2625.0;290.5
Tienda/Salón;Narvarte;0;1;0;100;13825.0;;455.0
Departamento;Narvarte;3;1;1;99;6300.0;2485.0;
Cocineta;Centro Histórico;1;0;0;40;3500.0;962.5;70.0
Conjunto Comercial/Sala;Centro Histórico;0;4;0;124;13300.0;5600.0;
Conjunto Comercial/Sala;Centro Histórico;0;0;0;60;3150.0;6300.0;875.0
Conjunto Comercial/Sala;Roma;0;2;0;80;14000.0;9793.0;1624.0
Conjunto Comercial/Sala;Centro Histórico;0;0;0;42;1750.0;4725.0;535.5
Departamento;Santa Fe;3;2;1;172;8050.0;5600.0;1575.0
Departamento;Coyoacán;2;1;0;70;10500.0;3150.0;717.5
Departamento;Juárez;2;1;0;71;7700.0;2537.5;381.5
Departamento;Peralvillo;3;1;0;86;3500.0;2345.0;294.0
Departamento;Santa Fe;3;2;3;170;31500.0;5600.0;1914.5
Departamento;Condesa;2;1;0;80;5250.0;2583.0;805.0
Conjunto Comercial/Sala;Centro Histórico;0;0;0;40;1750.0;1522.5;399.0
Conjunto Comercial/Sala;Centro Histórico;0;0;0;34;3500.0;1078.0;588.0
Conjunto Comercial/Sala;Centro Histórico;0;0;0;33;1750.0;3622.5;262.5
Departamento;Nativitas;1;0;0;38;4200.0;448.0;87.5
Casa de Condominio;Santa Fe;4;3;4;263;24500.0;2474.5;
Departamento;Santa Fe;3;2;2;148;14700.0;6300.0;2100.0
Departamento;Roma;2;1;0;70;9100.0;2450.0;
Departamento;Lomas de Chapultepec;4;2;1;290;59150.0;10360.0;5271.0
Departamento;Santa Fe;2;2;1;90;9800.0;3500.0;350.0
Conjunto Comercial/Sala;Roma;0;8;0;450;80500.0;41331.5;6825.0
Departamento;Santa Fe;4;4;4;400;43750.0;5600.0;5250.0
Conjunto Comercial/Sala;Centro Histórico;0;0;0;70;11375.0;5250.0;
Departamento;Coyoacán;2;2;2;220;52150.0;6300.0;3790.5
Departamento;Roma;1;0;0;40;8050.0;1407.0;
Departamento;Bosques de las Lomas;3;1;1;135;14350.0;6069.0;2180.5
Departamento;Santa Fe;3;2;1;120;10150.0;6300.0;
Departamento;Narvarte;3;0;1;110;8750.0;2450.0;525.0
Departamento;Coyoacán;3;1;1;100;11550.0;4172.0;598.5
Departamento;Roma;3;1;0;115;10850.0;2800.0;350.0
Conjunto Comercial/Sala;Centro Histórico;0;0;0;36;2100.0;2075.5;693.0
Departamento;Santa Fe;2;1;1;89;12250.0;3552.5;
Conjunto Comercial/Sala;Santa Fe;0;1;0;26;3675.0;2565.5;287.0
Conjunto Comercial/Sala;Santa Fe;0;1;0;20;2450.0;1400.0;280.0
Departamento;Condesa;3;0;1;107;10850.0;2730.0;735.0
Departamento;Santa Fe;3;3;3;300;17500.0;6930.0;2082.5
Conjunto Comercial/Sala;Centro Histórico;0;0;0;113;14000.0;11620.0;1830.5
Departamento;Lomas de Chapultepec;4;2;1;145;29750.0;6860.0;1260.0
Departamento;Roma;2;1;1;64;13300.0;3430.0;735.0
Tienda/Salón;Condesa;0;0;0;50;12250.0;1130.5;1200.5
Departamento;Bosques de las Lomas;3;2;2;300;27650.0;9275.0;
Conjunto Comercial/Sala;Centro Histórico;0;4;0;438;145890.5;25336.5;7430.5
Conjunto Comercial/Sala;Villa de Guadalupe;0;1;0;26;3850.0;2065.0;227.5
Conjunto Comercial/Sala;Centro Histórico;0;0;0;39;4200.0;1960.0;549.5
Casa;Polanco;4;4;4;452;70000.0;;6121.5
Conjunto Comercial/Sala;Centro Histórico;0;2;0;150;9625.0;14189.0;
Departamento;Bosques de las Lomas;4;2;2;169;87500.0;12985.0;4189.5
Conjunto Comercial/Sala;Coyoacán;0;0;0;167;42000.0;15750.0;38041.5
Departamento;Lomas de Chapultepec;2;1;1;82;11550.0;3570.0;945.0
Departamento;Lomas de Chapultepec;4;2;2;250;59500.0;17500.0;3500.0
Departamento;Condesa;4;1;2;230;15750.0;4900.0;875.0
Departamento;Roma;3;0;0;146;10500.0;2975.0;
Departamento;Lomas de Chapultepec;3;3;1;166;29750.0;12250.0;1750.0
Departamento;Santa Fe;2;1;1;74;9100.0;4655.0;770.0
Departamento;Condesa;2;0;0;80;7700.0;2380.0;605.5
Departamento en Hotel;Lomas de Chapultepec;1;0;0;65;14000.0;6370.0;675.5
Departamento en Hotel;Coyoacán;3;2;2;200;26250.0;10500.0;1225.0
Casa Comercial;Roma;0;0;0;347;23800.0;;7878.5
Tienda/Salón;Centro Histórico;0;0;0;2031;525000.0;;
Departamento;San Miguel Chapultepec;2;1;0;75;5250.0;1610.0;315.0
Conjunto Comercial/Sala;Centro Histórico;0;0;0;145;6300.0;;
Conjunto Comercial/Sala;La Condesa;0;7;0;1628;315.0;45.5;
Conjunto Comercial/Sala;Centro Histórico;0;36;0;3177;889679.0;166813.5;
Conjunto Comercial/Sala;Santa Fe;0;1;0;30;2800.0;2765.0;304.5
Edificio Completo;Santa Fe;0;1;0;36;7000.0;3559.5;749.0
Departamento;Roma;1;0;0;60;7700.0;2257.5;3850.0
Departamento;Roma;3;1;1;108;9800.0;4060.0;826.0
Conjunto Comercial/Sala;Centro Histórico;0;18;0;1050;279492.5;78057.0;10419.5
Casa;Residencial Emiliano Zapata;3;4;0;200;5250.0;;
Tienda en Centro Comercial;Narvarte;0;0;0;48;12250.0;;1246.0
Departamento en Hotel;Lomas de Chapultepec;1;1;1;50;24500.0;;
Casa;Condesa;1;0;0;22;1750.0;343.0;21.0
Casa de Condominio;Santa Fe;5;0;5;1000;87500.0;4550.0;5600.0
Departamento;Roma;2;1;1;64;11725.0;3209.5;532.0
Departamento en Hotel;Bosques de las Lomas;1;1;0;55;9450.0;6650.0;1050.0
Conjunto Comercial/Sala;Centro Histórico;0;0;0;29;1400.0;1106.0;294.0
Edificio Completo;Roma;0;0;0;700;192500.0;;
Departamento;Coyoacán;3;1;0;127;13300.0;4438.0;1508.5
Departamento;Condesa;3;1;1;140;17500.0;4900.0;700.0
Departamento;Narvarte;3;2;1;120;9030.0;3241.0;654.5
Departamento;Coyoacán;4;5;4;380;105000.0;24500.0;9275.0
Departamento;Santa Fe;3;3;3;170;17150.0;6944.0;1757.0
Conjunto Comercial/Sala;Santa Fe;0;0;0;350;55125.0;11025.0;3675.0
Departamento;Centro Histórico;1;0;0;30;2800.0;1400.0;
Departamento;Coyoacán;4;2;1;222;28000.0;9100.0;2523.5
Departamento;San Miguel Chapultepec;2;1;0;80;4900.0;2191.0;178.5
Departamento;Santa Fe;3;2;1;109;13650.0;5439.0;1109.5
Departamento;Coyoacán;5;2;2;300;56000.0;7700.0;17430.0
Departamento;Santa Fe;3;2;1;172;8050.0;5600.0;1575.0
Departamento;Santa Fe;2;1;2;80;8400.0;4550.0;6300.0
Conjunto Comercial/Sala;Tlalnepantla;0;1;0;30;2975.0;1697.5;500.5
Departamento;Santa Fe;2;2;1;67;6825.0;2590.0;210.0
Departamento;Santa Fe;3;2;1;119;13300.0;5530.0;1295.0
Departamento;Polanco;3;2;1;110;14700.0;3465.0;889.0
Conjunto Comercial/Sala;Centro Histórico;0;0;0;386;42000.0;13860.0;1141.0
Departamento;Santa Fe;3;2;3;100;11200.0;5250.0;917.0
Conjunto Comercial/Sala;Narvarte;0;0;0;170;8750.0;;
Departamento;Coyoacán;3;2;2;163;19250.0;8400.0;2275.0
Departamento;Narvarte;3;1;1;81;6125.0;2086.0;311.5
Departamento;Lomas de Chapultepec;3;2;1;170;25200.0;7700.0;
Cocineta;Juárez;1;0;0;27;6300.0;1470.0;
Conjunto Comercial/Sala;Santa Fe;0;56;0;1750;560000.0;136500.0;29155.0
Departamento;Juárez;2;0;1;70;8050.0;2026.5;266.0
Conjunto Comercial/Sala;Santa Fe;0;1;0;27;2975.0;2660.0;402.5
Departamento;Nativitas;1;0;0;39;3150.0;1529.5;
Conjunto Comercial/Sala;Centro Histórico;0;2;0;695;231087.5;60812.5;12162.5
Departamento;Santa Fe;3;2;1;220;24500.0;11550.0;2835.0
Departamento;Coyoacán;1;0;1;40;12250.0;2625.0;175.0
Conjunto Comercial/Sala;Roma;0;11;0;705;238000.0;93502.5;
Departamento;Santa Fe;3;3;1;185;35000.0;6125.0;2625.0
Tienda/Salón;Roma Norte;0;10;0;460;49000.0;1680.0;4725.0
Departamento;Lomas de Chapultepec;3;0;0;80;14000.0;4042.5;
Departamento;Santa Fe;3;2;1;127;14700.0;6615.0;1701.0
Departamento;Santa Fe;2;1;1;78;7350.0;3115.0;490.0
Departamento;Lomas de Chapultepec;4;2;1;140;52500.0;5950.0;2100.0
Departamento;Bosques de las Lomas;2;2;1;100;12600.0;2625.0;525.0
Casa de Condominio;Santa Fe;4;3;3;266;27650.0;5600.0;22032.5
Departamento;Santa Fe;1;1;1;60;10150.0;7000.0;1750.0
Conjunto Comercial/Sala;Centro Histórico;0;0;0;30;1750.0;2096.5;
Casa de Vecindad;Lindavista;2;0;0;48;4200.0;140.0;49.0
Departamento;Santa Fe;2;1;1;90;9800.0;3850.0;420.0
Departamento en Hotel;Santa Fe;1;1;0;52;7700.0;10500.0;1225.0
Departamento;Juárez;1;0;1;36;5600.0;1456.0;
Departamento;Centro Histórico;0;0;0;48;7000.0;1221.5;
Departamento;La Loma;1;0;0;22;6300.0;;
Casa de Condominio;Santa Fe;4;6;4;763;38500.0;2800.0;7140.0
Departamento;Condesa;1;0;0;49;2310.0;822.5;49.0
Departamento;Lomas de Chapultepec;3;1;1;150;23450.0;6650.0;1225.0
Departamento;Santa Fe;1;1;0;70;6300.0;3384.5;749.0
Departamento;Santa Fe;3;2;1;140;8050.0;5600.0;1575.0
Departamento;Santa Fe;2;1;1;100;9100.0;5950.0;815.5
Departamento;Condesa;4;1;2;260;45500.0;8750.0;2341.5
Conjunto Comercial/Sala;Centro Histórico;0;0;0;284;49658.0;20856.5;3108.0
Casa;Del Valle;3;1;1;300;24500.0;630.0;2005.5
Departamento;Santa Fe;4;3;3;170;42000.0;5950.0;
Departamento;Bosques de las Lomas;4;3;1;210;31500.0;;
Conjunto Comercial/Sala;Centro Histórico;0;0;0;168;29750.0;11760.0;2940.0
Conjunto Comercial/Sala;Centro Histórico;0;3;0;471;164500.0;34195.0;7434.0
Departamento;La Condesa;2;0;0;112;8050.0;2737.0;679.0
Departamento;Del Valle;2;0;0;100;14000.0;2275.0;420.0
Departamento;El Contadero;3;1;1;90;7000.0;1330.0;3493.0
Departamento;La Condesa;1;0;0;49;4900.0;1669.5;847.0
Conjunto Comercial/Sala;Santa Fe;0;1;0;25;3500.0;;
Casa de Condominio;Santa Fe;5;5;4;806;105000.0;9432.5;9635.5
Departamento;Tlalpan;2;0;0;90;12250.0;1750.0;238.0
Departamento;San Pedro de los Pinos;2;1;0;72;4550.0;2765.0;
Cocineta;Condesa;1;0;0;21;2450.0;1778.0;
Edificio Completo;Roma;0;0;0;78;26250.0;;525.0
Tienda/Salón;Centro Histórico;0;0;0;400;70000.0;;273.0
Conjunto Comercial/Sala;Santa Fe;0;1;0;45;5950.0;3276.0;1071.0
Casa Comercial;Roma;0;0;0;680;69300.0;;6814.5
Conjunto Comercial/Sala;Centro Histórico;0;0;0;222;59500.0;8834.0;4942.0
Departamento en Hotel;Coyoacán;2;0;2;82;28000.0;11550.0;3440.5
Departamento;San Rafael;2;2;1;88;6300.0;2380.0;350.0
Conjunto Comercial/Sala;Santa Fe;0;2;0;165;17500.0;8249.5;2121.0
Tienda/Salón;Condesa;0;1;0;70;5250.0;8484.0;
Conjunto Comercial/Sala;La Condesa;0;20;0;2004;911991.5;192010.0;
Tienda/Salón;Roma;0;5;0;548;236148.5;;
Conjunto Comercial/Sala;Centro Histórico;0;0;0;201;17500.0;11606.0;1116.5
Conjunto Comercial/Sala;Centro Histórico;0;0;0;219;21000.0;11644.5;3668.0
Departamento;Condesa;4;1;1;130;19250.0;4200.0;
Conjunto Comercial/Sala;Coyoacán;0;1;0;46;17500.0;7801.5;17500.0
Departamento;Santa Fe;3;2;2;212;19250.0;4200.0;2387.0
Departamento;San Ángel;2;2;1;103;15750.0;3930.5;1344.0
Departamento;Condesa;3;1;0;200;29750.0;5600.0;2800.0
Departamento;Bosques de las Lomas;3;1;1;125;21000.0;6412.0;1463.0
Conjunto Comercial/Sala;Condesa;0;0;0;45;6300.0;2572.5;626.5
Tienda/Salón;Juárez;0;0;0;31;10850.0;1718.5;602.0
Departamento;Narvarte;2;1;0;69;4900.0;2292.5;
Conjunto Comercial/Sala;Narvarte;0;0;0;70;10465.0;;686.0
Departamento;Condesa;2;0;0;56;8750.0;1925.0;458.5
Departamento;Del Valle;3;1;1;114;11900.0;4900.0;812.0
Departamento;Santa Fe;1;1;0;65;5600.0;3202.5;822.5
Tienda/Salón;Coyoacán;0;0;0;35;21000.0;16625.0;1750.0
Conjunto Comercial/Sala;Centro Histórico;0;0;0;225;17500.0;13744.5;4375.0
Departamento en Hotel;Condesa;1;0;0;60;14000.0;;
Departamento;Narvarte;1;1;0;65;4375.0;2765.0;283.5
Casa de Condominio;Santa Fe;4;4;2;600;105000.0;3850.0;4550.0
Departamento;Roma;1;1;0;62;7000.0;2695.0;329.0
Departamento;Santa Fe;2;1;1;95;9100.0;6300.0;980.0
Departamento;Condesa;4;1;0;320;15750.0;6895.0;2100.0
Departamento;Condesa;2;1;0;127;8750.0;3958.5;882.0
Departamento;Condesa;1;0;0;35;7000.0;;
Departamento;Narvarte;2;1;0;66;4550.0;2040.5;
Departamento;Santa Fe;4;2;4;292;35000.0;12950.0;2800.0
Departamento;Roma;3;1;1;101;16800.0;4690.0;1197.0
Casa de Condominio;Santa Fe;3;6;1;420;24150.0;3472.0;2705.5
Departamento;Roma;1;0;1;65;8400.0;1774.5;266.0
Departamento;Narvarte;1;0;0;34;4900.0;798.0;84.0
Departamento;Lomas de Chapultepec;1;2;0;130;29750.0;6720.0;1246.0
Departamento;Roma;2;1;0;92;11550.0;2975.0;980.0
Conjunto Comercial/Sala;Centro Histórico;0;0;0;143;10500.0;3521.0;6069.0
Departamento;La Condesa;3;0;0;92;8750.0;1645.0;
Conjunto Comercial/Sala;Narvarte;5;1;0;90;12250.0;;
Departamento;Coyoacán;4;4;3;450;122500.0;44852.5;10500.0
Tienda/Salón;Santa Fe;0;1;0;30;15750.0;5071.5;2110.5
Departamento;Santa Fe;4;3;2;300;42000.0;;
Departamento;San Pedro de los Pinos;3;1;0;84;6300.0;5250.0;
Departamento;Narvarte;1;1;0;48;4900.0;1946.0;161.0
Departamento;Santa Fe;1;1;0;70;9450.0;3150.0;602.0
Casa de Condominio;Santa Fe;6;6;3;622;34825.0;4550.0;5197.5
Conjunto Comercial/Sala;Santa Fe;0;1;0;26;3500.0;2397.5;
Departamento;Las Águilas;2;1;1;50;3850.0;1575.0;
Departamento;Coyoacán;4;4;2;400;105000.0;22750.0;7000.0
Departamento;Bosques de las Lomas;3;2;1;134;17500.0;6569.5;1715.0
Departamento;Coyoacán;3;1;1;125;19250.0;5880.0;777.0
Conjunto Comercial/Sala;Santa Fe;0;1;0;35;6300.0;4504.5;882.0
Conjunto Comercial/Sala;Santa Fe;0;1;0;30;3500.0;3741.5;574.0
Casa de Condominio;Santa Fe;4;3;2;466;26250.0;9432.5;3934.0
Departamento;Santa Fe;4;4;4;240;45500.0;10500.0;1774.5
Departamento;Centro Histórico;1;0;0;25;3500.0;1123.5;84.0
Departamento;Condesa;4;4;2;200;28000.0;10150.0;2607.5
Departamento;Coyoacán;3;1;1;120;17500.0;6548.5;2709.0
Departamento;Condesa;3;1;1;105;14000.0;4756.5;833.0
Departamento;Condesa;1;0;0;35;5950.0;1680.0;
Departamento;Santa Fe;2;1;1;84;9450.0;4487.0;
Departamento;Condesa;2;0;0;100;8400.0;3290.0;
Departamento;Polanco;3;2;2;222;17150.0;6688.5;2194.5
Departamento;Narvarte;1;0;1;70;4200.0;1050.0;87.5
Departamento;Condesa;3;2;1;275;31150.0;7427.0;2625.0
Conjunto Comercial/Sala;Santa Fe;0;0;0;200;28000.0;6888.0;3573.5
Conjunto Comercial/Sala;Santa Fe;0;1;0;20;5250.0;2275.0;367.5
Departamento;Lomas de Chapultepec;2;1;0;70;14700.0;3850.0;700.0
Departamento;Santa Fe;4;3;4;206;28000.0;9450.0;15750.0
Departamento;Bosques de las Lomas;1;1;0;50;10500.0;5600.0;1330.0
Departamento;Culhuacán CTM;2;0;0;70;2450.0;1085.0;
Cocineta;Centro Histórico;1;0;0;23;4515.0;1141.0;476.0
Conjunto Comercial/Sala;La Florida;0;0;0;21;3850.0;1533.0;241.5
Departamento;La Loma;2;0;0;70;7000.0;1505.0;
Departamento;San Ángel;2;1;0;90;16100.0;3150.0;945.0
Departamento;Santa Fe;3;1;1;92;12250.0;4200.0;
Departamento;Lomas de Chapultepec;3;2;1;170;26950.0;8400.0;
Departamento;Condesa;3;2;1;156;17395.0;5600.0;1330.0
Departamento;Santa Fe;2;1;1;72;7350.0;4200.0;805.0
Cocineta;Roma;0;0;0;20;3500.0;1417.5;
Departamento;Santa Fe;1;0;1;90;14000.0;10734.5;962.5
Departamento;Lomas de Chapultepec;3;1;1;111;19250.0;4375.0;3314.5
Departamento;Lomas de Chapultepec;4;2;0;260;29750.0;10500.0;2100.0
Conjunto Comercial/Sala;Santa Fe;0;1;0;30;3500.0;2065.0;
Departamento;Del Valle;2;2;1;149;12250.0;8456.0;1400.0
Departamento;Roma;2;1;1;90;7000.0;4200.0;437.5
Conjunto Comercial/Sala;Santa Fe;0;1;0;36;7000.0;4515.0;1284.5
Departamento;San Miguel Chapultepec;2;0;0;52;5250.0;875.0;
Departamento en Hotel;Coyoacán;2;1;1;90;35000.0;14000.0;
Departamento;Condesa;4;1;1;160;11550.0;5600.0;
Conjunto Comercial/Sala;Centro Histórico;0;0;0;270;26250.0;14350.0;5085.5
Departamento;El Rosedal;1;1;0;35;2446.5;346.5;
Departamento;Centro Histórico;1;1;0;42;8400.0;2100.0;525.0
Cocineta;Roma;1;0;0;25;4725.0;721.0;
Casa;Polanco;4;3;4;406;70000.0;;6692.0
Departamento;Lomas de Chapultepec;4;2;1;134;35000.0;6300.0;1050.0
Departamento;San Miguel Chapultepec;2;0;0;71;3850.0;1837.5;73.5
Conjunto Comercial/Sala;Santa Fe;0;1;0;44;8750.0;3654.0;6317.5
Departamento;Lomas de Chapultepec;4;3;1;170;35000.0;13160.0;1750.0
Departamento;Santa Fe;4;2;1;140;20650.0;4550.0;1995.0
Departamento;Santa Fe;2;1;1;98;10150.0;3780.0;581.0
Conjunto Comercial/Sala;Coyoacán;0;0;0;25;5075.0;2016.0;878.5
Conjunto Comercial/Sala;Coyoacán;0;0;0;40;7700.0;2100.0;1001.0
Tienda/Salón;Narvarte;0;1;0;46;7000.0;;780.5
Departamento;Condesa;3;1;3;230;22750.0;8050.0;1834.0
Conjunto Comercial/Sala;Roma;0;4;0;490;140000.0;40600.0;
Departamento;Condesa;4;1;3;220;52500.0;5950.0;1925.0
Conjunto Comercial/Sala;Centro Histórico;0;0;0;52;8750.0;2800.0;280.0
Departamento;Lomas de Chapultepec;4;2;2;180;38500.0;10115.0;1907.5
Departamento;Coyoacán;2;0;1;65;12250.0;3325.0;549.5
Conjunto Comercial/Sala;Centro Histórico;0;0;0;571;87500.0;53301.5;17398.5
Conjunto Comercial/Sala;Centro Histórico;0;0;0;68;875000.0;7535.5;1190.0
Departamento;Lomas de Chapultepec;1;0;0;50;7000.0;3318.0;528.5
Tienda/Salón;Roma;0;0;0;514;48650.0;;10531.5
Departamento;Coyoacán;3;1;0;164;21000.0;5197.5;2432.5
Conjunto Comercial/Sala;Centro Histórico;0;0;0;245;70000.0;29995.0;5589.5
Conjunto Comercial/Sala;Centro Histórico;0;0;0;379;53060.0;19645.5;6450.5
Departamento;Condesa;3;0;0;125;10150.0;2870.0;469.0
Conjunto Comercial/Sala;Centro Histórico;0;0;0;414;56000.0;24500.0;5229.0
Departamento;Santa Fe;2;1;0;100;8750.0;6002.5;1186.5
Departamento;Condesa;1;0;0;41;12250.0;;
Conjunto Comercial/Sala;Roma;0;80;0;2868;752850.0;308063.0;46273.5
Departamento;Santa Fe;4;3;4;217;20825.0;8610.0;
Conjunto Comercial/Sala;Centro Histórico;0;0;0;130;15750.0;4364.5;1568.0
Conjunto Comercial/Sala;Condesa;0;0;0;190;19250.0;5670.0;2789.5
Departamento;Condesa;1;0;1;35;7000.0;2100.0;
Tienda/Salón;Tepalcatlalpan;0;20;0;860;26250.0;;
Conjunto Comercial/Sala;Narvarte;0;12;0;700;140000.0;44100.0;12250.0
Departamento;Coyoacán;3;1;0;120;17500.0;5950.0;
Departamento;Roma;1;0;0;29;4200.0;1281.0;185.5
Departamento;Condesa;2;3;2;213;63000.0;13898.5;3003.0
Casa;Iztapalapa;2;1;0;70;4550.0;;
Departamento;Roma;2;1;1;80;12250.0;3150.0;525.0
Departamento;Coyoacán;1;0;1;60;11200.0;2362.5;315.0
Cocineta;Condesa;0;0;0;25;3500.0;1575.0;70.0
Conjunto Comercial/Sala;Centro Histórico;0;0;0;340;53700.5;26036.5;7511.0
Departamento;Lomas de Chapultepec;2;0;0;50;9800.0;2695.0;283.5
Conjunto Comercial/Sala;Centro Histórico;0;0;0;177;15750.0;;
Galpón/Depósito/Almacén;Santa Marta Acatitla;0;0;0;4255;253190.0;62881.0;24853.5
Departamento en Hotel;Coyoacán;2;1;2;90;52500.0;;
Conjunto Comercial/Sala;Santa Fe;0;2;0;42;10500.0;4417.0;1102.5
Departamento;Bosques de las Lomas;2;0;1;68;15750.0;3188.5;6184.5
Conjunto Comercial/Sala;Centro Histórico;0;0;0;377;21000.0;;
Conjunto Comercial/Sala;Centro Histórico;0;0;0;292;28000.0;24745.0;5950.0
Conjunto Comercial/Sala;Centro Histórico;0;0;0;70;10500.0;5999.0;1050.0
Casa de Condominio;Santa María Nonoalco;4;4;3;550;19250.0;875.0;
Departamento en Hotel;Santa Fe;2;1;2;70;11375.0;4900.0;2100.0
Departamento;Roma Norte;3;2;1;110;6650.0;3115.0;301.0
Departamento;Roma;1;0;0;40;8330.0;1365.0;189.0
Departamento;Condesa;3;0;0;90;13300.0;3150.0;357.0
Departamento;Lomas de Chapultepec;4;2;1;145;29750.0;7420.0;1680.0
Casa de Condominio;Santa Fe;5;0;5;650;35000.0;7000.0;28000.0
Casa de Condominio;Santa Fe;4;2;4;350;31500.0;3675.0;24500.0
Casa Comercial;San Miguel Chapultepec;0;0;0;120;10500.0;;1092.0
Departamento;Peralvillo;1;1;0;46;2800.0;2047.5;
Departamento;Coyoacán;3;0;1;180;19250.0;6475.0;1074.5
Conjunto Comercial/Sala;Santa Fe;0;1;0;42;7700.0;3629.5;1060.5
Conjunto Comercial/Sala;Centro Histórico;0;0;0;35;3325.0;2212.0;
Departamento;Tlalnepantla;2;1;0;58;4200.0;1190.0;910.0
Departamento;Polanco;2;1;1;66;11900.0;2863.0;
Departamento;Santa Fe;2;1;1;70;5250.0;3955.0;1074.5
Departamento;Condesa;3;1;0;104;11550.0;4200.0;612.5
Conjunto Comercial/Sala;Condesa;0;2;0;150;63000.0;15400.0;4900.0
Conjunto Comercial/Sala;Centro Histórico;0;1;0;44;2800.0;3465.0;
Departamento;Juárez;1;0;0;39;5530.0;2082.5;84.0
Departamento;Condesa;1;0;0;92;17850.0;;
Departamento;Condesa;2;0;0;75;9625.0;2800.0;122.5
Conjunto Comercial/Sala;Centro Histórico;0;0;0;294;56654.5;18539.5;1029.0
Departamento;Santa Fe;2;1;1;90;12250.0;7094.5;2156.0
Conjunto Comercial/Sala;Santa Fe;0;2;0;56;3500.0;3535.0;
Loft;Tlalpan;1;0;0;45;5950.0;1260.0;140.0
Departamento;Lomas de Chapultepec;4;2;4;180;47250.0;11200.0;3129.0
Departamento;El Contadero;2;1;0;65;5600.0;176750.0;339.5
Casa Comercial;Roma;4;2;0;380;54250.0;;5740.0
Conjunto Comercial/Sala;Santa Fe;0;1;0;24;6300.0;1995.0;
Departamento;Coyoacán;2;1;0;60;12600.0;3346.0;696.5
Conjunto Comercial/Sala;Centro Histórico;0;0;0;400;27650.0;12253.5;5425.0
Conjunto Comercial/Sala;Centro Histórico;0;0;0;62;5250.0;3696.0;882.0
Departamento;Narvarte;2;1;0;65;7000.0;2072.0;
Conjunto Comercial/Sala;Centro Histórico;0;0;0;215;14000.0;14000.0;4273.5
Departamento;Condesa;3;1;2;160;54250.0;5600.0;1522.5
Cocineta;Centro Histórico;1;0;0;30;2800.0;1400.0;80.5
Conjunto Comercial/Sala;Centro Histórico;0;0;0;250;28000.0;10500.0;
Departamento;Santa Fe;4;3;1;180;28000.0;8400.0;2334.5
Departamento;Condesa;2;1;0;70;8750.0;2565.5;455.0
Departamento;San Ángel;2;1;1;80;13650.0;3440.5;742.0
Departamento;Napoles;4;4;2;300;42000.0;9800.0;2380.0
Tienda en Centro Comercial;Coyoacán;0;0;0;28;10500.0;11725.0;980.0
Departamento;Condesa;1;0;0;44;5600.0;1967.0;84.0
Casa de Condominio;Santa Fe;6;9;5;1100;122500.0;12250.0;
Departamento;Santa Fe;2;2;1;130;13650.0;6632.5;
Departamento;Bosques de las Lomas;2;1;1;110;11200.0;3045.0;763.0
Departamento;Lomas de Chapultepec;3;1;1;140;35000.0;7000.0;1400.0
Departamento;Condesa;3;1;1;125;13282.5;5950.0;735.0
Casa de Vecindad;La Condesa;1;0;0;89;7700.0;;280.0
Departamento;Coyoacán;4;1;2;200;28000.0;8750.0;
Departamento;Santa Fe;2;1;1;94;10500.0;4200.0;315.0
Departamento;Arboledas;2;0;0;90;3850.0;1120.0;45.5
Conjunto Comercial/Sala;Centro Histórico;0;0;0;545;31500.0;27510.0;5323.5
Departamento;Condesa;3;0;2;200;21000.0;3325.0;1400.0
Departamento;Las Águilas;3;1;0;58;3500.0;1407.0;119.0
Casa de Condominio;Santa Fe;5;4;4;474;70000.0;3405.5;60550.0
Conjunto Comercial/Sala;Centro Histórico;0;0;0;220;24500.0;12950.0;2845.5
Departamento;Condesa;2;0;0;80;6300.0;2194.5;
Departamento;Santa Fe;2;1;2;70;14000.0;5600.0;1050.0
Departamento;Villa de Cortés;2;1;0;60;2625.0;980.0;
Departamento;Santa Fe;2;0;1;77;16450.0;10734.5;1361.5
Departamento;Santa Fe;3;2;3;127;19250.0;9100.0;1977.5
Departamento;Santa Fe;1;1;0;55;6300.0;4550.0;1158.5
Departamento;San Miguel Chapultepec;2;1;1;69;5250.0;2313.5;381.5
Departamento;Ciudad de los Deportes;3;0;0;48;2800.0;1050.0;
Departamento;Santa Fe;2;1;1;88;9625.0;3885.0;938.0
Departamento;Santa Fe;4;2;2;246;28000.0;6300.0;1575.0
Departamento;San Ángel;2;1;1;86;15750.0;3325.0;875.0
Departamento;Santa Fe;4;3;4;292;87500.0;17157.0;52769.5
Departamento;Lomas de Chapultepec;2;1;1;115;24150.0;4200.0;770.0
Departamento;Nativitas;3;1;2;80;5250.0;2275.0;2296.0
Departamento;Del Valle;3;1;0;120;10500.0;3510.5;455.0
Departamento;Coyoacán;3;1;1;130;24500.0;7000.0;1400.0
Conjunto Comercial/Sala;Santa Fe;0;38;0;1188;291060.0;135460.5;30450.0
Departamento;Condesa;1;0;0;40;9100.0;1715.0;875.0
Departamento;Santa Fe;3;2;1;160;14000.0;7000.0;
Departamento;Arboledas;2;1;0;50;3850.0;1750.0;525.0
Departamento;Narvarte;3;0;0;80;5950.0;1750.0;175.0
Departamento;Centro Histórico;1;0;0;20;3500.0;756.0;73.5
Conjunto Comercial/Sala;Condesa;0;0;0;34;3850.0;2754.5;679.0
Departamento;Santa Fe;4;2;4;320;41968.5;2100.0;3500.0
Conjunto Comercial/Sala;Centro Histórico;0;1;0;253;35000.0;19491.5;6128.5
Departamento;Nueva Santa María;3;0;0;55;2800.0;2747.5;49.0
Departamento;Lomas de Chapultepec;4;3;1;180;28000.0;6300.0;1750.0
Conjunto Comercial/Sala;Polanco;0;2;0;46;14350.0;3290.0;770.0
Departamento;Juárez;1;1;0;48;6650.0;2537.5;
Casa de Condominio;Santa Fe;5;10;5;403;38150.0;2992.5;3388.0
Tienda/Salón;Coyoacán;0;0;0;18;4200.0;2019.5;462.0
Casa de Vecindad;San Miguel Chapultepec;2;0;0;120;5250.0;805.0;161.0
Departamento;Santa Fe;4;4;2;216;33250.0;13625.5;42000.0
Departamento;Santa Fe;2;1;0;85;6300.0;4032.0;822.5
Cocineta;Condesa;0;0;0;33;4200.0;1365.0;
Conjunto Comercial/Sala;Santa Fe;0;1;0;32;5600.0;2005.5;
Conjunto Comercial/Sala;Santa Fe;0;1;0;26;2800.0;2730.0;420.0
Tienda/Salón;Centro Histórico;0;0;0;7;7000.0;962.5;
Tienda/Salón;La Condesa;0;0;0;190;25550.0;350.0;
Departamento;Tepalcatlalpan;1;0;0;60;2450.0;;
Cocineta;Centro Histórico;1;0;0;27;2800.0;1575.0;52.5
Tienda/Salón;Roma;0;0;0;200;52150.0;;
Departamento;Santa Fe;4;2;4;340;52500.0;5600.0;
Departamento;Coyoacán;2;1;0;90;19250.0;4900.0;1050.0
Departamento;Nativitas;1;0;0;50;5600.0;;
Departamento;Coyoacán;3;1;1;250;44800.0;;
Departamento;Nativitas;1;0;0;35;3815.0;1575.0;87.5
Departamento;Santa Fe;3;2;3;146;22750.0;10850.0;
Departamento;Coyoacán;2;1;1;90;35000.0;14000.0;2145.5
Departamento;Condesa;4;3;2;430;35000.0;9922.5;5411.0
Departamento;Coyoacán;2;2;2;70;35000.0;14038.5;1050.0
Departamento;Coyoacán;1;0;0;35;4550.0;2793.0;287.0
Conjunto Comercial/Sala;Santa Fe;0;0;0;36;3500.0;2639.0;420.0
Casa;Santa Fe;1;0;0;130;17500.0;;
Departamento;Centro Histórico;3;1;0;100;8400.0;2275.0;231.0
Conjunto Comercial/Sala;Centro Histórico;0;0;0;120;14000.0;7000.0;
Tienda/Salón;Condesa;0;1;0;204;42000.0;2100.0;8400.0
Departamento en Hotel;Coyoacán;2;1;1;90;21000.0;9275.0;1190.0
Conjunto Comercial/Sala;Santa Fe;0;6;0;120;8400.0;14024.5;2817.5
Departamento;Mixcoac;2;1;0;53;5600.0;1494.5;234.5
Departamento;Bosques de las Lomas;4;2;2;123;18200.0;4550.0;1669.5
Departamento;Condesa;1;0;0;35;10500.0;2450.0;280.0
Departamento;Narvarte;1;0;0;33;3500.0;1802.5;49.0
Departamento;Narvarte;2;0;0;90;6125.0;2537.5;105.0
Conjunto Comercial/Sala;Centro Histórico;0;0;0;322;84525.0;18032.0;
Casa Comercial;San Miguel Chapultepec;0;3;0;80;8750.0;;1015.0
Departamento;Narvarte;2;0;0;80;5600.0;2415.0;80.5
Conjunto Comercial/Sala;Roma;0;3;0;126;38500.0;17129.0;2502.5
Conjunto Comercial/Sala;Centro Histórico;0;0;0;70;26250.0;5992.0;1225.0
Conjunto Comercial/Sala;Centro Histórico;0;7;0;230;23275.0;8400.0;
Conjunto Comercial/Sala;Centro Histórico;0;0;0;270;24500.0;9800.0;4371.5
Departamento;San Andrés Tetepilco;4;2;1;121;8050.0;2100.0;
Conjunto Comercial/Sala;Narvarte;1;1;0;41;7000.0;1358.0;
Departamento en Hotel;Bosques de las Lomas;2;2;2;84;31500.0;;
Departamento;Lomas de Chapultepec;4;3;4;220;41650.0;10850.0;3500.0
Conjunto Comercial/Sala;Centro Histórico;0;0;0;423;38500.0;28290.5;
Conjunto Comercial/Sala;Roma;0;1;0;48;9800.0;5600.0;
Departamento;Lomas de Chapultepec;3;1;1;150;17500.0;3500.0;
Tienda en Centro Comercial;Santa Fe;0;4;0;140;14000.0;12250.0;4935.0
Departamento;Condesa;3;1;1;205;17500.0;7115.5;1193.5
Tienda en Centro Comercial;Condesa;0;0;0;590;105000.0;70000.0;35000.0
Conjunto Comercial/Sala;Centro Histórico;0;0;0;2000;420000.0;133000.0;11900.0
Conjunto Comercial/Sala;Centro Histórico;0;0;0;63;3150.0;2100.0;794.5
Departamento;Coyoacán;3;1;2;170;28000.0;6650.0;
Departamento;Condesa;4;1;4;240;31500.0;8750.0;1750.0
Departamento;Santa Fe;1;1;0;61;6300.0;3605.0;710.5
Departamento;Narvarte;1;0;0;58;5250.0;1491.0;16835.0
Tienda/Salón;Villa de Cortés;0;0;0;140;10150.0;;1907.5
Departamento;Santa Fe;1;1;0;36;5600.0;2205.0;
Departamento;Condesa;3;1;0;78;8750.0;3262.0;612.5
Conjunto Comercial/Sala;Santa Fe;0;1;0;33;2800.0;3500.0;612.5
Tienda/Salón;Coyoacán;0;0;0;100;45500.0;;29050.0
Tienda/Salón;Santa Fe;0;1;0;100;10500.0;74847.5;16684.5
Departamento;Bosques de las Lomas;4;4;4;400;115500.0;16800.0;5250.0
Departamento;San Rafael;2;0;0;60;4900.0;1750.0;164.5
Departamento;Condesa;3;2;1;140;13650.0;5145.0;805.0
Conjunto Comercial/Sala;Centro Histórico;0;0;0;113;16100.0;11483.5;
Departamento;Coyoacán;1;0;0;70;9450.0;2852.5;8102.5
Departamento;Coyoacán;1;0;0;40;6300.0;2450.0;350.0
Casa de Vecindad;Santa Marta Acatitla;1;0;0;30;1575.0;70.0;175.0
Edificio Completo;Centro Histórico;0;0;0;500;42000.0;;3657.5
Departamento;Del Valle;3;1;0;119;11550.0;3857.0;455.0
Departamento;Santa Fe;3;2;1;128;16831.5;9100.0;
Departamento;Tlalpan;3;2;1;180;17500.0;7787.5;
Departamento;Coyoacán;2;0;0;70;7700.0;5376.0;
Departamento;Centro Histórico;1;0;0;96;8750.0;2310.0;350.0
Departamento;Coyoacán;2;0;0;60;12250.0;2730.0;
Departamento;Condesa;2;0;0;110;8750.0;3647.0;420.0
Conjunto Comercial/Sala;Centro Histórico;0;0;0;200;49000.0;9625.0;2646.0
Cochera/Estacionamiento;Del Valle;0;0;0;4;1050.0;210.0;
Tienda/Salón;Santa Fe;0;1;0;100;16800.0;7000.0;17500.0
Casa Comercial;La Condesa;0;2;0;295;123900.0;21735.0;1550.5
Conjunto Comercial/Sala;Centro Histórico;0;0;0;377;92403.5;19855.5;5950.0
Departamento;Santa Fe;3;3;2;223;52500.0;11200.0;3566.5
Conjunto Comercial/Sala;Roma;0;3;0;140;34650.0;7000.0;1680.0
Departamento en Hotel;Coyoacán;2;1;1;90;17150.0;14924.0;2170.0
Casa de Vecindad;Zacatenco;1;0;0;53;2450.0;140.0;
Casa;Santa Fe;4;3;1;111;17850.0;2572.5;
Departamento;San Miguel Chapultepec;2;1;0;75;4200.0;2100.0;
Departamento;Condesa;1;0;1;45;4900.0;1932.0;231.0
Departamento;Condesa;3;1;0;90;13300.0;3724.0;805.0
Departamento;Centro Histórico;1;0;0;55;3325.0;1515.5;164.5
Conjunto Comercial/Sala;El Contadero;0;0;0;33;1925.0;1750.0;140.0
Departamento;Santa Fe;4;3;2;244;14700.0;12197.5;2751.0
Galpón/Depósito/Almacén;Nativitas;0;10;0;1000;42000.0;;
Departamento;Nativitas;2;1;0;81;3500.0;1172.5;105.0
Departamento;Condesa;4;0;1;300;21000.0;8750.0;1312.5
Departamento;Condesa;3;1;0;180;12250.0;3668.0;1358.0
Departamento;Iztacalco;2;1;0;60;4725.0;2450.0;45.5
Departamento;Roma;1;0;0;29;4865.0;1400.0;
Departamento;Condesa;1;0;0;50;10500.0;;
Conjunto Comercial/Sala;Condesa;0;0;0;30;3325.0;1494.5;455.0
Cocineta;Santa Cruz Atoyac;1;0;0;35;3150.0;1085.0;87.5
Departamento;Santa Fe;2;1;1;84;8750.0;7297.5;927.5
Departamento;El Contadero;2;1;1;100;8750.0;1750.0;
Cocineta;Narvarte;1;1;0;33;5250.0;1452.5;556.5
Departamento;Santa Fe;4;3;3;240;38500.0;12890.5;4522.0
Departamento;San Pedro de los Pinos;2;1;1;75;8750.0;4725.0;
Departamento;Santa Fe;3;1;1;85;7700.0;2390.5;315.0
Departamento;Del Valle;3;1;0;165;14000.0;4900.0;840.0
Casa de Vecindad;Roma;2;1;0;50;7000.0;;
Departamento;Coyoacán;1;1;1;131;22400.0;5775.0;980.0
Tienda/Salón;Juárez;0;0;0;450;122500.0;;
Departamento;Santa Fe;4;3;3;342;26250.0;13895.0;
Conjunto Comercial/Sala;Centro Histórico;0;0;0;55;2450.0;4350.5;479.5
Conjunto Comercial/Sala;Centro Histórico;0;0;0;52;5250.0;2079.0;423.5
Conjunto Comercial/Sala;Santa Fe;0;3;0;130;28000.0;12565.0;3321.5
Tienda/Salón;Santa Marta Acatitla;0;0;0;40;2800.0;140.0;70.0
Departamento;Lomas de Chapultepec;2;0;0;65;8750.0;3038.0;
Departamento;Narvarte;3;1;1;85;7350.0;2205.0;406.0
Conjunto Comercial/Sala;Santa Fe;0;4;0;84;13300.0;9093.0;1368.5
Departamento;Coyoacán;2;1;2;130;35000.0;6548.5;
Departamento;Lomas de Chapultepec;4;2;1;220;33250.0;6300.0;
Conjunto Comercial/Sala;Coyoacán;0;0;0;80;21000.0;2800.0;2905.0
Departamento;El Contadero;2;1;1;86;6300.0;1417.5;325.5
Departamento;San Pedro de los Pinos;2;0;0;67;7700.0;1984.5;290.5
Departamento;Roma;3;1;1;108;13300.0;3104.5;682.5
Departamento;Santa Fe;3;3;3;145;17850.0;3850.0;1484.0
Cocineta;Coyoacán;1;0;0;23;5250.0;2450.0;94.5
Casa de Condominio;Santa Fe;4;4;2;385;26250.0;4025.0;2625.0
Conjunto Comercial/Sala;Santa Fe;0;1;0;32;4200.0;4088.0;924.0
Departamento;Coyoacán;1;8;1;97;28000.0;6300.0;875.0
Conjunto Comercial/Sala;Santa Fe;0;0;0;24;2275.0;2100.0;
Departamento;Centro Histórico;1;0;0;34;2800.0;1484.0;87.5
Casa de Vecindad;Peralvillo;4;2;4;180;10500.0;;
Cochera/Estacionamiento;Coyoacán;0;1;0;0;1750.0;;
Conjunto Comercial/Sala;Santa Fe;0;1;0;24;4200.0;560.0;
Conjunto Comercial/Sala;Condesa;0;0;0;458;157500.0;7000.0;7000.0
Conjunto Comercial/Sala;Santa Fe;0;1;0;44;6265.0;2852.5;584.5
Departamento;Santa Fe;4;4;3;420;28000.0;19950.0;7000.0
Casa de Condominio;Santa Fe;5;4;5;631;63000.0;3430.0;6300.0
Tienda/Salón;Centro Histórico;0;0;0;70;9450.0;;1522.5
Tienda/Salón;Narvarte;0;0;0;44;7000.0;3850.0;
Conjunto Comercial/Sala;Centro Histórico;0;0;0;245;56000.0;12250.0;2450.0
Departamento;Santa Fe;3;2;3;131;12250.0;5950.0;
Cocineta;Condesa;0;0;0;30;3150.0;2240.0;84.0
Conjunto Comercial/Sala;Centro Histórico;0;0;0;698;146580.0;48345.5;15970.5
Departamento;Peralvillo;2;1;0;77;4550.0;1764.0;252.0
Casa de Condominio;Los Alpes;6;35;4;1100;77000.0;;
Departamento;Coyoacán;4;1;1;168;19250.0;7500.5;
Conjunto Comercial/Sala;Roma;0;8;0;660;140000.0;39322.5;6671.0
Conjunto Comercial/Sala;Roma Norte;0;25;0;1100;209996.5;;4900.0
Departamento;San Ángel;1;1;1;60;9450.0;3251.5;749.0
Departamento;Coyoacán;3;1;1;150;15050.0;5950.0;875.0
Departamento;Lomas de Chapultepec;2;1;1;90;17500.0;7000.0;1750.0
Departamento;Roma Norte;2;1;0;53;5600.0;2674.0;115.5
Conjunto Comercial/Sala;Santa Fe;0;4;0;84;14000.0;9100.0;1680.0
Departamento;Santa Fe;1;1;0;68;5250.0;3062.5;735.0
Departamento;San Ángel;1;0;0;33;5950.0;2558.5;213.5
Conjunto Comercial/Sala;Centro Histórico;0;0;0;347;42000.0;15802.5;4277.0
Conjunto Comercial/Sala;Centro Histórico;0;0;0;64;5250.0;2460.5;780.5
Departamento;Santa Fe;2;1;1;90;11550.0;5425.0;864.5
Departamento;Peralvillo;2;1;0;70;4550.0;1995.0;70.0
Departamento;Condesa;5;1;5;300;87500.0;7350.0;24500.0
Departamento;Arboledas;2;1;0;55;5250.0;1575.0;420.0
Departamento;Condesa;1;0;0;35;5950.0;2432.5;399.0
Conjunto Comercial/Sala;Centro Histórico;0;0;0;423;38500.0;28287.0;6919.5
Departamento;Coyoacán;3;0;2;180;19250.0;7822.5;1568.0
Tienda/Salón;Condesa;0;0;0;16;12250.0;;385.0
Departamento;Santa Fe;4;3;4;260;52500.0;11900.0;17500.0
Conjunto Comercial/Sala;Centro Histórico;0;1;0;63;9100.0;5218.5;458.5
Departamento;Santa Fe;3;1;1;82;7700.0;2905.0;
Tienda/Salón;Coyoacán;0;1;0;43;16100.0;4550.0;2719.5
Departamento;Santa Fe;2;2;1;105;20300.0;6650.0;945.0
Departamento;Lomas de Chapultepec;4;3;1;180;24500.0;8015.0;
Departamento;Santa Fe;3;2;1;203;19250.0;9800.0;2436.0
Departamento;Nativitas;1;0;0;80;2625.0;;
Casa;Santa María Nonoalco;2;1;0;60;3500.0;;
Conjunto Comercial/Sala;Condesa;0;0;0;40;5250.0;3850.0;514.5
Departamento;Condesa;1;0;0;47;8050.0;2520.0;105.0
Departamento;Roma;1;0;0;35;3500.0;1025.5;301.0
Cocineta;Roma;1;0;0;25;3850.0;1995.0;
Tienda/Salón;San Ángel;0;0;0;38;35000.0;10832.5;
Departamento;Álvaro Obregón;2;0;0;70;3500.0;;
Departamento;Coyoacán;2;1;0;150;19250.0;8750.0;1750.0
Conjunto Comercial/Sala;Santa Fe;0;1;0;156;10500.0;6485.5;
Departamento;Lomas de Chapultepec;3;1;1;150;17500.0;4067.0;1522.5
Departamento;Narvarte;2;1;0;65;5250.0;2380.0;
Conjunto Comercial/Sala;Santa Fe;0;1;0;36;3850.0;4550.0;
Departamento;Condesa;3;1;0;108;13300.0;4473.0;959.0
Departamento;San Andrés Tetepilco;1;0;0;45;2310.0;;
Departamento;Napoles;1;0;0;40;5250.0;2275.0;238.0
Conjunto Comercial/Sala;Centro Histórico;0;0;0;298;33390.0;26964.0;
Conjunto Comercial/Sala;Centro Histórico;0;0;0;245;87500.0;29995.0;5589.5
Departamento;Santa Fe;3;3;3;140;22750.0;5250.0;1750.0
Conjunto Comercial/Sala;Centro Histórico;0;0;0;27;3150.0;1498.0;420.0
Departamento;Santa Fe;4;3;3;352;42000.0;10500.0;4725.0
Departamento;Condesa;3;1;1;250;33250.0;5880.0;2380.0
Departamento;La Virgen;2;1;0;58;2800.0;2100.0;
Departamento;Santa Fe;2;1;1;65;5950.0;4343.5;714.0
Departamento;Coyoacán;3;1;1;190;52500.0;4980.5;1249.5
Conjunto Comercial/Sala;Santa Fe;0;3;0;100;14000.0;10311.0;
Departamento;San Miguel Chapultepec;1;0;0;65;6300.0;542.5;245.0
Departamento;Roma;1;0;0;52;5250.0;3500.0;94.5
Conjunto Comercial/Sala;Santa Fe;0;1;0;70;11200.0;4060.0;
Conjunto Comercial/Sala;Santa Fe;0;0;0;20;3171.0;;
Departamento;Narvarte;2;1;1;86;4200.0;1869.0;336.0
Departamento;Narvarte;1;0;0;25;5075.0;1697.5;87.5
Conjunto Comercial/Sala;Centro Histórico;0;0;0;484;63000.0;21280.0;56787.5
Conjunto Comercial/Sala;Centro Histórico;0;0;0;50;4200.0;4550.0;399.0
Conjunto Comercial/Sala;Centro Histórico;0;0;0;245;70000.0;29995.0;5589.5
Departamento;Santa Fe;2;0;1;80;10500.0;4830.0;1050.0
Departamento;Santa Fe;2;1;1;86;9100.0;5173.0;528.5
Departamento;Coyoacán;3;2;1;150;22050.0;7700.0;1732.5
Departamento;Condesa;3;1;1;290;21000.0;8820.0;1186.5
Departamento;Condesa;1;1;0;50;7700.0;4375.0;525.0
Departamento;Santa Fe;2;1;1;70;8046.5;2240.0;623.0
Departamento;Santa Fe;2;1;0;80;14000.0;3675.0;
Departamento;Santa Fe;2;1;1;90;9800.0;4207.0;931.0
Departamento;Santa Fe;2;1;1;70;9800.0;2450.0;4200.0
Departamento;Condesa;1;0;0;30;4200.0;1795.5;87.5
Conjunto Comercial/Sala;Coyoacán;0;4;0;323;157500.0;21000.0;
Departamento;Narvarte;2;1;1;85;5950.0;2730.0;350.0
Conjunto Comercial/Sala;Centro Histórico;0;6;0;2052;430920.0;142131.5;37705.5
Departamento;Napoles;3;1;1;95;12950.0;2695.0;476.0
Departamento;Santa Fe;2;2;1;109;17500.0;8750.0;2380.0
Departamento en Hotel;Coyoacán;1;1;1;43;8750.0;7409.5;1064.0
Departamento;Coyoacán;1;1;0;35;8050.0;4200.0;
Departamento;Santa Fe;4;3;4;440;29750.0;22750.0;5250.0
Conjunto Comercial/Sala;Santa Fe;0;1;0;108;10500.0;6300.0;
Casa Comercial;Roma;0;5;0;600;98000.0;;10318.0
Conjunto Comercial/Sala;Peralvillo;0;1;0;20;2450.0;;
Tienda en Centro Comercial;Santa Fe;0;2;0;69;9800.0;5092.5;1400.0
Departamento;Narvarte;2;1;0;97;8050.0;2922.5;364.0
Conjunto Comercial/Sala;Centro Histórico;0;0;0;210;52500.0;16450.0;2709.0
Departamento;Santa Fe;3;1;1;105;10500.0;3500.0;476.0
Departamento;Bosques de las Lomas;3;2;2;250;31500.0;7350.0;1750.0
Departamento;Condesa;3;1;2;95;31500.0;;
Departamento;Lomas de Chapultepec;4;2;4;300;56000.0;14700.0;6174.0
Departamento;Santa Fe;3;2;3;115;11200.0;6044.5;
Casa Comercial;Roma;1;5;0;563;63000.0;;5600.0
Departamento;Narvarte;2;1;0;86;6650.0;2527.0;521.5
Departamento;Condesa;1;0;0;30;4200.0;1540.0;210.0
Departamento;Narvarte;3;0;0;84;5950.0;2765.0;6405.0
Conjunto Comercial/Sala;Condesa;0;1;0;30;4550.0;2205.0;353.5
Tienda/Salón;Santa Fe;0;0;0;1200;595000.0;;
Conjunto Comercial/Sala;Centro Histórico;0;0;0;533;177488.5;35497.0;
Departamento;Coyoacán;4;3;1;190;22750.0;5075.0;1435.0
Departamento;Santa Fe;4;3;4;307;70000.0;9800.0;1400.0
Conjunto Comercial/Sala;Condesa;0;1;0;90;9800.0;6825.0;2156.0
Conjunto Comercial/Sala;Peralvillo;0;1;0;21;1400.0;1466.5;367.5
Departamento;Santa Fe;2;1;1;65;4550.0;3500.0;
Departamento;Coyoacán;3;3;1;230;42000.0;9100.0;1400.0
Conjunto Comercial/Sala;Santa Fe;0;1;0;24;3850.0;3370.5;693.0
Departamento;Condesa;3;1;1;103;15750.0;4546.5;535.5
Departamento;Coyoacán;3;2;0;100;10500.0;5302.5;1277.5
Departamento;Coyoacán;2;1;0;80;19250.0;3115.0;315.0
Departamento;Centro Histórico;1;1;0;45;8050.0;2100.0;308.0
Galpón/Depósito/Almacén;Nativitas;0;0;0;4500;140000.0;;
Departamento;Condesa;3;1;2;344;63000.0;10850.0;
Departamento;La Condesa;1;0;0;48;5600.0;1680.0;105.0
Departamento;Centro Histórico;1;0;0;29;4550.0;1176.0;70.0
Departamento;Roma;2;0;0;65;6650.0;1578.5;
Departamento;Roma;2;1;1;73;10500.0;2621.5;563.5
Departamento;Narvarte;2;1;0;62;6965.0;1946.0;175.0
Conjunto Comercial/Sala;Centro Histórico;0;0;0;300;26250.0;11200.0;2835.0
Departamento;Juárez;1;0;0;47;5600.0;2275.0;185.5
Conjunto Comercial/Sala;Centro Histórico;0;0;0;30;1750.0;2660.0;451.5
Departamento;Condesa;3;0;0;162;15750.0;2957.5;
Departamento;Coyoacán;2;0;1;82;13300.0;2520.0;490.0
Departamento;Lomas de Chapultepec;3;1;1;150;17500.0;3850.0;1575.0
Departamento;Ciudad de los Deportes;3;1;0;61;3500.0;1575.0;59.5
Conjunto Comercial/Sala;Santa Fe;0;5;0;180;24500.0;23600.5;14220.5
Conjunto Comercial/Sala;El Rosedal;0;0;0;25;1925.0;868.0;108.5
Departamento;Santa Fe;3;3;3;204;54600.0;8750.0;2100.0
Edificio Completo;Nativitas;0;0;0;380;35000.0;;
Departamento;Condesa;2;0;0;70;13650.0;3360.0;514.5
Departamento;Roma;3;2;1;655;52500.0;12425.0;4970.0
Departamento;Lomas de Chapultepec;3;1;0;99;14000.0;4200.0;1137.5
Conjunto Comercial/Sala;Centro Histórico;0;0;0;38;2100.0;2828.0;665.0
Tienda/Salón;Roma;0;0;0;337;45500.0;;304.5
Conjunto Comercial/Sala;Centro Histórico;0;0;0;4016;702800.0;217868.0;50459.5
Conjunto Comercial/Sala;Centro Histórico;0;0;0;165;20212.5;13055.0;2695.0
Casa;Santa Fe;5;4;3;1008;35000.0;4865.0;518.0
Departamento;Bosques de las Lomas;3;3;3;227;47250.0;13860.0;3430.0
Departamento;Condesa;3;0;0;120;14700.0;3150.0;651.0
Departamento;San Ángel;1;0;1;145;21000.0;3500.0;1225.0
Departamento;Iztacalco;2;1;0;65;2100.0;1400.0;87.5
Conjunto Comercial/Sala;Centro Histórico;0;0;0;26;1564.5;980.0;245.0
Departamento;Bosques de las Lomas;3;2;1;340;28000.0;11200.0;4375.0
Departamento;Narvarte;3;0;1;91;9800.0;1575.0;
Departamento;Roma;2;1;2;85;14000.0;3955.0;913.5
Conjunto Comercial/Sala;Santa Fe;0;2;0;50;5250.0;6300.0;8400.0
Casa Comercial;Coyoacán;0;0;0;80;45500.0;;875.0
Departamento;Roma;3;1;1;105;17850.0;4690.0;1197.0
Departamento;Santa Fe;3;3;3;248;13300.0;14290.5;
Departamento;Villa de Cortés;2;0;0;55;4375.0;525.0;
Conjunto Comercial/Sala;Centro Histórico;0;0;0;700;56000.0;17500.0;
Conjunto Comercial/Sala;Roma;0;0;0;6;16954.0;;
Departamento en Hotel;Condesa;2;2;2;103;15750.0;6650.0;840.0
Conjunto Comercial/Sala;Casa Blanca;0;0;0;70;10465.0;;686.0
Departamento;Condesa;1;0;0;52;12250.0;7192.5;
Conjunto Comercial/Sala;Centro Histórico;0;0;0;650;31500.0;18550.0;5250.0
Conjunto Comercial/Sala;Condesa;0;0;0;28;4550.0;2450.0;
Departamento;Condesa;2;0;0;83;12950.0;1925.0;647.5
Casa;El Rosedal;1;2;0;47;2975.0;;
Departamento;Santa Fe;2;1;1;69;8050.0;3325.0;343.0
Conjunto Comercial/Sala;Santa Fe;0;2;0;42;6300.0;4550.0;525.0
Conjunto Comercial/Sala;Condesa;0;0;0;40;2800.0;2100.0;350.0
Conjunto Comercial/Sala;Centro Histórico;0;0;0;150;15750.0;7350.0;2100.0
Departamento;Lomas de Chapultepec;1;1;1;75;10500.0;3388.0;539.0
Conjunto Comercial/Sala;Santa Fe;0;2;0;210;16800.0;15218.0;4844.0
Departamento;Santa Fe;3;2;1;95;5600.0;4375.0;
Departamento;Condesa;1;0;0;40;9800.0;;
Casa de Vecindad;Narvarte;1;0;0;50;3150.0;;
Departamento;Centro Histórico;1;0;0;55;7000.0;1225.0;262.5
Departamento;Narvarte;2;1;0;64;4375.0;2432.5;
Departamento;Tlalnepantla;2;0;0;60;3850.0;1225.0;875.0
Departamento;Coyoacán;1;0;0;46;9800.0;2450.0;2975.0
Tienda/Salón;Santa Fe;0;0;0;100;14875.0;2835.0;2310.0
Conjunto Comercial/Sala;Villa de Cortés;0;4;0;869;203840.0;68992.0;8340.5
Departamento;Coyoacán;2;1;0;76;15750.0;2572.5;686.0
Edificio Completo;Condesa;0;0;0;1400;112000.0;;5950.0
Departamento;Condesa;4;1;1;160;24500.0;6580.0;861.0
Conjunto Comercial/Sala;Centro Histórico;0;0;0;27;1564.5;1050.0;245.0
Conjunto Comercial/Sala;Santa Fe;0;1;0;30;3500.0;3741.5;815.5
Conjunto Comercial/Sala;Centro Histórico;0;0;0;36;2450.0;3150.0;294.0
Departamento;San Ángel;3;1;1;160;23800.0;6650.0;1137.5
Departamento;Condesa;2;0;0;83;9450.0;2096.5;598.5
Conjunto Comercial/Sala;Peralvillo;0;1;0;20;3500.0;1582.0;
Departamento;Condesa;2;0;0;80;8750.0;2730.0;787.5
Galpón/Depósito/Almacén;El Rosedal;0;0;0;350;17500.0;;
Casa de Condominio;Santa Fe;4;4;2;600;105000.0;3850.0;48996.5
Departamento;Condesa;2;1;1;95;10500.0;4200.0;609.0
Conjunto Comercial/Sala;Condesa;0;0;0;22;3150.0;1239.0;525.0
Conjunto Comercial/Sala;Centro Histórico;0;0;0;292;28000.0;24745.0;6055.0
Departamento;Santa Fe;3;2;1;160;15050.0;5600.0;1326.5
Departamento;Santa Fe;3;1;1;80;8750.0;4333.0;679.0
Conjunto Comercial/Sala;Centro Histórico;0;1;0;22;2800.0;1855.0;
Departamento;Condesa;3;0;0;120;9100.0;4161.5;539.0
Departamento;Bosques de las Lomas;3;3;1;250;32200.0;6657.0;2047.5
Departamento;Santa Fe;2;1;1;70;5250.0;2275.0;525.0
Conjunto Comercial/Sala;Centro Histórico;0;0;0;65;8750.0;3465.0;710.5
Casa;Santa Fe;5;4;5;638;87500.0;5075.0;6300.0
Departamento;Roma;2;1;1;80;14000.0;2292.5;672.0
Casa Comercial;Coyoacán;0;0;0;209;91000.0;;
Departamento;Santa Fe;2;1;1;90;13615.0;7700.0;14700.0
Departamento;San Rafael;2;1;1;77;4900.0;2275.0;367.5
Departamento;Santa Fe;2;1;1;80;14000.0;3675.0;525.0
Departamento;Santa Fe;2;1;1;81;5950.0;4025.0;525.0
Conjunto Comercial/Sala;Centro Histórico;0;0;0;186;52080.0;15750.0;2520.0
Departamento;Condesa;3;1;0;140;12950.0;4406.5;826.0
Tienda/Salón;Santa María Nonoalco;0;0;0;1100;52500.0;;
Tienda/Salón;Centro Histórico;0;0;0;33;4200.0;455.0;
Departamento;Condesa;3;4;2;260;45500.0;35192.5;4221.0
Conjunto Comercial/Sala;Coyoacán;0;0;0;70;17500.0;7000.0;
Departamento;San Ángel;2;1;0;65;11550.0;2495.5;549.5
Departamento;Del Valle Centro;2;0;0;45;3325.0;630.0;126.0
Departamento;Del Valle;3;1;1;120;11550.0;4550.0;514.5
Departamento;Narvarte;3;1;0;73;6650.0;2233.0;
Departamento;Condesa;3;1;0;101;7700.0;5145.0;770.0
Conjunto Comercial/Sala;Coyoacán;0;0;0;127;16800.0;1760.5;2663.5
Casa;Santa Fe;5;3;3;400;29575.0;2765.0;2100.0
Cocineta;Roma;1;0;0;27;4900.0;903.0;84.0
Departamento;Lomas de Chapultepec;4;3;1;200;63000.0;4550.0;1750.0
Departamento;Santa Fe;3;2;1;300;20968.5;;
Casa de Condominio;Santa Fe;4;0;4;250;45500.0;2100.0;
Departamento;Juárez;1;0;1;34;3500.0;1400.0;185.5
Departamento;Narvarte;2;0;0;71;5670.0;1050.0;
Conjunto Comercial/Sala;Condesa;0;0;0;32;4550.0;1400.0;619.5
Departamento;Coyoacán;2;1;1;100;19250.0;4200.0;1092.0
Departamento;Coyoacán;3;1;3;228;70000.0;3850.0;822.5
Casa de Condominio;Santa Fe;4;3;4;355;31500.0;2474.5;2100.0
Departamento;San Pedro de los Pinos;3;1;0;82;14000.0;4578.0;395.5
Departamento;Condesa;1;0;0;50;5250.0;2303.0;259.0
Departamento;Narvarte;2;1;0;90;5250.0;2800.0;273.0
Departamento;Las Águilas;3;1;0;60;3675.0;1225.0;
Tienda en Centro Comercial;Lindavista;0;0;0;90;5950.0;4221.0;689.5
Tienda/Salón;Narvarte;0;0;0;980;140000.0;51051.0;
Departamento;Roma Norte;2;0;1;110;4200.0;1050.0;
Departamento;Lomas de Chapultepec;3;1;1;119;23975.0;4900.0;1365.0
Departamento;Condesa;2;1;0;72;7875.0;2800.0;140.0
Departamento;San Miguel Chapultepec;2;0;0;47;3325.0;1907.5;70.0
Departamento;San Miguel Chapultepec;2;0;0;58;5950.0;1050.0;87.5
Conjunto Comercial/Sala;Centro Histórico;0;0;0;42;2100.0;3881.5;609.0
Conjunto Comercial/Sala;Santa Fe;0;0;0;532;122500.0;;
Departamento;Condesa;1;0;0;32;4900.0;1568.0;87.5
Departamento;Lomas de Chapultepec;2;2;1;94;23450.0;4238.5;1120.0
Departamento;Coyoacán;4;2;2;200;59500.0;7857.5;
Departamento;Villa de Guadalupe;3;1;1;85;5950.0;1960.0;525.0
Departamento;Condesa;5;2;1;650;112000.0;18200.0;7000.0
Departamento;Nativitas;2;1;0;45;2625.0;770.0;
Departamento;Del Valle;0;0;0;110;35000.0;;
Departamento;Condesa;3;2;1;158;18200.0;5390.0;1120.0
Casa de Condominio;Santa Fe;4;4;4;869;84000.0;7770.0;7941.5
Departamento;Polanco;3;1;1;180;35000.0;6370.0;2254.0
Conjunto Comercial/Sala;Centro Histórico;0;0;0;25;2800.0;1753.5;
Conjunto Comercial/Sala;Santa Fe;0;1;0;34;5950.0;;
Departamento;Villa de Cortés;2;1;0;53;4550.0;1767.5;119.0
Departamento;Santa Fe;2;2;1;65;5250.0;3405.5;476.0
Departamento;Santa Fe;3;2;1;180;10500.0;4025.0;
Conjunto Comercial/Sala;Centro Histórico;0;0;0;30;1225.0;1855.0;
Departamento;Santa Fe;3;2;1;127;17500.0;8995.0;2761.5
Conjunto Comercial/Sala;Santa Fe;0;5;0;140;28000.0;19435.5;5215.0
Departamento;Roma;3;0;0;157;9450.0;3395.0;700.0
Departamento;Culhuacán CTM;2;0;0;60;3150.0;525.0;
Departamento;Coyoacán;5;3;2;350;157500.0;22750.0;3395.0
Departamento;Roma;2;1;1;90;15750.0;3307.5;665.0
Departamento;Coyoacán;3;2;1;160;22050.0;7700.0;1354.5
Departamento;Lomas de Chapultepec;3;0;0;120;12600.0;3325.0;
Tienda/Salón;Santa Fe;0;1;0;69;21700.0;1197.0;
Departamento;Condesa;1;0;0;20;4200.0;1155.0;101.5
Hotel;Condesa;24;0;24;1100;133000.0;;26264.0
Departamento;Lomas de Chapultepec;3;1;2;120;47950.0;4515.0;1435.0
Departamento;Lomas de Chapultepec;4;2;1;200;22750.0;3850.0;1645.0
Conjunto Comercial/Sala;Centro Histórico;0;0;0;581;101675.0;54904.5;7525.0
Conjunto Comercial/Sala;Roma;0;0;0;456;221550.0;50032.5;9873.5
Departamento;Coyoacán;2;1;0;72;10500.0;2870.0;
Conjunto Comercial/Sala;Santa Fe;0;0;0;25;3465.0;1505.0;
Cocineta;Condesa;1;1;0;24;3850.0;1193.5;77.0
Conjunto Comercial/Sala;Centro Histórico;0;0;0;30;2450.0;2229.5;329.0
Departamento;Coyoacán;2;1;0;70;14000.0;2537.5;525.0
Conjunto Comercial/Sala;Santa Fe;0;0;0;65;8750.0;4364.5;
Conjunto Comercial/Sala;Centro Histórico;0;0;0;255;70000.0;7143.5;
Departamento;Santa Fe;3;2;2;210;10500.0;6139.0;1792.0
Departamento;Nueva Santa María;2;1;1;68;3850.0;1743.0;
Departamento;Condesa;2;0;1;60;8750.0;2275.0;2625.0
Departamento;Santa María Aztahuacán;2;0;0;55;1890.0;210.0;
Departamento;Santa Fe;3;2;1;75;12250.0;3850.0;672.0
Departamento;Lomas de Chapultepec;4;2;4;230;35000.0;9485.0;4648.0
Departamento;Narvarte;2;0;0;60;7000.0;1575.0;178.5
Conjunto Comercial/Sala;Centro Histórico;0;0;0;216;45500.0;16051.0;2800.0
Galpón/Depósito/Almacén;Santa María la Ribera;0;0;0;800;28000.0;;
Departamento;Peralvillo;4;1;2;178;6650.0;3850.0;945.0
Departamento;Roma;3;2;1;110;19250.0;;
Departamento;Condesa;1;0;0;30;5250.0;3150.0;87.5
Departamento;Coyoacán;3;0;1;120;38500.0;9100.0;1750.0
Departamento;Coyoacán;3;2;1;167;122500.0;10325.0;2282.0
Departamento;Roma;3;2;1;287;26250.0;8750.0;
Departamento;Condesa;2;0;2;115;14000.0;4424.0;735.0
Terreno Estándar;Santa Fe;0;0;0;575;140000.0;;
Cochera/Estacionamiento;Centro Histórico;0;0;0;4;2100.0;;
Conjunto Comercial/Sala;Roma;0;5;0;160;50400.0;20989.5;
Departamento;Lomas de Chapultepec;3;1;1;120;24500.0;5250.0;
Departamento;Santa Fe;3;2;1;130;12250.0;4200.0;791.0
Departamento;Napoles;3;0;1;150;22750.0;3675.0;812.0
Conjunto Comercial/Sala;Coyoacán;0;0;0;30;7000.0;2975.0;630.0
Departamento en Hotel;Coyoacán;2;1;1;75;38150.0;13650.0;14000.0
Departamento;Condesa;3;0;0;120;9450.0;2800.0;
Departamento;Condesa;3;1;1;214;32200.0;6384.0;21290.5
Departamento;Coyoacán;3;2;1;95;17500.0;4200.0;742.0
Departamento;San Miguel Chapultepec;2;2;0;61;4550.0;2275.0;
Conjunto Comercial/Sala;Santa Fe;0;1;0;75;3500.0;7000.0;1575.0
Departamento;Coyoacán;4;2;1;200;33250.0;12600.0;5250.0
Departamento en Hotel;Condesa;1;1;0;50;7000.0;4375.0;560.0
Departamento;Condesa;4;2;2;360;38500.0;11200.0;3850.0
Conjunto Comercial/Sala;Centro Histórico;0;0;0;560;33250.0;18130.0;6968.5
Departamento;Polanco;2;1;0;74;12950.0;3605.0;745.5
Departamento;Santa Fe;4;2;1;126;12981.5;5740.0;
Departamento;Bosques de las Lomas;3;1;1;110;16800.0;3699.5;1501.5
Conjunto Comercial/Sala;Centro Histórico;0;0;0;585;122500.0;42168.0;10199.0
Departamento;Condesa;3;1;1;140;21560.0;4550.0;7700.0
Casa;Roma Sur;1;0;0;45;1750.0;;
Departamento;Narvarte;2;0;0;80;4550.0;2992.5;
Departamento;Condesa;2;1;1;60;11550.0;5610.5;483.0
Departamento;Condesa;5;0;2;320;12250.0;12250.0;
Departamento;San Ángel;1;1;0;71;8750.0;2975.0;630.0
Departamento;Santa Fe;2;1;1;92;9100.0;4375.0;
Departamento;San Pedro de los Pinos;2;0;1;120;19250.0;1837.5;
Departamento;San Miguel Chapultepec;2;0;0;80;5250.0;1155.0;
Casa;La Florida;4;5;2;165;16450.0;;
Departamento;Condesa;1;0;0;30;9800.0;;
Departamento;Santa Fe;4;4;4;430;59500.0;14000.0;5950.0
Departamento;Santa Fe;2;1;1;94;11200.0;4795.0;490.0
Departamento;Napoles;3;0;0;100;11550.0;2625.0;525.0
Departamento;Lomas de Chapultepec;4;2;2;250;61250.0;7000.0;
Conjunto Comercial/Sala;Santa Fe;0;2;0;36;5250.0;4021.5;710.5
Casa de Vecindad;San Mateo;1;0;0;30;1750.0;;
Edificio Completo;Villa de Cortés;0;0;0;4000;157500.0;;14000.0
Departamento;Narvarte;3;1;0;140;13300.0;4900.0;
Departamento;San Ángel;3;1;1;110;17500.0;4200.0;770.0
Departamento;Santa Fe;2;1;1;90;7875.0;3874.5;773.5
Departamento;Santa Fe;4;3;3;240;42000.0;12544.0;4529.0
Departamento;Condesa;3;1;0;110;12250.0;3181.5;581.0
Casa;Iztacalco;3;10;1;120;8050.0;;
Departamento;Roma;3;1;1;82;12250.0;3381.0;805.0
Conjunto Comercial/Sala;Centro Histórico;0;0;0;31;1050.0;2065.0;
Conjunto Comercial/Sala;Centro Histórico;0;0;0;38;2450.0;2800.0;595.0
Departamento;Santa Fe;3;3;3;200;20650.0;8158.5;1577187.5
Departamento;Narvarte;3;1;0;100;7700.0;3272.5;
Departamento;Coyoacán;4;1;3;245;45500.0;7700.0;2100.0
Cocineta;Condesa;1;0;0;32;3850.0;1855.0;98.0
Departamento;Condesa;1;0;0;40;8050.0;1540.0;87.5
Departamento;Santa Fe;4;3;4;260;28000.0;11200.0;22400.0
Casa Comercial;Los Alpes;0;4;0;416;52500.0;;15806.0
Departamento en Hotel;Coyoacán;1;1;1;85;8312.5;7000.0;10500.0
Casa de Condominio;Santa Fe;4;0;4;590;70000.0;7000.0;
Tienda/Salón;Lomas de Chapultepec;0;0;0;59;42000.0;8442.0;2366.0
Departamento;Coyoacán;2;1;0;71;15750.0;2639.0;647.5
Tienda/Salón;Historiadores;0;0;0;122;42000.0;;5215.0
Departamento;Santa Fe;2;2;2;113;20650.0;4952.5;1050.0
Conjunto Comercial/Sala;Centro Histórico;0;2;0;438;107495.5;27639.5;8151.5
Conjunto Comercial/Sala;Condesa;0;0;0;30;4550.0;2800.0;490.0
Departamento;Lomas de Chapultepec;4;3;4;350;94500.0;16828.0;
Conjunto Comercial/Sala;Centro Histórico;0;1;0;30;2415.0;4200.0;560.0
Departamento;Condesa;2;0;1;90;15750.0;4550.0;700.0
Conjunto Comercial/Sala;Santa Fe;0;0;0;671;152652.5;;
Conjunto Comercial/Sala;Narvarte;0;0;0;30;2100.0;1925.0;196.0
Departamento;Narvarte;3;1;1;120;7700.0;3150.0;5320.0
Departamento;Santa Fe;4;3;1;260;22750.0;3500.0;7000.0
Departamento;Condesa;3;1;0;92;13300.0;2800.0;
Departamento;San Miguel Chapultepec;3;1;1;98;4550.0;1851.5;353.5
Departamento;Roma;3;2;2;130;14700.0;4749.5;917.0
Tienda/Salón;Roma;0;0;0;1200;385000.0;;
Departamento;Santa Fe;4;3;4;600;38500.0;24150.0;4200.0
Departamento;Santa Fe;2;3;1;202;19250.0;7612.5;13454.0
Departamento;Santa Fe;2;1;2;75;12250.0;7350.0;
Tienda/Salón;Coyoacán;0;0;0;36;7700.0;2936.5;780.5
Departamento;San Miguel Chapultepec;2;1;0;69;5600.0;2695.0;2310.0
Departamento;Lomas de Chapultepec;4;3;1;168;38500.0;10839.5;2135.0
Departamento;La Loma;1;0;0;30;3850.0;1470.0;
Departamento;Lomas de Chapultepec;2;1;1;100;12250.0;6755.0;1400.0
Conjunto Comercial/Sala;Barrio Bravo;0;0;0;27;2765.0;630.0;59.5
Departamento;Santa Fe;2;1;1;82;8750.0;4550.0;
Conjunto Comercial/Sala;Centro Histórico;0;0;0;240;17500.0;25900.0;4585.0
Conjunto Comercial/Sala;Santa Fe;0;1;0;36;4725.0;4550.0;
Departamento;Peralvillo;2;1;1;64;4025.0;1907.5;318.5
Departamento;Lomas de Chapultepec;4;0;2;180;44275.0;;
Departamento;Lomas de Chapultepec;4;2;4;200;29750.0;9450.0;3304.0
Departamento;Santa Fe;4;3;0;257;42000.0;10500.0;2450.0
Conjunto Comercial/Sala;Santa Fe;0;4;0;350;70000.0;13636.0;5421.5
Departamento;Santa Fe;2;1;1;83;10500.0;3055.5;686.0
Departamento;Polanco;3;2;0;180;15750.0;7700.0;1225.0
Departamento;Lomas de Chapultepec;2;0;0;49;9800.0;2450.0;420.0
Tienda/Salón;Napoles;0;0;0;240;87500.0;;
Departamento;Narvarte;2;0;0;60;6300.0;1645.0;357.0
Casa de Vecindad;Villa Coapa;1;0;0;40;2345.0;;7.0
Departamento;Condesa;3;1;0;135;21000.0;5939.5;1211.0
Departamento;Condesa;3;1;0;150;24500.0;4900.0;
Departamento;Nueva Santa María;2;0;0;89;3675.0;875.0;84.0
Departamento;Condesa;4;0;1;140;14700.0;3850.0;665.0
Departamento;San Miguel Chapultepec;2;0;1;80;3850.0;2975.0;
Conjunto Comercial/Sala;Condesa;0;0;0;52;6125.0;2380.0;1057.0
Departamento;Arboledas;2;0;0;56;3850.0;367.5;
Conjunto Comercial/Sala;Centro Histórico;0;0;0;428;58800.0;22088.5;7241.5
Departamento;Condesa;2;0;0;90;14000.0;2800.0;
Departamento;Vallejo;2;1;1;85;4550.0;1540.0;
Casa;San Gregorio Atlapulco;2;1;0;60;2800.0;;
Departamento;Coyoacán;2;1;1;106;14000.0;3395.0;955.5
Conjunto Comercial/Sala;Santa Fe;0;1;0;28;1750.0;1890.0;
Departamento;Coyoacán;2;1;1;76;15750.0;2656.5;990.5
Conjunto Comercial/Sala;Centro Histórico;0;0;0;969;245000.0;81399.5;19925.5
Departamento;Condesa;2;0;0;80;9450.0;2415.0;619.5
Conjunto Comercial/Sala;Centro Histórico;0;8;0;539;66500.0;29505.0;7959.0
Departamento;Lomas de Chapultepec;3;1;0;85;13650.0;3850.0;455.0
Conjunto Comercial/Sala;Centro Histórico;0;0;0;300;19600.0;20475.0;2380.0
Departamento;Bosques de las Lomas;3;1;1;137;16800.0;4725.0;
Departamento;Condesa;3;0;1;140;13650.0;3325.0;
Conjunto Comercial/Sala;Coyoacán;0;0;0;36;7700.0;2705.5;1218.0
Departamento;Condesa;3;1;1;100;12250.0;2859.5;864.5
Departamento;Roma;3;1;0;94;10500.0;5040.0;479.5
Departamento;Centro Histórico;1;0;0;30;3500.0;1379.0;70.0
Departamento;Narvarte;2;0;0;65;5600.0;2100.0;
Departamento;San Miguel Chapultepec;3;1;0;71;6300.0;2205.0;245.0
Conjunto Comercial/Sala;Centro Histórico;0;0;0;321;61792.5;20825.0;6209.0
Departamento;Lomas de Chapultepec;2;0;2;80;13650.0;3489.5;518.0
Departamento;Coyoacán;4;4;3;400;105000.0;19040.0;8750.0
Casa de Vecindad;Casa Blanca;1;0;0;24;1750.0;28.0;45.5
Departamento;Santa Fe;3;1;1;72;7350.0;2310.0;385.0
Cocineta;San Gregorio Atlapulco;1;0;0;70;1400.0;;
Departamento;Bosques de las Lomas;2;1;1;85;9800.0;3010.0;710.5
Departamento;Santa Fe;2;1;1;80;17500.0;2975.0;
Conjunto Comercial/Sala;Santa Fe;0;1;0;34;5075.0;3101.0;1253.0
Conjunto Comercial/Sala;Centro Histórico;0;0;0;60;4900.0;2310.0;
Conjunto Comercial/Sala;Roma;0;1;0;130;38500.0;9800.0;2450.0
Conjunto Comercial/Sala;Centro Histórico;0;3;0;148;38850.0;10143.0;3668.0
Departamento;Coyoacán;4;2;2;170;43750.0;6825.0;2198.0
Departamento;San Miguel Chapultepec;1;0;0;36;3675.0;1347.5;
Conjunto Comercial/Sala;Centro Histórico;0;0;0;60;5600.0;2156.0;
Departamento;Centro Histórico;2;0;0;80;4200.0;1788.5;
Departamento;Del Valle;4;0;0;101;8050.0;2684.5;
Conjunto Comercial/Sala;Narvarte;1;1;0;30;4550.0;1820.0;
Tienda/Salón;Centro Histórico;1;0;0;200;87500.0;14000.0;
Departamento;Villa Coapa;3;0;0;85;2975.0;700.0;45.5
Conjunto Comercial/Sala;Centro Histórico;0;0;0;122;5950.0;4007.5;847.0
Conjunto Comercial/Sala;Lomas de Chapultepec;0;0;0;31;15750.0;4550.0;
Departamento;Coyoacán;3;2;1;150;26250.0;7700.0;13545.0
Cocineta;Condesa;1;0;0;42;7000.0;1295.0;91.0
Departamento;Condesa;2;0;0;110;17150.0;;
Departamento;Narvarte;3;0;1;90;8050.0;2275.0;350.0
Departamento;Santa Fe;4;4;3;500;98000.0;28000.0;
Casa Comercial;Santa Fe;0;0;0;200;35000.0;3.5;525.0
Departamento;Santa Fe;4;2;1;150;16800.0;5950.0;1386.0
Conjunto Comercial/Sala;Santa Fe;0;3;0;100;14000.0;7000.0;
Departamento;Ciudad de los Deportes;3;1;2;123;4900.0;2450.0;
Departamento;San Rafael;2;1;0;72;5250.0;1645.0;
Departamento en Hotel;Coyoacán;1;1;0;49;7000.0;8438.5;10584.0
Conjunto Comercial/Sala;Polanco;0;1;0;29;10500.0;1477.0;490.0
Departamento;La Virgen;2;1;0;79;3850.0;1900.5;
Departamento;Santa Fe;1;1;1;67;10500.0;2373.0;
Departamento;Lomas de Chapultepec;4;3;4;323;63000.0;16800.0;6300.0
Departamento;Santa Fe;3;3;1;185;35000.0;6125.0;2625.0
Conjunto Comercial/Sala;Santa Fe;0;1;0;35;3500.0;3220.0;574.0
Tienda en Centro Comercial;Santa Fe;0;2;0;121;35000.0;3780.0;33929.0
Departamento;Condesa;2;0;0;50;5775.0;1645.0;339.5
Departamento;Santa Fe;3;2;3;240;26218.5;;
Conjunto Comercial/Sala;Centro Histórico;0;0;0;40;3500.0;5376.0;497.0
Conjunto Comercial/Sala;Coyoacán;0;0;0;25;5250.0;3850.0;892.5
Departamento;Lomas de Chapultepec;5;2;5;230;35000.0;9485.0;46480.0
Departamento;El Arenal;3;1;0;55;4200.0;1050.0;707.0
Conjunto Comercial/Sala;Santa Fe;0;1;0;42;5950.0;3850.0;1190.0
Departamento;Lomas de Chapultepec;2;1;1;90;15400.0;3675.0;836.5
Conjunto Comercial/Sala;Villa de Guadalupe;0;1;0;18;1260.0;2625.0;192.5
Conjunto Comercial/Sala;Centro Histórico;0;0;0;28;4725.0;1172.5;276.5
Departamento;Santa Fe;4;3;4;330;70000.0;12600.0;
Galpón/Depósito/Almacén;Villa de Cortés;0;0;0;800;29750.0;;
Departamento;Coyoacán;2;1;2;130;42000.0;4613.0;2418.5
Departamento;Santa Fe;2;1;1;99;7000.0;2730.0;647.5
Casa Comercial;Del Valle;0;0;0;215;27650.0;3.5;885.5
Departamento;Lomas de Chapultepec;3;1;0;100;20650.0;4200.0;1680.0
Departamento;Coyoacán;2;0;0;65;9450.0;1400.0;507.5
Departamento;Condesa;4;0;1;250;28000.0;3486.0;
Casa de Condominio;Santa Fe;4;5;1;680;26250.0;525.0;3325.0
Departamento;Santa Fe;1;1;0;76;7000.0;4550.0;665.0
Conjunto Comercial/Sala;Centro Histórico;0;0;0;370;52500.0;23852.5;5890.5
Departamento;Las Águilas;2;2;1;70;5600.0;1575.0;
Conjunto Comercial/Sala;Centro Histórico;0;0;0;200;70000.0;13671.0;4263.0
Departamento;Narvarte;3;1;1;74;8750.0;3087.0;416.5
Loft;Santa Fe;1;1;0;56;7700.0;6016.5;1127.0
Conjunto Comercial/Sala;Centro Histórico;0;0;0;32;5250.0;3983.0;525.0
Departamento;Coyoacán;3;1;0;93;21700.0;2520.0;2800.0
Conjunto Comercial/Sala;Santa Fe;0;1;0;43;4882.5;3500.0;1085.0
Casa de Condominio;Santa Fe;5;6;5;755;49000.0;7700.0;7000.0
Departamento;Condesa;2;0;1;85;12250.0;2275.0;297.5
Tienda en Centro Comercial;Santa Fe;0;1;0;34;7000.0;6125.0;2450.0
Conjunto Comercial/Sala;Condesa;0;0;0;201;45500.0;7455.0;7619.5
Cocineta;Centro Histórico;1;0;0;21;2800.0;1071.0;
Departamento;Condesa;3;0;0;140;21000.0;5180.0;595.0
Departamento;Santa Fe;2;1;1;95;7700.0;3850.0;938.0
Departamento;Polanco;3;2;1;145;21700.0;6216.0;11154.5
Conjunto Comercial/Sala;Centro Histórico;0;0;0;370;38850.0;31615.5;7455.0
Departamento;Condesa;1;0;0;50;6300.0;1974.0;255.5
Conjunto Comercial/Sala;Centro Histórico;0;1;0;34;3500.0;2625.0;
Galpón/Depósito/Almacén;Nativitas;0;0;0;700;38500.0;;
Departamento;Santa Fe;2;1;1;70;5950.0;2205.0;385.0
Conjunto Comercial/Sala;Santa Fe;0;2;0;42;9800.0;4098.5;10993.5
Departamento;Coyoacán;2;1;0;80;12600.0;2254.0;448.0
Departamento;Narvarte;2;1;0;54;5950.0;2775.5;175.0
Conjunto Comercial/Sala;Centro Histórico;0;0;0;60;2800.0;4550.0;805.0
Departamento;Santa Fe;4;3;3;183;36750.0;11784.5;29400.0
Casa de Condominio;Santa Fe;6;4;4;720;42000.0;2800.0;
Departamento;Napoles;1;0;0;60;9100.0;2100.0;192.5
Conjunto Comercial/Sala;Centro Histórico;0;1;0;31;2275.0;1960.0;332.5
Departamento;Napoles;1;0;0;45;5250.0;1505.0;
Departamento en Hotel;Roma;1;1;0;55;9800.0;3906.0;350.0
Departamento;Santa Fe;1;1;1;52;21000.0;8505.0;581.0
Cocineta;Condesa;0;0;0;36;5250.0;1995.0;350.0
Departamento;Lomas de Chapultepec;4;2;2;230;26250.0;5775.0;1505.0
Conjunto Comercial/Sala;Roma;0;20;0;716;187992.0;80157.0;14311.5
Tienda en Centro Comercial;Iztacalco;0;0;0;40;28000.0;23100.0;8225.0
Galpón/Depósito/Almacén;Iztacalco;0;0;0;2500;52500.0;;
Departamento;Coyoacán;2;2;1;130;35000.0;7245.0;1981.0
Departamento;Santa Fe;4;1;1;110;12250.0;5075.0;420.0
Departamento;Condesa;3;0;0;103;8750.0;4704.0;574.0
Conjunto Comercial/Sala;Centro Histórico;0;0;0;43;1750.0;2250.5;294.0
Departamento;Santa Fe;2;1;1;70;9100.0;2800.0;
Departamento;Ciudad de los Deportes;3;0;0;85;4550.0;1295.0;472.5
Departamento;Lomas de Chapultepec;1;0;0;39;6300.0;752.5;
Departamento;Condesa;2;1;0;70;8750.0;2275.0;
Departamento;Coyoacán;2;1;0;130;35000.0;6300.0;1617.0
Departamento;Polanco;3;1;0;90;8750.0;4025.0;4900.0
Conjunto Comercial/Sala;Santa Fe;0;1;0;70;21000.0;7700.0;1585.5
Cocineta;Condesa;1;0;0;30;1750.0;;108.5
Tienda/Salón;Condesa;0;0;0;500;63000.0;10500.0;10500.0
Conjunto Comercial/Sala;Centro Histórico;0;1;0;32;3500.0;1701.0;273.0
Departamento;Villa de Guadalupe;2;1;0;62;4900.0;;
Conjunto Comercial/Sala;Santa Fe;0;1;0;32;2450.0;2870.0;196.0
Departamento;Coyoacán;3;2;3;450;105000.0;16240.0;5775.0
Departamento;Santa Fe;3;2;1;126;9800.0;5250.0;815.5
Departamento;Santa Fe;4;3;4;255;56000.0;9100.0;
Departamento;Condesa;2;0;0;111;9100.0;4077.5;
Departamento;Santa Fe;2;1;1;70;5250.0;3374.0;7059.5
Departamento;Lomas de Chapultepec;2;1;0;62;10150.0;2800.0;430.5
Conjunto Comercial/Sala;Centro Histórico;0;0;0;60;1750.0;5460.0;1039.5
Conjunto Comercial/Sala;Santa Fe;0;1;0;31;2975.0;2660.0;
Departamento;Nueva Santa María;2;0;0;60;2450.0;1575.0;49.0
Conjunto Comercial/Sala;Centro Histórico;0;0;0;67;5250.0;1907.5;966.0
Departamento;Condesa;1;0;1;40;6650.0;2555.0;245.0
Conjunto Comercial/Sala;Santa Fe;0;4;0;130;17500.0;11627.0;7294.0
Departamento;Narvarte;2;0;0;65;3325.0;1277.5;87.5
Departamento;Lindavista Sur;3;1;0;64;3500.0;980.0;630.0
Conjunto Comercial/Sala;Centro Histórico;0;0;0;423;38500.0;30873.5;8144.5
Conjunto Comercial/Sala;Juárez;0;14;0;1324;347550.0;115850.0;
Departamento;Nativitas;2;0;0;84;3500.0;2135.0;315.0
Casa;Chapultepec;2;1;0;107;5950.0;;
Tienda/Salón;Jardines de San Mateo;0;0;0;50;7000.0;;
Departamento;San Rafael;3;0;0;86;6300.0;1260.0;367.5
Departamento;Condesa;2;0;0;70;7700.0;2100.0;241.5
Conjunto Comercial/Sala;Centro Histórico;0;0;0;364;31500.0;20097.0;
Loft;Coyoacán;1;0;0;40;12425.0;2100.0;1060.5
Casa de Condominio;Roma;5;0;0;600;63000.0;;8050.0
Departamento;Coyoacán;1;0;1;56;11200.0;1732.5;
Conjunto Comercial/Sala;Santa Fe;0;1;0;27;3150.0;2520.0;171.5
Departamento;Roma;3;1;1;94;14875.0;4900.0;665.0
Conjunto Comercial/Sala;Centro Histórico;0;0;0;220;47250.0;9800.0;493.5
Conjunto Comercial/Sala;Centro Histórico;0;0;0;20;1750.0;1750.0;224.0
Conjunto Comercial/Sala;Condesa;0;0;0;34;3150.0;2975.0;742.0
Tienda en Centro Comercial;Centro Histórico;0;0;0;40;33250.0;;640.5
Departamento;Santa Fe;3;3;1;175;28000.0;4900.0;13300.0
Departamento;Santa Fe;3;1;1;80;9800.0;4550.0;490.0
Tienda en Centro Comercial;Santa Fe;0;1;0;90;350.0;9100.0;4200.0
Departamento;San Miguel Chapultepec;2;1;0;76;4550.0;1890.0;70.0
Departamento;Condesa;3;1;0;153;13996.5;3850.0;770.0
Departamento;Roma;2;1;2;84;16275.0;3990.0;
Casa;Las Águilas;2;2;1;90;7000.0;;
Departamento;Roma;1;0;0;50;5950.0;1750.0;241.5
Conjunto Comercial/Sala;Santa Fe;0;15;0;1580;497700.0;127190.0;
Departamento;Santa Fe;2;1;1;72;5250.0;2625.0;1925.0
Departamento;Roma;3;1;1;101;16800.0;4690.0;
Conjunto Comercial/Sala;Centro Histórico;0;0;0;52;2625.0;2170.0;707.0
Departamento;Nueva Santa María;2;0;0;57;3500.0;;
Tienda/Salón;Centro Histórico;0;0;0;130;12250.0;465.5;2362.5
Departamento;Santa Fe;5;3;3;436;42000.0;7700.0;4200.0
Departamento;Coyoacán;3;3;2;260;63000.0;9240.0;
Conjunto Comercial/Sala;Centro Histórico;0;0;0;260;29750.0;29750.0;4900.0
Conjunto Comercial/Sala;Coyoacán;0;0;0;25;3850.0;2800.0;514.5
Departamento;Santa Fe;4;3;4;268;42000.0;7700.0;28000.0
Conjunto Comercial/Sala;Santa Fe;0;1;0;29;3500.0;3062.5;227.5
Departamento;Coyoacán;1;1;1;66;22750.0;3710.0;
Departamento;Santa Fe;2;1;1;70;8750.0;3395.0;245.0
Casa;Santa Marta Acatitla;1;0;0;40;1925.0;;
Departamento;Roma;2;1;2;99;16800.0;5082.0;1043.0
Departamento;Santa Fe;2;1;0;68;10500.0;4550.0;1242.5
Departamento;Bosques de las Lomas;4;4;4;400;122500.0;12250.0;4550.0
Conjunto Comercial/Sala;Centro Histórico;0;0;0;180;3500.0;6300.0;
Departamento en Hotel;Santa Fe;1;1;0;56;10500.0;4200.0;1050.0
Departamento;Narvarte;2;0;0;67;4550.0;1249.5;70.0
Departamento;Narvarte;2;0;0;57;5600.0;1984.5;
Departamento;Lomas de Chapultepec;4;2;4;230;43750.0;9450.0;5687.5
Departamento;Condesa;2;1;0;68;10150.0;3500.0;595.0
Conjunto Comercial/Sala;Condesa;0;0;0;52;6125.0;2380.0;1057.0
Departamento;Roma;2;0;0;64;8400.0;2145.5;
Departamento;Santa Fe;2;1;1;75;8400.0;3713.5;756.0
Casa de Condominio;Santa María Nonoalco;2;2;2;75;6300.0;;
Departamento;Peralvillo;3;1;0;73;4900.0;1925.0;273.0
Departamento;Roma;2;0;0;60;7700.0;2660.0;266.0
Departamento;Bosques de las Lomas;3;2;1;360;59500.0;4900.0;1435.0
Casa;Doctores;4;0;1;100;6300.0;;140.0
Departamento;San Jerónimo;2;1;0;85;8400.0;2660.0;500.5
Departamento;Santa Fe;2;2;1;100;17500.0;5250.0;1050.0
Departamento;Lomas de Chapultepec;3;1;1;220;31500.0;12705.0;2415.0
Departamento;Coyoacán;3;1;1;280;43750.0;7798.0;2135.0
Departamento;Coyoacán;2;1;0;95;17150.0;4473.0;
Departamento;Santa Fe;4;3;4;260;28000.0;10850.0;
Departamento;Condesa;2;1;0;80;8750.0;2261.0;
Departamento;Santa Fe;3;2;1;168;19250.0;6825.0;1785.0
Departamento;Condesa;4;1;0;196;13650.0;5250.0;1547.0
Departamento;Coyoacán;3;1;1;128;19600.0;5775.0;1050.0
Departamento;Santa Fe;4;4;4;360;28000.0;11200.0;7000.0
Conjunto Comercial/Sala;Centro Histórico;0;0;0;290;55825.0;20300.0;3115.0
Departamento;San Miguel Chapultepec;2;1;1;70;5950.0;1102.5;350.0
Departamento;Nativitas;2;1;0;65;3850.0;910.0;
Departamento;Coyoacán;3;1;0;80;12950.0;4025.0;640.5
Departamento;Coyoacán;3;2;1;320;33250.0;5950.0;1330.0
Casa Comercial;Roma;1;4;0;450;77000.0;;10997.0
Departamento;Condesa;2;1;1;70;7700.0;2100.0;
Conjunto Comercial/Sala;Roma;0;5;0;272;87500.0;37324.0;
Conjunto Comercial/Sala;Santa Fe;0;1;0;22;3500.0;2404.5;164.5
Conjunto Comercial/Sala;Centro Histórico;0;0;0;38;4200.0;1610.0;175.0
Departamento;Santa Fe;4;2;2;155;19250.0;10500.0;2450.0
Departamento;Juárez;2;0;0;51;7700.0;1176.0;
Casa de Condominio;Santa Fe;6;0;4;700;105000.0;7350.0;2450.0
Conjunto Comercial/Sala;Roma;0;0;0;247;87500.0;32200.0;57050.0
Departamento;Santa Fe;4;3;4;388;31500.0;15750.0;52500.0
Departamento;Del Valle;1;0;0;59;6650.0;2030.0;
Departamento;Condesa;2;1;0;69;8400.0;2695.0;427.0
Casa de Condominio;Santa Fe;5;9;4;870;98000.0;5775.0;
Casa Comercial;Narvarte;0;6;0;342;52500.0;;6650.0
Departamento;Nativitas;2;0;0;50;7000.0;1613.5;
Departamento;Santa Fe;4;3;4;273;45500.0;9541.0;2299.5
Conjunto Comercial/Sala;Centro Histórico;0;0;0;30;2450.0;3888.5;276.5
Departamento;Santa Fe;2;1;1;80;9800.0;3080.0;
Casa;La Virgen;3;2;1;111;6300.0;;630.0
Departamento;Santa Fe;1;1;1;78;6650.0;3850.0;630.0
Conjunto Comercial/Sala;Santa Fe;0;7;0;244;45500.0;21521.5;4714.5
Departamento;San Ángel;2;1;1;86;10500.0;2800.0;717.5
Departamento;Culhuacán CTM;2;1;1;60;4200.0;416.5;
Departamento;Roma;4;2;0;622;52500.0;12407.5;4970.0
Departamento;Coyoacán;4;2;1;210;56000.0;11200.0;2800.0
Tienda/Salón;Santa Fe;0;1;0;90;6650.0;7525.0;2271.5
Conjunto Comercial/Sala;Centro Histórico;0;0;0;32;4900.0;1855.0;490.0
Conjunto Comercial/Sala;Centro Histórico;0;0;0;140;14000.0;7280.0;2324.0
Departamento;Santa Fe;2;1;1;92;9100.0;;1071.0
Departamento;Narvarte;5;1;0;220;11900.0;4200.0;
Departamento;Bosques de las Lomas;2;1;1;95;13300.0;6300.0;1050.0
Departamento;Roma;1;0;0;36;4900.0;1400.0;518.0
Departamento;Santa Fe;3;3;3;150;21000.0;10062.5;1599.5
Edificio Completo;La Virgen;0;0;0;894;22750.0;;
Departamento;Santa Fe;1;1;0;67;5950.0;3080.0;497.0
Conjunto Comercial/Sala;Centro Histórico;0;0;0;47;9800.0;4130.0;3412.5
Departamento;Coyoacán;3;2;1;138;17500.0;8750.0;2100.0
Departamento;Condesa;1;0;0;55;5250.0;2450.0;
Departamento;San Ángel;2;1;0;87;11550.0;3850.0;507.5
Tienda/Salón;Centro Histórico;0;3;0;1658;280000.0;49350.0;16870.0
Cocineta;Condesa;1;0;0;18;3500.0;1855.0;87.5
Conjunto Comercial/Sala;Centro Histórico;0;0;0;597;83580.0;19250.0;82250.0
Departamento;Bosques de las Lomas;4;0;1;180;22050.0;7490.0;
Departamento;Coyoacán;3;1;2;90;28000.0;2450.0;
Conjunto Comercial/Sala;Santa Fe;0;1;0;65;7700.0;4480.0;2205.0
Departamento;Narvarte;2;1;1;75;6650.0;2093.0;
Casa de Condominio;Santa Fe;4;4;4;600;122500.0;3850.0;44800.0
Departamento;Del Valle;2;2;1;100;18550.0;4686.5;945.0
Conjunto Comercial/Sala;Santa Fe;0;1;0;36;3500.0;;
Conjunto Comercial/Sala;Centro Histórico;0;0;0;17;3500.0;770.0;
Departamento;Las Águilas;2;0;2;85;6650.0;3913.0;
Departamento;Condesa;1;0;0;47;4725.0;1732.5;112.0
Departamento;San Miguel Chapultepec;2;1;0;62;5600.0;2607.5;
Departamento;Narvarte;3;1;1;90;7000.0;3430.0;
Conjunto Comercial/Sala;Santa Fe;0;4;0;300;105000.0;23327.5;
Departamento;Coyoacán;3;2;1;150;19950.0;6125.0;1435.0
Departamento;Polanco;2;0;1;53;11200.0;2555.0;
Conjunto Comercial/Sala;Centro Histórico;0;0;0;240;21000.0;15750.0;
Conjunto Comercial/Sala;Iztacalco;0;1;0;24;2450.0;;
Departamento;Coyoacán;3;1;0;130;17500.0;5775.0;882.0
Departamento;Santa Fe;1;1;0;69;7000.0;5250.0;1015.0
Conjunto Comercial/Sala;Santa Fe;0;1;0;59;7000.0;6853.0;1417.5
Cocineta;Nativitas;1;0;0;30;1750.0;;
Conjunto Comercial/Sala;Coyoacán;0;8;0;415;203350.0;55919.5;13681.5
Conjunto Comercial/Sala;Santa Fe;0;1;0;110;19250.0;5075.0;3916.5
Conjunto Comercial/Sala;Santa Fe;0;1;0;30;10500.0;2450.0;
Conjunto Comercial/Sala;Villa de Guadalupe;0;0;0;65;4550.0;;350.0
Conjunto Comercial/Sala;Centro Histórico;0;0;0;596;133000.0;52500.0;
Departamento;Lomas de Chapultepec;1;0;0;48;5600.0;1841.0;332.5
Cocineta;Del Valle;0;0;0;24;2800.0;1669.5;87.5
Casa;Iztacalco;2;0;0;75;5250.0;;
Departamento;Coyoacán;3;1;1;140;26250.0;10150.0;1750.0
Conjunto Comercial/Sala;Centro Histórico;0;3;0;148;41440.0;10150.0;3013.5
Casa;San Felipe de Jesús;1;0;0;50;3850.0;;63.0
Departamento;Santa Fe;4;3;2;214;21000.0;7350.0;18200.0
Departamento;Coyoacán;4;1;4;215;70000.0;8050.0;1925.0
Departamento;Santa Fe;3;3;3;245;52500.0;10850.0;14000.0
Conjunto Comercial/Sala;Centro Histórico;0;0;0;350;52500.0;15225.0;6300.0
Departamento;Santa Fe;4;2;2;162;14350.0;6825.0;1522.5
Departamento;Condesa;3;0;0;140;13650.0;2800.0;875.0
Departamento;Narvarte;2;0;0;60;5425.0;2275.0;315.0
Departamento;Coyoacán;3;0;3;144;22400.0;2128.0;1340.5
Casa;Las Aguilas;2;1;0;60;2100.0;;
Departamento;Condesa;3;1;0;180;12250.0;4935.0;
Departamento;San Miguel Chapultepec;3;0;1;98;10850.0;;
Conjunto Comercial/Sala;Lomas de Chapultepec;0;1;0;30;10500.0;3328.5;1109.5
Departamento;Jardines de San Mateo;1;1;1;50;2800.0;630.0;
Departamento;Santa Fe;1;1;0;71;15750.0;;
Departamento;Coyoacán;4;1;1;200;30800.0;8750.0;1750.0
Departamento;Napoles;2;1;1;82;9100.0;3199.0;448.0
Cocineta;Roma;1;0;0;25;5250.0;1260.0;
Casa de Condominio;Santa Fe;3;6;1;420;24150.0;3647.0;2705.5
Departamento;Santa Fe;2;1;1;70;9625.0;4550.0;700.0
Departamento;Santa Fe;4;3;2;240;21000.0;7700.0;
Departamento;Lomas de Chapultepec;3;3;1;170;29750.0;7882.0;2121.0
Conjunto Comercial/Sala;Centro Histórico;0;0;0;120;9800.0;6660.5;
Conjunto Comercial/Sala;Polanco;0;0;0;30;5950.0;3325.0;
Conjunto Comercial/Sala;Santa Fe;0;1;0;72;10150.0;7122.5;20825.0
Departamento;Condesa;1;0;0;50;7000.0;3150.0;546.0
Departamento;Condesa;4;1;0;120;12250.0;4046.0;483.0
Departamento en Hotel;Lomas de Chapultepec;1;1;1;45;15750.0;6510.0;420.0
Departamento;Napoles;2;0;0;75;9450.0;3073.0;
Departamento;Condesa;1;0;1;45;7315.0;1820.0;332.5
Conjunto Comercial/Sala;Centro Histórico;0;0;0;270;30450.0;10710.0;4371.5
Departamento;Santa Fe;4;2;3;145;15750.0;6650.0;1225.0
Departamento;Roma;3;1;1;95;15750.0;3990.0;
Departamento;Iztacalco;2;0;0;70;2450.0;3.5;
Departamento;Condesa;2;0;0;56;9100.0;2660.0;280.0
Conjunto Comercial/Sala;San Miguel Chapultepec;0;0;0;33;2800.0;2100.0;
Departamento;Lomas de Chapultepec;2;0;1;60;18375.0;;
Conjunto Comercial/Sala;Santa Fe;0;1;0;54;13300.0;2975.0;
Cochera/Estacionamiento;Centro Histórico;0;0;0;9;350.0;1561.0;
Conjunto Comercial/Sala;Centro Histórico;0;0;0;800;52500.0;21000.0;220.5
Departamento;Coyoacán;2;0;1;75;18900.0;1666.0;420.0
Departamento;Santa Fe;4;3;2;224;26600.0;7829.5;2688.0
Departamento;Condesa;3;0;1;115;10150.0;6650.0;665.0
Departamento;Santa Fe;5;5;3;569;59500.0;8750.0;
Cocineta;Condesa;1;0;0;28;3500.0;1354.5;84.0
Departamento;Coyoacán;3;2;1;160;42000.0;12250.0;3150.0
Departamento;Condesa;1;0;0;40;7350.0;1400.0;
Conjunto Comercial/Sala;Santa Fe;0;0;0;179;40722.5;;
Departamento;Coyoacán;3;1;1;130;12250.0;3958.5;
Departamento;Coyoacán;3;1;1;90;22750.0;5950.0;805.0
Departamento;Coyoacán;3;1;1;140;28700.0;10150.0;
Casa de Condominio;Santa Fe;5;5;4;900;42000.0;5250.0;87500.0
Departamento;Santa Marta Acatitla;2;0;0;54;2975.0;;
Departamento;Santa Fe;4;4;4;336;45500.0;12950.0;2800.0
Conjunto Comercial/Sala;Centro Histórico;0;0;0;270;36750.0;8750.0;2663.5
Cocineta;Roma;1;0;0;28;3325.0;1015.0;94.5
Conjunto Comercial/Sala;Centro Histórico;0;0;0;30;2450.0;3034.5;329.0
Departamento;Nueva Santa María;1;1;0;62;2275.0;2142.0;
Departamento;Santa Fe;4;3;4;340;38500.0;13300.0;2625.0
Departamento;Del Valle;3;1;1;230;14000.0;5180.0;147.0
Conjunto Comercial/Sala;Santa Fe;0;1;0;35;4550.0;4550.0;
Departamento;Condesa;3;1;0;120;14000.0;4382.0;840.0
Departamento;Nativitas;2;0;0;79;4550.0;;
Departamento;Santa Fe;2;1;1;96;11200.0;5600.0;560.0
Galpón/Depósito/Almacén;Villa de Cortés;0;0;0;400;10500.0;;
Departamento;Santa Fe;2;1;1;65;6300.0;4630.5;815.5
Departamento;Lomas de Chapultepec;3;1;1;150;17500.0;3500.0;119.0
Casa;Narvarte;4;5;0;274;66500.0;;
Departamento;Santa Fe;3;2;1;137;12950.0;5250.0;770.0
Departamento;Villa Coapa;2;0;0;50;4900.0;;
Departamento;Álvaro Obregón;2;0;0;50;3150.0;;
Departamento;Narvarte;1;0;0;50;4375.0;1750.0;175.0
Departamento;Lomas de Chapultepec;4;1;1;142;31500.0;5470.5;1155.0
Conjunto Comercial/Sala;Santa Fe;0;1;0;72;10500.0;4900.0;1050.0
Departamento;Bosques de las Lomas;2;0;2;240;35000.0;15750.0;3850.0
Departamento;Santa Fe;3;2;3;105;10500.0;5250.0;945.0
Casa;Condesa;3;1;2;150;28000.0;;346.5
Departamento;Condesa;2;1;0;70;9450.0;3045.0;619.5
Conjunto Comercial/Sala;Condesa;0;1;0;39;5250.0;1925.0;542.5
Departamento;Iztapalapa;1;0;0;50;2800.0;700.0;
Casa Comercial;Centro Histórico;0;0;0;370;38500.0;;290.5
Departamento;Lomas de Chapultepec;2;0;0;70;9450.0;3745.0;
Tienda/Salón;Santa Fe;0;1;0;100;14000.0;4200.0;4550.0
Conjunto Comercial/Sala;Condesa;0;0;0;92;11200.0;4154.5;2152.5
Casa;Residencial Emiliano Zapata;2;0;0;100;3500.0;;
Conjunto Comercial/Sala;Santa Fe;0;3;0;98;24500.0;8400.0;
Departamento;Santa Fe;2;1;1;80;7000.0;4102.0;262.5
Departamento;Lomas de Chapultepec;4;1;1;200;52500.0;9100.0;2492.0
Casa;Polanco;4;1;4;356;70000.0;;4161.5
Departamento;Coyoacán;1;1;0;62;16800.0;4564.0;
Departamento;San Miguel Chapultepec;2;1;0;60;3675.0;2264.5;70.0
Departamento;Polanco;3;1;1;120;20650.0;4060.0;969.5
Departamento;Polanco;4;3;1;170;21000.0;5932.5;1627.5
Departamento;Condesa;1;1;0;40;4725.0;1785.0;122.5
Departamento;Coyoacán;4;1;1;150;42000.0;5887.0;
Departamento;Napoles;2;1;1;80;9450.0;2922.5;759.5
Departamento;Polanco;2;1;1;71;7000.0;3339.0;745.5
Departamento;Santa Fe;3;2;3;164;15750.0;6300.0;1750.0
Departamento;Peralvillo;2;1;1;70;4200.0;2275.0;192.5
Departamento;Roma;2;1;1;103;19950.0;4690.0;1218.0
Departamento;Narvarte;2;1;1;70;5250.0;2800.0;
Casa de Condominio;Los Alpes;3;7;3;320;26250.0;6650.0;3325.0
Conjunto Comercial/Sala;Santa Fe;0;0;0;70;8750.0;6972.0;2674.0
Departamento;Bosques de las Lomas;2;3;2;200;35000.0;10500.0;3598.0
Departamento;Santa Fe;3;2;3;120;9800.0;4480.0;1260.0
Departamento;San Ángel;3;1;1;185;26250.0;5075.0;
Casa de Vecindad;Narvarte;2;1;2;90;9450.0;2100.0;595.0
Departamento;Coyoacán;4;2;1;171;35000.0;6314.0;2075.5
Casa Comercial;Roma;0;2;0;261;63000.0;;5047.0
Departamento;Santa Fe;1;1;0;70;5775.0;3675.0;528.5
Departamento;Roma;1;1;0;65;7700.0;4837.0;385.0
Departamento;Santa Fe;4;2;1;170;15050.0;6678.0;1099.0
Departamento;Santa Fe;3;2;1;105;12600.0;6692.0;1372.0
Conjunto Comercial/Sala;Centro Histórico;0;0;0;72;6300.0;6650.0;1060.5
Conjunto Comercial/Sala;Centro Histórico;0;0;0;80;1050.0;;
Conjunto Comercial/Sala;Centro Histórico;0;0;0;31;2450.0;1627.5;294.0
Departamento;Condesa;3;0;1;110;10500.0;3500.0;70.0
Departamento;Coyoacán;4;2;2;163;21000.0;8050.0;1400.0
Conjunto Comercial/Sala;Centro Histórico;0;0;0;262;42000.0;14385.0;4781.0
Conjunto Comercial/Sala;Roma;0;1;0;130;38500.0;9800.0;1925.0
Conjunto Comercial/Sala;Condesa;0;0;0;60;7000.0;3500.0;364.0
Departamento;Roma;2;1;0;60;8400.0;2205.0;455.0
Departamento;Narvarte;3;1;0;86;6650.0;2362.5;385.0
Departamento;Coyoacán;4;2;1;200;33250.0;12950.0;3230.5
Departamento;Santa Fe;3;2;1;137;15750.0;4942.0;1400.0
Casa;Roma;4;2;0;221;45500.0;;
Departamento;Condesa;2;0;0;81;8330.0;1400.0;
Cocineta;La Condesa;1;0;0;26;3150.0;1407.0;
Terreno Estándar;Nativitas;0;0;0;9080;77000.0;;59563.0
Casa;Polanco;5;5;4;450;122500.0;;5390.0
Departamento;Santa Fe;4;2;2;180;40250.0;7000.0;
Conjunto Comercial/Sala;Santa Fe;0;0;0;27;4200.0;2800.0;
Departamento;Coyoacán;3;1;1;140;25200.0;10384.5;
Departamento;Coyoacán;2;0;0;63;14000.0;2492.0;602.0
Departamento;Condesa;3;0;1;160;13650.0;2541.0;427.0
Departamento;Narvarte;2;1;0;64;5950.0;3286.5;80.5
Cocineta;Villa Coapa;1;0;0;35;2345.0;;
Departamento;Roma;3;1;0;94;11900.0;4900.0;4900.0
Tienda/Salón;Centro Histórico;0;1;0;360;63000.0;22512.0;5467.0
Casa;Atlampa;2;0;2;63;8050.0;;
Conjunto Comercial/Sala;Centro Histórico;0;0;0;771;229383.0;52244.5;10090.5
Conjunto Comercial/Sala;Narvarte;0;0;0;30;2730.0;2219.0;294.0
Departamento;Lomas de Chapultepec;2;1;0;93;12250.0;5215.0;553.0
Departamento;Nativitas;2;1;0;81;7700.0;3307.5;329.0
Conjunto Comercial/Sala;Centro Histórico;0;0;0;550;35000.0;25130.0;6065.5
Departamento en Hotel;Roma;1;0;0;55;9800.0;4098.5;4182.5
Departamento;Santa Fe;2;1;1;72;9100.0;2789.5;2352.0
Tienda/Salón;Iztapalapa;0;0;0;100;20300.0;;
Departamento;Santa Fe;2;1;0;80;10500.0;7000.0;770.0
Departamento;Santa Fe;2;1;1;80;7350.0;4077.5;399.0
Departamento;Polanco;2;1;1;80;10500.0;5250.0;560.0
Departamento;Lomas de Chapultepec;3;1;1;190;33250.0;10500.0;2135.0
Departamento;Coyoacán;2;1;2;86;49000.0;14875.0;2065.0
Tienda/Salón;Santa Fe;0;2;0;90;11900.0;4172.0;1617.0
Cocineta;Coyoacán;1;0;1;45;7700.0;1960.0;175.0
Conjunto Comercial/Sala;Centro Histórico;0;6;0;988;328510.0;89950.0;
Departamento;Santa Fe;2;2;1;83;8050.0;3440.5;1218.0
Departamento;Nativitas;2;0;0;44;2275.0;385.0;
Conjunto Comercial/Sala;Centro Histórico;0;0;0;600;157500.0;35700.0;8400.0
Departamento;Lomas de Chapultepec;2;0;0;70;17500.0;3500.0;479.5
Departamento;Coyoacán;3;1;1;170;21000.0;7000.0;1452.5
Departamento;Coyoacán;3;3;3;169;31500.0;7000.0;2170.0
Departamento;Coyoacán;4;2;2;330;59500.0;27825.0;5862.5
Departamento;Lomas de Chapultepec;4;2;1;140;29750.0;6860.0;1225.0
Edificio Completo;Centro Histórico;0;10;0;860;34300.0;;
Tienda/Salón;Centro Histórico;0;0;0;60;27300.0;;
Cochera/Estacionamiento;Coyoacán;0;1;0;5;1400.0;;
Departamento;Santa Fe;2;1;1;105;19250.0;9800.0;2065.0
Tienda/Salón;Centro Histórico;0;0;0;150;84000.0;;245.0
Casa;Santa Marta Acatitla;2;0;0;40;1750.0;;
Departamento;Santa Fe;2;2;1;200;33250.0;5950.0;1855.0
Conjunto Comercial/Sala;Centro Histórico;0;18;0;970;305392.5;94125.5;9331.0
Conjunto Comercial/Sala;Centro Histórico;0;0;0;150;31500.0;19085.5;4256.0
Departamento;Coyoacán;2;1;0;80;12600.0;3206.0;700.0
Departamento;San Andrés Tetepilco;2;0;0;40;2800.0;560.0;
Departamento;Polanco;2;2;1;74;10325.0;4980.5;878.5
Conjunto Comercial/Sala;Coyoacán;0;0;0;68;21000.0;3381.0;213.5
Departamento;Del Valle;3;0;0;80;7700.0;1155.0;311.5
Conjunto Comercial/Sala;Centro Histórico;0;9;0;1096;306880.0;65212.0;
Departamento;Coyoacán;4;2;1;200;28000.0;5775.0;2625.0
Departamento;San Miguel Chapultepec;2;1;0;87;5600.0;1760.5;70.0
Conjunto Comercial/Sala;Condesa;0;0;0;32;4375.0;1578.5;
Departamento;Santa Fe;2;1;1;82;7000.0;4270.0;665.0
Casa de Condominio;Santa Fe;5;2;4;285;33250.0;2100.0;1750.0
Departamento;San Ángel;1;1;0;50;8750.0;2835.0;458.5
Departamento;Condesa;3;0;0;130;12075.0;4844.0;
Cocineta;Condesa;1;0;0;23;4200.0;1505.0;87.5
Terreno Estándar;Mixcoac;0;0;0;2900;70000.0;;
Conjunto Comercial/Sala;Santa Fe;0;2;0;64;8750.0;6125.0;392.0
Departamento;Lomas de Chapultepec;3;1;1;100;19250.0;4630.5;850.5
Conjunto Comercial/Sala;Narvarte;0;0;0;29;3500.0;1865.5;290.5
Conjunto Comercial/Sala;Centro Histórico;0;0;0;34;2450.0;1400.0;294.0
Departamento;Santa Fe;2;2;1;86;6650.0;4550.0;402.5
Departamento;Condesa;5;2;2;389;47740.0;13387.5;4035.5
Galpón/Depósito/Almacén;Loma Bonita;0;0;0;19603;227500.0;;30450.0
Departamento;Santa Fe;4;3;4;266;52500.0;12950.0;2422.0
Departamento;Coyoacán;2;1;1;86;42000.0;;
Departamento;Santa Fe;4;3;1;170;14700.0;8750.0;1274.0
Departamento;Condesa;2;0;0;65;7700.0;2901.5;532.0
Departamento;Coyoacán;2;0;0;70;13125.0;2450.0;1750.0
Departamento;Bosques de las Lomas;4;4;4;310;98000.0;14801.5;5978.0
Departamento;Centro Histórico;1;0;0;37;4200.0;1085.0;73.5
Departamento;Santa Fe;3;2;1;112;12250.0;5250.0;738.5
Departamento;Condesa;3;2;1;170;28000.0;6650.0;1750.0
Departamento;Nativitas;2;1;0;91;3150.0;1190.0;
Tienda/Salón;Narvarte;0;0;0;105;10150.0;;
Departamento;Lomas de Chapultepec;3;1;1;220;30100.0;11550.0;
Conjunto Comercial/Sala;Centro Histórico;0;0;0;103;3465.0;6321.0;2418.5
Conjunto Comercial/Sala;Centro Histórico;0;0;0;75;3500.0;4242.0;882.0
Departamento;Santa Fe;3;2;1;85;12250.0;4935.0;927.5
Casa Comercial;Coyoacán;0;0;0;280;122500.0;;
Departamento;Coyoacán;3;1;1;125;21000.0;7000.0;917.0
Casa;San Andrés Tetepilco;2;0;0;27;3150.0;;
Departamento;Santa Fe;2;1;1;71;6650.0;1715.0;280.0
Casa;Santa Fe;4;0;2;400;19250.0;9166.5;
Conjunto Comercial/Sala;Santa Fe;0;2;0;75;14000.0;4200.0;
Casa de Condominio;Santa Fe;4;4;4;674;87500.0;7350.0;7000.0
Departamento en Hotel;Lomas de Chapultepec;1;0;0;56;15050.0;6300.0;
Departamento;Santa Fe;4;3;4;290;42000.0;14000.0;2100.0
Departamento;Doctores;1;0;0;35;2975.0;;
Departamento;Centro Histórico;0;0;0;30;2800.0;1564.5;87.5
Departamento;Narvarte;3;1;1;115;8750.0;4200.0;
Conjunto Comercial/Sala;Centro Histórico;0;0;0;245;70000.0;29995.0;4252.5
Departamento;Lomas de Chapultepec;2;1;0;70;14700.0;3850.0;700.0
Departamento;Peralvillo;3;2;1;108;4550.0;2793.0;406.0
Departamento;Coyoacán;3;2;0;101;13825.0;5950.0;903.0
Departamento;Santa Fe;4;3;4;225;22750.0;9800.0;15050.0
Departamento;Santa Fe;2;1;1;89;8050.0;5075.0;717.5
Tienda/Salón;Santa Fe;0;2;0;200;31500.0;5110.0;3640.0
Departamento;Ciudad de los Deportes;1;1;0;37;1750.0;1127.0;
Departamento;Condesa;1;0;0;35;17500.0;;
Departamento;Santa Fe;4;3;4;227;52496.5;7875.0;1295.0
Departamento;Coyoacán;3;1;1;130;30450.0;6650.0;1050.0
Departamento;Condesa;3;1;3;270;28000.0;7000.0;1834.0
Departamento;Narvarte;3;1;0;56;7350.0;1820.0;
Conjunto Comercial/Sala;Centro Histórico;0;0;0;225;42000.0;18095.0;3685.5
Departamento;Lomas de Chapultepec;4;2;4;200;31500.0;9485.0;3479.0
Conjunto Comercial/Sala;Centro Histórico;0;0;0;36;4550.0;3850.0;595.0
Departamento;Coyoacán;3;2;1;120;14000.0;11200.0;
Conjunto Comercial/Sala;Peralvillo;0;1;0;28;1400.0;1365.0;
Cocineta;Condesa;1;0;0;25;3850.0;1508.5;105.0
Departamento;Peralvillo;2;1;0;80;3500.0;1330.0;
Conjunto Comercial/Sala;Santa Fe;0;4;0;430;47250.0;28000.0;77983.5
Departamento;Roma;3;2;2;130;14521.5;4749.5;1137.5
Departamento;Santa Fe;3;2;1;115;11200.0;6300.0;1029.0
Tienda/Salón;Santa Fe;0;21;0;485;210000.0;43872.5;27874.0
Departamento;Condesa;3;3;1;140;16800.0;5225.5;1396.5
Departamento;Del Valle;2;1;1;88;8750.0;2929.5;658.0
Tienda/Salón;Santa Fe;0;1;0;38;4900.0;1120.0;997.5
Departamento;Coyoacán;3;1;3;180;105000.0;7700.0;6940.5
Conjunto Comercial/Sala;Centro Histórico;0;0;0;67;8750.0;4060.0;581.0
Departamento en Hotel;Condesa;1;1;0;55;7700.0;4900.0;472.5
Departamento;Coyoacán;4;3;3;330;87500.0;4900.0;1750.0
Departamento;Coyoacán;3;2;1;200;22050.0;7700.0;1354.5
Departamento;Del Valle;3;1;1;120;14000.0;4900.0;700.0
Departamento;Condesa;2;0;0;90;17500.0;3850.0;
Departamento;Coyoacán;3;2;3;320;105000.0;26250.0;5299.0
Departamento;Juárez;2;1;1;65;8750.0;3675.0;238.0
Departamento;Lomas de Chapultepec;3;2;1;196;19950.0;6548.5;1470.0
Conjunto Comercial/Sala;Centro Histórico;0;0;0;60;5250.0;2156.0;273.0
Conjunto Comercial/Sala;Centro Histórico;0;0;0;245;87500.0;29998.5;5600.0
Departamento;Narvarte;3;3;1;152;17500.0;4679.5;1225.0
Conjunto Comercial/Sala;Centro Histórico;0;0;0;88;6611.5;11886.0;602.0
Conjunto Comercial/Sala;Centro Histórico;0;0;0;29;1750.0;1228.5;294.0
Departamento en Hotel;Roma;2;1;1;70;11550.0;5285.0;1001.0
Casa de Condominio;Santa Fe;4;3;4;381;31500.0;2471.0;
Casa Comercial;Roma;12;2;1;380;52500.0;;5740.0
Departamento;Coyoacán;4;2;1;200;33250.0;12950.0;3230.5
Departamento;Lomas de Chapultepec;3;1;1;160;27300.0;5439.0;1991.5
Conjunto Comercial/Sala;Centro Histórico;0;0;0;33;2100.0;2180.5;385.0
Departamento;Del Valle;2;1;0;60;6300.0;3500.0;266.0
Edificio Completo;Roma;0;0;0;800;154000.0;;18200.0
Departamento en Hotel;Coyoacán;1;1;0;50;8750.0;5533.5;
Departamento;Santa Fe;1;1;0;67;12250.0;4550.0;
Departamento;Roma;3;0;0;100;10500.0;3202.5;682.5
Conjunto Comercial/Sala;Santa Fe;0;1;0;27;2800.0;2625.0;
Departamento;Santa Fe;5;3;5;1200;84000.0;24500.0;18655.0
Departamento;Coyoacán;1;0;0;48;7350.0;2051.0;542.5
Departamento;Roma;2;1;1;104;16275.0;4025.0;710.5
Conjunto Comercial/Sala;Santa Fe;0;0;0;70;10465.0;;686.0
Departamento;Lomas de Chapultepec;2;1;1;300;59500.0;3500.0;2100.0
Departamento;Santa Fe;2;2;1;105;5250.0;7402.5;
Departamento;Condesa;1;0;1;46;5246.5;2310.0;238.0
Departamento;Santa Fe;3;3;3;280;42000.0;8680.0;2030.0
Conjunto Comercial/Sala;Centro Histórico;0;0;0;31;2800.0;1274.0;269.5
Casa de Condominio;Lomas de Chapultepec;4;2;0;800;105000.0;7000.0;3500.0
Departamento;Polanco;3;0;1;110;9450.0;5250.0;
Departamento;Santa Fe;3;1;1;96;9800.0;3430.0;315.0
Departamento;Roma;1;0;0;48;5600.0;1750.0;87.5
Departamento;San Rafael;1;0;0;42;3150.0;1564.5;70.0
Conjunto Comercial/Sala;Centro Histórico;0;0;0;30;1750.0;2177.0;329.0
Departamento;Bosques de las Lomas;3;1;1;152;22750.0;6300.0;1470.0
Departamento;Centro Histórico;3;1;1;94;5950.0;3010.0;269.5
Departamento;Condesa;5;2;1;280;45500.0;7857.5;1036.0
Conjunto Comercial/Sala;Villa de Guadalupe;1;1;0;18;3465.0;969.5;
Conjunto Comercial/Sala;Centro Histórico;0;0;0;40;2275.0;2082.5;868.0
Departamento;Narvarte;2;1;0;80;8050.0;2317.0;
Departamento;Polanco;2;1;1;80;10150.0;4725.0;560.0
Departamento;Coyoacán;4;2;4;240;66500.0;15190.0;3157.0
Departamento;Santa Fe;3;2;3;118;14000.0;5075.0;1295.0
Departamento;Coyoacán;4;3;4;180;87500.0;12250.0;3500.0
Departamento;Coyoacán;3;1;1;120;16450.0;5600.0;598.5
Departamento;Coyoacán;3;1;2;130;28000.0;7770.0;1890.0
Tienda/Salón;Narvarte;0;0;0;48;6825.0;15400.0;840.0
Departamento;Bosques de las Lomas;3;2;1;165;24500.0;5593.0;1382.5
Departamento;Santa Fe;4;2;1;260;22750.0;8295.0;2555.0
Conjunto Comercial/Sala;Santa Fe;0;1;0;36;5600.0;2457.0;479.5
Conjunto Comercial/Sala;Coyoacán;0;0;0;43;7000.0;2653.0;1694.0
Conjunto Comercial/Sala;Centro Histórico;0;0;0;35;4200.0;1848.0;
Departamento;Bosques de las Lomas;4;4;2;400;77000.0;8750.0;28000.0
Departamento;Condesa;1;0;0;40;4900.0;3353.0;87.5
Departamento;Coyoacán;3;1;1;160;24500.0;5705.0;1470.0
Departamento;Doctores;2;0;1;70;4550.0;1148.0;
Departamento;Coyoacán;4;4;3;450;122500.0;44852.5;10500.0
Departamento;Condesa;3;1;1;120;15750.0;3150.0;
Casa de Vecindad;Lindavista Sur;2;1;0;71;4200.0;280.0;
Conjunto Comercial/Sala;Villa de Cortés;0;80;0;9600;2016000.0;455070.0;
Departamento;Lomas de Chapultepec;3;1;1;200;19250.0;5880.0;350.0
Departamento;Coyoacán;2;1;0;63;14000.0;2135.0;3815.0
Departamento;Ciudad de los Deportes;2;1;0;67;3500.0;1669.5;126.0
Departamento en Hotel;Coyoacán;2;1;1;80;38150.0;13930.0;1750.0
Tienda/Salón;Lomas de Chapultepec;0;0;0;40;23800.0;;
Cocineta;Lomas de Chapultepec;1;0;0;30;5600.0;1960.0;101.5
Departamento;Bosques de las Lomas;3;1;1;128;21000.0;4200.0;1221.5
Departamento;Lomas de Chapultepec;1;1;0;81;19250.0;5320.0;1781.5
Conjunto Comercial/Sala;Centro Histórico;0;0;0;30;2800.0;1078.0;
Departamento;Condesa;4;1;1;206;18900.0;6650.0;1358.0
Conjunto Comercial/Sala;Bosques de Aragón;0;0;0;300;29750.0;350.0;3325.0
Conjunto Comercial/Sala;Santa Fe;0;6;0;215;42000.0;27156.5;6541.5
Departamento;Santa Fe;3;2;2;200;31500.0;5950.0;1925.0
Conjunto Comercial/Sala;Centro Histórico;0;0;0;39;1750.0;4550.0;413.0
Departamento;Coyoacán;3;1;1;170;17500.0;8050.0;2100.0
Departamento;San Felipe de Jesús;2;1;0;65;4550.0;980.0;
Departamento;Condesa;1;0;0;45;7000.0;1386.0;
Departamento;Santa Fe;2;1;1;78;7000.0;2975.0;707.0
Conjunto Comercial/Sala;Santa Fe;0;1;0;35;4200.0;3181.5;728.0
Departamento;Santa Fe;2;1;1;66;8015.0;3209.5;
Conjunto Comercial/Sala;Santa Fe;0;1;0;40;4550.0;3640.0;
Casa de Vecindad;Juárez;6;1;1;132;15750.0;700.0;735.0
Departamento;Roma;3;2;1;130;11200.0;4900.0;
Casa de Condominio;Santa Fe;5;3;5;775;87500.0;7469.0;73454.5
Departamento;Tlalpan;2;0;0;80;9100.0;1855.0;294.0
Departamento;Condesa;1;0;0;59;6300.0;2100.0;437.5
Departamento;Iztacalco;2;1;0;70;3500.0;1925.0;
Departamento;Peralvillo;3;1;1;76;5250.0;2450.0;2800.0
Tienda en Centro Comercial;Centro Histórico;0;0;0;91;70000.0;;3927.0
Departamento;Coyoacán;4;1;4;500;84000.0;10850.0;
Departamento;Centro Histórico;1;0;0;43;3500.0;1400.0;63.0
Departamento;Santa Fe;2;1;1;70;7000.0;3325.0;280.0
Departamento;Napoles;4;2;1;400;38500.0;11200.0;4777.5
Departamento;Condesa;3;1;1;100;15750.0;2618.0;402.5
Departamento;Polanco;6;2;1;320;47250.0;9800.0;26771.5
Departamento;Coyoacán;3;2;1;160;22050.0;7700.0;1732.5
Edificio Completo;Santa Fe;0;4;0;360;52500.0;5950.0;
Departamento;Condesa;3;1;3;300;26250.0;8015.0;1834.0
Departamento;Condesa;3;0;0;110;9450.0;3500.0;70.0
Conjunto Comercial/Sala;Lomas de Chapultepec;0;1;0;112;80500.0;14000.0;4550.0
Cocineta;Tlalpan;1;0;0;35;4550.0;1050.0;
Departamento;San Andrés Tetepilco;2;0;0;60;3325.0;;
Conjunto Comercial/Sala;Centro Histórico;0;0;0;36;2450.0;4137.0;304.5
Casa de Condominio;Santa Fe;4;4;3;256;27650.0;5232.5;2450.0
Casa;Santa Fe;5;2;5;320;56000.0;3500.0;2800.0
Departamento en Hotel;Condesa;1;0;0;61;9800.0;5600.0;770.0
Departamento;Roma;3;1;1;120;17500.0;3080.0;759.5
Cocineta;Roma;1;0;0;25;5600.0;1575.0;105.0
Departamento;Lomas de Chapultepec;3;2;1;155;41650.0;3521.0;1155.0
Departamento en Hotel;Coyoacán;2;1;0;86;19250.0;7000.0;
Conjunto Comercial/Sala;Santa Fe;0;36;0;1200;294350.0;147000.0;
Departamento;Santa Fe;1;1;0;58;4900.0;5684.0;1099.0
Loft;Condesa;1;1;1;46;10500.0;;
Departamento;Napoles;2;0;0;87;9100.0;2520.0;710.5
Departamento;Condesa;2;2;1;95;13650.0;3629.5;
Cocineta;Centro Histórico;0;0;0;20;2450.0;875.0;52.5
Departamento;Coyoacán;1;0;0;34;5250.0;1414.0;98.0
Casa de Condominio;Santa Fe;4;2;1;258;22750.0;5250.0;2275.0
Conjunto Comercial/Sala;Santa Fe;0;1;0;50;2450.0;5320.0;913.5
Tienda/Salón;Ciudad de los Deportes;0;0;0;60;5250.0;;
Conjunto Comercial/Sala;Iztacalco;0;0;0;35;2800.0;2275.0;
Conjunto Comercial/Sala;Santa Fe;0;1;0;45;5950.0;3332.0;588.0
Departamento;Lomas de Chapultepec;2;1;1;100;12250.0;6755.0;1365.0
Departamento;Narvarte;3;1;1;140;9800.0;4410.0;
Conjunto Comercial/Sala;San Pedro de los Pinos;0;0;0;31;3325.0;1435.0;168.0
Departamento;Santa Fe;4;3;2;230;26250.0;15050.0;2975.0
Departamento;Napoles;3;1;0;97;9800.0;3685.5;654.5
Departamento;Santa Fe;1;1;1;70;7700.0;3325.0;420.0
Departamento;Polanco;4;2;1;150;24500.0;3850.0;1365.0
Departamento;Condesa;3;1;2;190;17500.0;9100.0;1750.0
Departamento;Coyoacán;3;1;1;132;23800.0;5250.0;1155.0
Casa;Jardines de San Mateo;1;0;0;40;2450.0;;
Departamento;Coyoacán;4;2;4;370;105000.0;19974.5;6566.0
Departamento;Napoles;2;0;0;75;9450.0;3073.0;
Departamento;Coyoacán;2;1;0;75;12600.0;2800.0;
Departamento;Lomas de Chapultepec;3;1;1;116;23800.0;5148.5;1365.0
Conjunto Comercial/Sala;Condesa;0;0;0;27;3500.0;2618.0;
Departamento;Santa Fe;1;1;1;84;14000.0;6825.0;1330.0
Departamento;Lomas de Chapultepec;3;1;2;129;35000.0;4431.0;994.0
Departamento;Roma;3;1;1;102;17850.0;4585.0;948.5
Departamento;Lomas de Chapultepec;3;2;1;180;17500.0;13650.0;1697.5
Departamento;Nativitas;2;1;0;55;4550.0;1225.0;
Cocineta;Juárez;0;0;0;22;3500.0;1396.5;
Departamento;San Ángel;4;4;4;600;24325.0;19820.5;5736.5
Departamento;Juárez;1;1;0;35;8750.0;1820.0;87.5
Departamento;Tlalpan;3;1;0;110;19250.0;5082.0;1270.5
Departamento;Santa Fe;4;2;1;125;12950.0;4725.0;1820.0
Departamento;Lomas de Chapultepec;4;2;4;160;33250.0;9485.0;4039.0
Departamento;Del Valle;2;1;0;80;8050.0;2516.5;325.5
Departamento;Santa Fe;2;1;1;85;8750.0;3773.0;591.5
Departamento;Santa Fe;2;1;1;65;7206.5;3500.0;
Departamento;Santa Fe;3;2;1;150;42000.0;9100.0;24500.0
Tienda/Salón;Centro Histórico;0;0;0;2031;525000.0;;
Conjunto Comercial/Sala;Lomas de Chapultepec;0;0;0;70;21000.0;2520.0;875.0
Conjunto Comercial/Sala;Santa Fe;0;1;0;27;2800.0;2835.0;
Casa de Vecindad;Doctores;2;0;0;100;5250.0;525.0;175.0
Departamento;Condesa;2;0;0;60;8050.0;1837.5;91.0
Conjunto Comercial/Sala;Condesa;0;0;0;30;2450.0;1893.5;353.5
Departamento;Santa Fe;4;4;2;247;52500.0;9450.0;38500.0
Conjunto Comercial/Sala;Centro Histórico;0;0;0;679;122500.0;3850.0;
Departamento;Coyoacán;3;1;1;150;19250.0;8050.0;2100.0
Departamento;Ciudad de los Deportes;2;1;0;48;2275.0;969.5;45.5
Departamento;Condesa;3;1;1;100;10500.0;2663.5;332.5
Departamento;Santa Fe;3;3;3;230;28000.0;13650.0;22813.0
Tienda en Centro Comercial;Santa Fe;0;2;0;32;8750.0;6139.0;2485.0
Departamento;Condesa;1;0;0;35;5950.0;1172.5;
Departamento;Narvarte;3;1;0;77;7350.0;2667.0;318.5
Galpón/Depósito/Almacén;Barrio Bravo;0;0;0;1000;87500.0;;
Departamento;Santa Fe;4;3;3;179;28000.0;7000.0;15624.0
Conjunto Comercial/Sala;Centro Histórico;0;0;0;577;100957.5;42402.5;6265.0
Departamento;Juárez;2;1;0;71;7700.0;2537.5;381.5
Tienda/Salón;Napoles;0;0;0;2;700.0;;
Departamento;Lomas de Chapultepec;4;2;2;180;38500.0;9975.0;
Conjunto Comercial/Sala;Santa Fe;0;0;0;26;7000.0;3850.0;542.5
Departamento;Lomas de Chapultepec;2;1;0;76;14700.0;3850.0;700.0
Departamento;Del Valle;1;0;0;30;2975.0;;
Departamento;Centro Histórico;1;0;0;35;4725.0;1610.0;
Conjunto Comercial/Sala;Centro Histórico;0;0;0;70;4550.0;4200.0;770.0
Departamento;Condesa;2;0;0;64;7000.0;3080.0;535.5
Casa;Polanco;4;3;3;500;64750.0;;3475.5
Departamento;Condesa;4;1;0;200;14000.0;7000.0;7203.0
Conjunto Comercial/Sala;La Condesa;0;1;0;33;3150.0;1610.0;297.5
Departamento;Santa Fe;4;3;3;225;43750.0;20440.0;42000.0
Departamento;Roma;2;1;1;65;17150.0;5250.0;875.0
Conjunto Comercial/Sala;Centro Histórico;0;0;0;703;184537.5;52605.0;8904.0
Departamento;La Condesa;1;0;0;42;5250.0;1575.0;175.0
Departamento;Narvarte;3;0;0;61;6300.0;1634.5;217.0
Departamento;Narvarte;3;0;0;110;5250.0;2380.0;297.5
Departamento;Roma;1;1;0;90;12600.0;3605.0;1225.0
Tienda/Salón;Centro Histórico;0;0;0;70;14000.0;;
Departamento;Santa Fe;2;1;1;70;5950.0;3850.0;
Tienda/Salón;Juárez;0;0;0;60;28000.0;2555.0;1120.0
Edificio Completo;Del Valle;27;6;0;671;42000.0;;
Conjunto Comercial/Sala;Roma;0;3;0;240;63000.0;32840.5;5747.0
Departamento;Nativitas;2;0;0;43;3500.0;420.0;
Departamento;Condesa;1;0;0;40;8750.0;;
Departamento;Condesa;2;1;1;93;10500.0;3034.5;861.0
Cocineta;Juárez;1;0;0;24;4200.0;1575.0;84.0
Cocineta;Condesa;1;0;0;25;3500.0;1715.0;196.0
Departamento;Santa Fe;3;2;0;105;11550.0;4116.0;1022.0
Departamento;Coyoacán;3;2;1;163;24500.0;11900.0;2170.0
Departamento;Coyoacán;2;1;2;85;15750.0;4550.0;563.5
Departamento;El Contadero;3;2;1;200;6825.0;1960.0;682.5
Departamento;Coyoacán;4;2;1;257;28000.0;9800.0;2380.0
Departamento;Napoles;2;0;0;77;10500.0;2205.0;4525.5
Conjunto Comercial/Sala;Centro Histórico;0;0;0;321;61792.5;20825.0;6209.0
Departamento;Roma;2;0;0;62;7700.0;2726.5;420.0
Conjunto Comercial/Sala;Santa Fe;0;1;0;36;5250.0;2537.5;476.0
Tienda/Salón;Centro Histórico;0;0;0;433;87500.0;7000.0;8400.0
Conjunto Comercial/Sala;Centro Histórico;0;6;0;1299;363751.5;68201.0;13639.5
Conjunto Comercial/Sala;Centro Histórico;0;0;0;115;14000.0;14423.5;1928.5
Conjunto Comercial/Sala;Santa Fe;0;1;0;38;2450.0;1575.0;700.0
Conjunto Comercial/Sala;Condesa;0;0;0;40;3850.0;1505.0;
Departamento;Condesa;3;1;1;150;20300.0;;
Tienda en Centro Comercial;Moctezuma;0;0;0;35;6650.0;;
Departamento;Coyoacán;4;2;1;200;33250.0;12600.0;5257.0
Departamento;Bosques de las Lomas;2;1;1;70;9100.0;5439.0;815.5
Departamento;Condesa;2;1;0;80;9800.0;2975.0;420.0
Conjunto Comercial/Sala;Centro Histórico;0;18;0;3722;351729.0;35.0;
Departamento;La Condesa;2;0;0;90;7350.0;2800.0;458.5
Conjunto Comercial/Sala;Centro Histórico;0;38;0;5902;1239420.0;467880.0;48748.0
Departamento;Condesa;2;0;1;86;13300.0;2100.0;6370.0
Departamento;Narvarte;2;1;0;75;8050.0;1750.0;
Conjunto Comercial/Sala;Santa Fe;0;0;0;23;2100.0;1277.5;406.0
Conjunto Comercial/Sala;Coyoacán;0;1;0;90;28000.0;6125.0;2285.5
Departamento;Roma;2;0;1;82;9100.0;2905.0;
Cocineta;Condesa;0;0;0;20;2450.0;2485.0;280.0
Departamento;Del Valle;3;0;0;108;9100.0;3150.0;
Tienda/Salón;Roma;0;0;0;255;17500.0;;3745.0
Tienda/Salón;Lindavista;0;0;0;56;9100.0;2660.0;
Cocineta;Condesa;1;0;0;35;8400.0;1750.0;875.0
Departamento;La Condesa;1;0;0;43;5250.0;1785.0;168.0
Conjunto Comercial/Sala;Centro Histórico;0;0;0;293;51296.0;15855.0;3682.0
Tienda en Centro Comercial;Centro Histórico;0;0;0;179;19250.0;10360.0;1960.0
Casa de Condominio;Santa Fe;4;3;3;260;27650.0;5232.5;2450.0
Departamento;Santa Fe;4;3;4;234;40250.0;11529.0;1904.0
Conjunto Comercial/Sala;Centro Histórico;0;3;0;135;44800.0;9625.0;2744.0
Conjunto Comercial/Sala;Santa Fe;0;1;0;28;3465.0;2810.5;1183.0
Conjunto Comercial/Sala;Centro Histórico;0;0;0;320;35000.0;13650.0;3773.0
Tienda en Centro Comercial;Santa Fe;0;1;0;100;22750.0;4550.0;
Departamento;Santa Fe;3;2;1;140;15750.0;5554.5;
Conjunto Comercial/Sala;Centro Histórico;0;0;0;37;4165.0;3290.0;
Departamento;Santa Fe;1;1;0;74;5600.0;3734.5;
Departamento;Santa Fe;4;2;1;160;12250.0;4112.5;21525.0
Departamento;Condesa;3;1;1;156;13650.0;2800.0;
Casa;Polanco;5;4;4;2252;122500.0;;6279.0
Departamento;Narvarte;2;0;0;65;5250.0;1750.0;
Casa Comercial;Roma;0;0;0;212;16800.0;;1410.5
Cocineta;Condesa;0;0;0;42;3500.0;1732.5;87.5
Casa de Condominio;Santa Fe;5;4;4;628;38500.0;5950.0;7700.0
Departamento;Santa Fe;3;2;2;160;28000.0;10150.0;2117.5
Conjunto Comercial/Sala;Santa Fe;0;6;0;350;45500.0;24780.0;8841.0
Departamento;Condesa;1;0;0;40;7000.0;1785.0;
Casa de Condominio;Santa Fe;4;6;4;500;87500.0;5551.0;4543.0
Conjunto Comercial/Sala;Narvarte;0;0;0;600;77000.0;21000.0;
Departamento;Santa Fe;2;1;1;70;8400.0;3395.0;269.5
Departamento;Condesa;2;0;0;84;9800.0;2387.0;402.5
Departamento;Santa Fe;5;4;5;1147;84000.0;19600.0;6300.0
Departamento;Santa Fe;4;3;4;352;42000.0;14637.0;5726.0
Conjunto Comercial/Sala;Centro Histórico;0;0;0;414;56000.0;24500.0;5229.0
Departamento;Bosques de las Lomas;3;2;1;100;10850.0;4490.5;
Conjunto Comercial/Sala;Centro Histórico;0;0;0;126;7700.0;4025.0;805.0
Departamento;Santa Fe;3;2;1;200;17500.0;6650.0;805.0
Departamento;Narvarte;1;1;0;65;5950.0;1753.5;
Departamento;Lomas de Chapultepec;3;1;1;155;24500.0;9100.0;1750.0
Departamento;La Florida;2;1;0;73;3150.0;;45.5
Edificio Completo;Centro Histórico;0;0;0;860;35000.0;;
Galpón/Depósito/Almacén;Santa Marta Acatitla;0;12;0;4650;328650.0;6510.0;17920.0
Conjunto Comercial/Sala;Santa Fe;0;2;0;72;9800.0;8911.0;1946.0
Departamento;Santa Fe;2;1;1;70;12250.0;4200.0;962.5
Departamento;Santa Fe;2;1;1;74;9800.0;4410.0;756.0
Conjunto Comercial/Sala;Condesa;0;0;0;22;2800.0;2030.0;
Departamento;Lomas de Chapultepec;3;2;1;170;42000.0;9800.0;1715.0
Conjunto Comercial/Sala;Santa Fe;0;1;0;31;3500.0;2600.5;196.0
Departamento;Santa Fe;2;1;1;93;9100.0;2800.0;787.5
Conjunto Comercial/Sala;Villa de Cortés;0;12;0;1849;420647.5;146576.5;15270.5
Departamento;Condesa;2;1;0;74;10325.0;4025.0;479.5
Departamento;Santa Fe;2;1;0;78;8400.0;4200.0;269.5
Galpón/Depósito/Almacén;Nativitas;0;0;0;542;21000.0;;
Departamento;Lomas de Chapultepec;3;2;1;180;35000.0;5950.0;1400.0
Casa de Condominio;Santa Fe;5;4;5;300;31500.0;2030.0;2380.0
Conjunto Comercial/Sala;Centro Histórico;0;0;0;10;19995.5;;
Cocineta;Centro Histórico;1;0;0;31;3850.0;1680.0;
Conjunto Comercial/Sala;Santa Fe;0;1;0;33;4900.0;3006.5;763.0
Departamento;Santa Fe;1;1;1;60;6300.0;1900.5;3850.0
Casa Comercial;Roma;0;0;0;450;52500.0;;7000.0
Casa de Vecindad;Nativitas;2;0;0;80;4585.0;;
Conjunto Comercial/Sala;Centro Histórico;0;0;0;106;16450.0;11805.5;1830.5
Departamento;Lomas de Chapultepec;3;3;2;250;87500.0;;
Departamento;La Florida;3;2;1;154;5950.0;2625.0;878.5
Conjunto Comercial/Sala;Centro Histórico;0;0;0;129;9800.0;6443.5;1855.0
Departamento;Condesa;1;0;0;35;4200.0;1400.0;87.5
Departamento;San Pedro de los Pinos;2;1;1;91;10500.0;3510.5;1050.0
Tienda/Salón;Condesa;0;1;0;67;7700.0;9310.0;4483.5
Departamento;Santa Fe;3;2;1;114;5250.0;4945.5;
Departamento;Lomas de Chapultepec;4;2;2;200;54250.0;21000.0;3272.5
Departamento;Condesa;1;0;0;33;4900.0;1963.5;101.5
Conjunto Comercial/Sala;Centro Histórico;0;0;0;195;52500.0;21105.0;2544.5
Conjunto Comercial/Sala;Centro Histórico;0;0;0;70;6300.0;2695.0;
Departamento en Hotel;Del Valle;1;1;0;39;9100.0;3395.0;329.0
Departamento;Santa Fe;2;1;1;90;7350.0;5215.0;4763.5
Casa de Condominio;San Gregorio Atlapulco;2;1;0;60;2800.0;1050.0;
Departamento;Santa Fe;3;2;3;144;14000.0;5950.0;623.0
Departamento;Coyoacán;3;1;1;180;42000.0;7350.0;2275.0
Departamento;Juárez;2;0;0;65;8400.0;2005.5;367.5
Conjunto Comercial/Sala;Centro Histórico;0;0;0;315;55125.0;19645.5;5463.5
Conjunto Comercial/Sala;Historiadores;0;0;0;350;49000.0;29575.0;7280.0
Departamento;Coyoacán;3;1;1;125;19250.0;5985.0;
Conjunto Comercial/Sala;Santa Fe;0;1;0;60;4550.0;4900.0;773.5
Edificio Completo;Narvarte;0;0;0;400;42000.0;;
Conjunto Comercial/Sala;Narvarte;0;2;0;50;8400.0;2800.0;588.0
Departamento;Condesa;3;0;0;90;4200.0;;
Departamento;Santa Fe;4;3;2;220;27650.0;9800.0;3850.0
Departamento;Roma;1;0;0;19;3430.0;1683.5;101.5
Departamento;Santa Fe;2;2;1;180;8050.0;5600.0;
Departamento;San Rafael;1;1;1;80;5250.0;2394.0;297.5
Conjunto Comercial/Sala;Santa Fe;0;1;0;25;6300.0;2450.0;
Conjunto Comercial/Sala;Centro Histórico;0;0;0;222;52500.0;10213.0;4938.5
Departamento;Nativitas;2;1;0;55;2975.0;1057.0;
Departamento;Coyoacán;3;1;1;170;29750.0;5775.0;1540.0
Departamento;Condesa;3;0;1;74;11550.0;2628.5;483.0
Tienda/Salón;Polanco;0;0;0;204;42000.0;2817.5;7672.0
Departamento;Condesa;2;0;0;200;38500.0;7297.5;21819.0
Conjunto Comercial/Sala;Centro Histórico;0;0;0;50;10150.0;3664.5;577.5
Departamento;Condesa;2;1;1;100;10500.0;4550.0;630.0
Conjunto Comercial/Sala;Mixcoac;0;0;0;22;1575.0;;231.0
Galpón/Depósito/Almacén;Nativitas;0;0;0;1400;49000.0;;
Departamento;Santa Fe;2;1;1;82;6300.0;2940.0;385.0
Departamento;Condesa;3;1;1;200;28000.0;7000.0;1750.0
Departamento;Lomas de Chapultepec;3;2;1;230;18900.0;10489.5;2362.5
Departamento;Condesa;1;0;0;50;6300.0;1190.0;420.0
Conjunto Comercial/Sala;San Pedro de los Pinos;0;1;0;30;5600.0;2698.5;409.5
Departamento;Narvarte;2;0;0;65;5600.0;1575.0;245.0
Departamento;Lomas de Chapultepec;4;2;2;200;24500.0;12250.0;1750.0
Conjunto Comercial/Sala;Centro Histórico;0;6;0;882;246960.0;52479.0;
Casa;Villa Coapa;1;0;0;30;2275.0;;
Conjunto Comercial/Sala;Centro Histórico;0;0;0;46;2450.0;2838.5;521.5
Departamento;Bosques de las Lomas;4;3;2;180;87500.0;10850.0;
Galpón/Depósito/Almacén;Narvarte;0;0;0;232;24150.0;;3727.5
Cocineta;Napoles;1;0;0;36;5600.0;1925.0;84.0
Departamento;Lomas de Chapultepec;4;2;4;230;43750.0;9485.0;5687.5
Departamento en Hotel;Roma;1;1;1;45;6300.0;3745.0;591.5
Conjunto Comercial/Sala;Bosques de Aragón;0;0;0;28;2100.0;1522.5;
Departamento;Santa Fe;2;1;1;70;8750.0;3395.0;245.0
Departamento;Santa Fe;2;0;1;105;21000.0;8575.0;
Departamento;Coyoacán;4;1;3;250;35000.0;8050.0;3675.0
Casa de Condominio;Santa Fe;4;2;3;330;31500.0;3010.0;
Conjunto Comercial/Sala;Centro Histórico;0;0;0;63;3850.0;2275.0;899.5
Departamento;Coyoacán;2;1;2;90;28000.0;13412.0;
Departamento;Condesa;1;0;0;35;4725.0;2275.0;
Conjunto Comercial/Sala;Centro Histórico;0;0;0;30;2275.0;1599.5;276.5
Departamento;Napoles;3;1;1;84;11550.0;4620.0;5159.0
Departamento;Coyoacán;3;1;0;150;24500.0;6142.5;1589.0
Departamento;Coyoacán;2;2;1;90;52500.0;15050.0;1487.5
Departamento;Santa Fe;3;3;2;224;45500.0;13300.0;
Departamento;Lomas de Chapultepec;4;1;2;205;59500.0;21000.0;
Departamento;Condesa;3;1;0;278;21000.0;9100.0;1855.0
Departamento;Condesa;1;2;0;60;10850.0;3503.5;668.5
Departamento;Lomas de Chapultepec;4;5;2;650;105000.0;5250.0;
Departamento en Hotel;Lomas de Chapultepec;2;1;1;90;24325.0;8050.0;574.0
Tienda/Salón;Centro Histórico;0;0;0;58;31500.0;7700.0;
Departamento;Del Valle;2;1;1;90;11900.0;6527.5;735.0
Departamento;San Miguel Chapultepec;1;0;0;50;3500.0;1400.0;
Departamento;Lomas de Chapultepec;3;0;1;80;14000.0;4200.0;871.5
Departamento;Santa Fe;3;3;3;280;42000.0;8680.0;2030.0
Conjunto Comercial/Sala;Centro Histórico;0;0;0;550;52500.0;16100.0;5502.0
Departamento;Condesa;2;0;0;90;8225.0;3374.0;371.0
Departamento;Santa Fe;3;2;1;80;8225.0;4154.5;612.5
Departamento;Lomas de Chapultepec;3;1;1;100;24500.0;4200.0;700.0
Departamento;Narvarte;2;0;0;75;4900.0;2275.0;238.0
Tienda/Salón;Santa Fe;0;1;0;41;6300.0;2975.0;875.0
Casa;San Pedro de los Pinos;4;2;2;430;28000.0;;
Departamento;Coyoacán;2;1;2;85;14000.0;4200.0;4511.5
Departamento;Condesa;1;0;0;46;5600.0;1480.5;332.5
Conjunto Comercial/Sala;Centro Histórico;0;0;0;576;100800.0;31248.0;7234.5
Departamento;Santa Fe;2;2;1;201;19250.0;7241.5;1876.0
Conjunto Comercial/Sala;Santa Fe;0;1;0;36;4550.0;4515.0;
Conjunto Comercial/Sala;Santa Fe;0;1;0;27;1750.0;2625.0;3675.0
Conjunto Comercial/Sala;Lomas de Chapultepec;0;2;0;165;122500.0;23600.5;
Conjunto Comercial/Sala;Centro Histórico;0;0;0;200;21000.0;19145.0;4256.0
Departamento en Hotel;Coyoacán;2;0;1;91;47250.0;15050.0;1557.5
Tienda/Salón;Condesa;0;0;0;320;80500.0;;8309.0
Casa de Condominio;Santa Fe;5;5;5;780;105000.0;5950.0;2800.0
Conjunto Comercial/Sala;Santa Fe;0;1;0;35;2975.0;2562.0;
Conjunto Comercial/Sala;Centro Histórico;0;0;0;30;3850.0;2905.0;297.5
Departamento;Bosques de las Lomas;3;3;1;252;26950.0;;
Departamento;Condesa;4;1;1;240;35000.0;7805.0;1592.5
Cocineta;Coyoacán;1;0;0;28;7000.0;1050.0;87.5
Departamento;Santa Fe;4;3;4;324;35000.0;3675.0;4840.5
Departamento;Condesa;4;0;0;260;15750.0;6573.0;2212.0
Conjunto Comercial/Sala;Centro Histórico;0;0;0;26;2100.0;1862.0;
Departamento;Coyoacán;4;2;1;260;28000.0;9450.0;2380.0
Conjunto Comercial/Sala;Centro Histórico;0;0;0;120;17150.0;4900.0;1330.0
Conjunto Comercial/Sala;Centro Histórico;0;0;0;42;3500.0;3815.0;
Departamento;Villa de Guadalupe;2;1;0;50;3850.0;1400.0;350.0
Departamento;Coyoacán;3;1;1;170;17500.0;8050.0;1855.0
Conjunto Comercial/Sala;Santa Fe;0;2;0;75;6300.0;5250.0;15750.0
Departamento en Hotel;Condesa;2;1;0;60;7000.0;6580.0;560.0
Departamento;Ciudad de los Deportes;2;1;1;79;5250.0;2030.0;273.0
Departamento;Bosques de las Lomas;2;1;1;84;17500.0;8750.0;763.0
Conjunto Comercial/Sala;Santa Fe;0;1;0;55;9800.0;3167.5;1683.5
Departamento;Santa Fe;3;1;3;150;17500.0;7700.0;2100.0
Conjunto Comercial/Sala;Santa Fe;0;200;0;46;5250.0;3069.5;1330.0
Tienda/Salón;Condesa;0;0;0;60;16800.0;;1319.5
Conjunto Comercial/Sala;Roma;0;2;0;400;196000.0;;
Cocineta;Condesa;0;0;0;30;3850.0;1480.5;84.0
Departamento;Santa Fe;2;1;2;95;7525.0;8568.0;1522.5
Departamento;Santa Fe;2;2;2;90;13650.0;7350.0;1400.0
Departamento;Narvarte;4;1;1;129;11200.0;4550.0;644.0
Tienda/Salón;Condesa;3;1;0;260;29750.0;10608.5;
Departamento;Condesa;4;0;0;130;10500.0;3650.5;2698.5
Departamento;San Andrés Tetepilco;2;1;0;55;3500.0;980.0;
Departamento;Condesa;4;1;0;150;12250.0;4840.5;7483.0
Departamento;Santa Fe;4;3;3;197;29750.0;8050.0;12250.0
Departamento;Lomas de Chapultepec;3;2;1;110;17500.0;3605.0;
Departamento;Narvarte;3;0;1;80;6300.0;2275.0;4025.0
Conjunto Comercial/Sala;Condesa;0;0;0;22;13650.0;;850.5
Tienda/Salón;Culhuacán CTM;0;0;0;38;3500.0;;
Departamento;Coyoacán;2;2;2;220;63000.0;6650.0;4550.0
Casa Comercial;Coyoacán;0;0;0;60;42000.0;;
Departamento;Condesa;3;1;1;190;29750.0;4550.0;1190.0
Departamento;Coyoacán;2;0;0;72;14000.0;2285.5;567.0
Departamento;Santa Fe;2;1;1;80;7700.0;4200.0;875.0
Departamento;Lomas de Chapultepec;4;1;2;205;54250.0;21000.0;2702.0
Departamento;Santa Fe;3;2;1;140;21000.0;12810.0;2187.5
Departamento;Santa Fe;3;2;1;110;17500.0;9450.0;
Conjunto Comercial/Sala;Centro Histórico;0;0;0;30;2100.0;2100.0;350.0
Cocineta;Lomas de Chapultepec;0;0;0;34;6125.0;2303.0;339.5
Departamento;Coyoacán;3;1;1;130;18200.0;3850.0;
Departamento;Condesa;3;1;0;225;20300.0;5250.0;1750.0
Departamento;Moctezuma;2;0;0;70;3850.0;;
Tienda/Salón;El Contadero;0;1;0;101;15050.0;1400.0;1155.0
Departamento;Santa Fe;4;3;2;240;21000.0;7700.0;
Departamento;Condesa;4;2;4;336;87500.0;11200.0;
Departamento;Condesa;4;1;3;200;26950.0;8400.0;1260.0
Departamento;Coyoacán;3;2;1;138;24500.0;8750.0;2100.0
Tienda/Salón;Condesa;0;0;0;40;9800.0;;875.0
Cocineta;Centro Histórico;1;0;0;30;3850.0;1540.0;84.0
Cocineta;Condesa;1;0;0;35;8400.0;2142.0;
Departamento;Condesa;3;0;1;160;13650.0;2800.0;448.0
Conjunto Comercial/Sala;Centro Histórico;0;0;0;160;22750.0;13125.0;4784.5
Departamento;Centro Histórico;1;0;0;32;3500.0;1575.0;105.0
Conjunto Comercial/Sala;Condesa;0;0;0;26;4200.0;2625.0;542.5
Departamento;Condesa;4;0;2;255;22750.0;5040.0;15925.0
Conjunto Comercial/Sala;Santa Fe;0;6;0;219;52500.0;25970.0;5600.0
Departamento;Santa Fe;3;2;1;100;9800.0;5250.0;875.0
Conjunto Comercial/Sala;Santa Fe;0;1;0;70;9800.0;4123.0;924.0
Departamento;Santa Fe;2;1;1;75;8575.0;4375.0;679.0
Galpón/Depósito/Almacén;Santa Marta Acatitla;0;4;0;1017;78050.0;22998.5;1953.0
Departamento;Lomas de Chapultepec;1;0;0;25;5775.0;1365.0;94.5
Conjunto Comercial/Sala;Centro Histórico;0;0;0;708;175000.0;50050.0;
Casa;Loma Bonita;2;0;0;100;3325.0;;
Departamento;Ciudad de los Deportes;1;1;0;41;2800.0;1120.0;70.0
Conjunto Comercial/Sala;Lomas de Chapultepec;0;1;0;35;12250.0;2726.5;1564.5
Departamento;Coyoacán;2;1;1;139;22750.0;6300.0;1771.0
Departamento;Loma Bonita;2;0;0;49;1925.0;;
Departamento;Bosques de las Lomas;4;2;1;150;28000.0;6125.0;12600.0
Departamento;Roma;3;1;1;120;8750.0;4200.0;700.0
Departamento;El Contadero;3;1;1;110;9800.0;1925.0;630.0
Departamento;Condesa;2;2;0;87;13300.0;4028.5;1148.0
Conjunto Comercial/Sala;Santa Fe;0;2;0;100;12250.0;6125.0;980.0
Departamento;Santa Fe;4;5;4;370;52500.0;12250.0;2975.0
Conjunto Comercial/Sala;Centro Histórico;0;0;0;750;140000.0;25200.0;7063.0
Conjunto Comercial/Sala;Santa Fe;0;2;0;65;9800.0;8225.0;
Departamento;Tlalnepantla;3;1;0;60;4550.0;1358.0;770.0
Conjunto Comercial/Sala;Santa Fe;0;4;0;130;24500.0;184464.0;42549.5
Conjunto Comercial/Sala;Centro Histórico;0;1;0;457;172546.5;53112.5;7007.0
Conjunto Comercial/Sala;Santa Fe;0;2;0;72;13650.0;3570.0;
Departamento;Santa Fe;1;1;0;65;7700.0;3115.0;465.5
Conjunto Comercial/Sala;Santa Fe;0;1;0;25;3500.0;2131.5;591.5
Conjunto Comercial/Sala;Centro Histórico;0;2;0;210;30800.0;10598.0;4284.0
Conjunto Comercial/Sala;Santa Fe;0;2;0;72;12250.0;9100.0;1946.0
Edificio Completo;Narvarte;0;0;0;950;122500.0;;
Departamento;Narvarte;1;1;0;57;4200.0;2415.0;73.5
Conjunto Comercial/Sala;Centro Histórico;0;1;0;22;2625.0;1365.0;350.0
Departamento;Condesa;3;1;0;194;19250.0;5722.5;
Casa de Vecindad;Moctezuma;2;0;0;80;2800.0;;
Conjunto Comercial/Sala;Coyoacán;0;0;0;25;3500.0;3059.0;
Departamento;Santa Fe;5;3;3;266;31150.0;12250.0;1575.0
Departamento;San Ángel;3;1;3;170;22750.0;8750.0;1750.0
Departamento;Condesa;1;0;0;38;6300.0;2292.5;87.5
Conjunto Comercial/Sala;Centro Histórico;0;0;0;40;3500.0;2058.0;567.0
Conjunto Comercial/Sala;Centro Histórico;0;0;0;500;157500.0;;
Departamento;Santa Fe;1;1;0;40;5250.0;1662.5;3150.0
Departamento;Santa Fe;3;2;3;155;20650.0;6475.0;1172.5
Departamento;Santa Fe;1;1;0;60;8750.0;4200.0;945.0
Departamento;Bosques de las Lomas;4;2;0;348;49000.0;10934.0;3640.0
Departamento;Narvarte;2;1;1;81;5250.0;3080.0;227.5
Conjunto Comercial/Sala;Coyoacán;0;1;0;28;8750.0;5204.5;
Departamento;Roma;2;1;1;75;7700.0;4620.0;574.0
Departamento;Lomas de Chapultepec;1;0;1;58;14000.0;903.0;420.0
Departamento;Santa Fe;2;0;1;58;5250.0;2275.0;
Conjunto Comercial/Sala;Santa Fe;0;2;0;65;10500.0;5040.0;770.0
Departamento;Condesa;1;0;0;50;7700.0;1606.5;266.0
Departamento;Condesa;4;1;1;200;52500.0;6650.0;1596.0
Departamento;Narvarte;2;1;0;52;2100.0;525.0;
Casa;Bosques de las Lomas;4;2;3;409;35000.0;;3587.5
Departamento;Lomas de Chapultepec;4;3;1;170;28000.0;5232.5;1974.0
Conjunto Comercial/Sala;Centro Histórico;0;0;0;67;1750.0;5600.0;
Conjunto Comercial/Sala;Centro Histórico;0;0;0;33;1750.0;2824.5;273.0
Departamento;Santa Fe;3;2;1;95;8050.0;2975.0;672.0
Conjunto Comercial/Sala;Santa Fe;0;1;0;40;5600.0;2275.0;
Conjunto Comercial/Sala;Santa Fe;0;0;0;37;7000.0;4543.0;1004.5
Departamento;Coyoacán;3;1;1;125;15750.0;7374.5;1218.0
Casa de Condominio;Santa Fe;4;2;4;350;45500.0;5250.0;3500.0
Departamento;Condesa;4;1;1;260;19600.0;7000.0;1505.0
Departamento;Santa Fe;4;2;4;257;24500.0;15400.0;
Conjunto Comercial/Sala;Las Águilas;0;1;0;28;2100.0;1925.0;392.0
Departamento;Santa Fe;2;1;1;81;9450.0;4574.5;815.5
Departamento;Condesa;4;0;1;160;13650.0;525.0;805.0
Departamento;Narvarte;3;0;0;80;6475.0;2065.0;350.0
Departamento;Tlalpan;3;2;1;168;26250.0;7602.0;13755.0
Tienda/Salón;Santa Fe;0;1;0;51;14000.0;4655.0;4819.5
Conjunto Comercial/Sala;Centro Histórico;0;0;0;336;70000.0;16520.0;3419.5
Departamento;Coyoacán;3;1;1;140;23800.0;7301.0;1134.0
Conjunto Comercial/Sala;Santa Fe;0;2;0;237;42000.0;10150.0;
Casa de Condominio;Santa Fe;4;4;3;622;35000.0;4830.0;5201.0
Departamento;Lomas de Chapultepec;3;0;0;84;14000.0;3815.0;560.0
Departamento;Santa Fe;3;2;0;140;15750.0;5558.0;
Conjunto Comercial/Sala;Lomas de Chapultepec;0;1;0;160;56000.0;8400.0;4399.5
Departamento;Santa Fe;1;1;0;55;6650.0;4900.0;997.5
Departamento;Coyoacán;3;1;1;126;21000.0;5775.0;2065.0
Conjunto Comercial/Sala;Coyoacán;0;0;0;30;6650.0;3500.0;301.0
Casa Comercial;San Pedro de los Pinos;5;1;0;300;43750.0;;
Departamento;Santa Fe;3;2;3;130;19950.0;2800.0;1575.0
Departamento;Santa Fe;2;1;1;78;9800.0;3675.0;
Departamento;San Miguel Chapultepec;2;1;0;69;5250.0;2240.0;185.5
Casa de Condominio;Santa Fe;6;4;6;700;87500.0;5600.0;4200.0
Departamento;Nueva Santa María;2;1;0;68;2800.0;1869.0;
Conjunto Comercial/Sala;Centro Histórico;0;0;0;62;5600.0;3542.0;934.5
Departamento;Coyoacán;3;1;2;250;34650.0;8400.0;3500.0
Departamento;Condesa;1;0;0;36;9100.0;1820.0;248.5
Conjunto Comercial/Sala;Santa Fe;0;1;0;133;28000.0;;
Conjunto Comercial/Sala;Santa Fe;0;2;0;70;7507.5;5600.0;
Cocineta;Juárez;1;0;0;24;3500.0;1659.0;101.5
Departamento;Santa Fe;4;3;4;233;27650.0;9100.0;1585.5
Casa Comercial;Roma;5;4;0;332;105000.0;;
Departamento;Lomas de Chapultepec;2;1;1;82;12250.0;3920.0;1361.5
Departamento;Lomas de Chapultepec;3;2;3;300;52500.0;15750.0;5950.0
Conjunto Comercial/Sala;Centro Histórico;0;0;0;50;7000.0;4375.0;
Departamento;Narvarte;3;1;0;80;6300.0;2975.0;315.0
Departamento;Santa Fe;3;2;3;115;14000.0;6552.0;1298.5
Departamento;Condesa;1;0;0;50;6300.0;2201.5;416.5
Departamento;Narvarte;2;0;0;71;4550.0;2082.5;185.5
Tienda en Centro Comercial;Santa Fe;0;0;0;30;2800.0;4305.0;2492.0
Departamento;Condesa;3;2;2;123;14700.0;4494.0;1403.5
Conjunto Comercial/Sala;Santa Fe;0;1;0;76;12250.0;6930.0;1302.0
Departamento;Polanco;4;4;2;327;70000.0;11770.5;5250.0
Departamento;Centro Histórico;1;0;0;41;2800.0;1344.0;59.5
Departamento;Roma;1;1;1;45;9100.0;3500.0;
Departamento;Santa Fe;3;2;1;108;13300.0;5425.0;1109.5
Departamento;Nativitas;1;0;0;80;2625.0;;
Departamento;Polanco;4;4;2;327;77000.0;11774.0;4921.0
Departamento;Barrio Bravo;2;1;0;50;2625.0;980.0;
Departamento;Santa Fe;3;3;1;84;7700.0;3850.0;6730.5
Departamento;Narvarte;2;0;0;66;5775.0;1907.5;
Departamento;Villa de Cortés;1;0;0;75;5250.0;;
Conjunto Comercial/Sala;Centro Histórico;0;0;0;39;5950.0;2439.5;875.0
Edificio Completo;Centro Histórico;0;0;0;850;63000.0;;8750.0
Departamento;Santa Fe;2;1;1;78;8750.0;4200.0;262.5
Casa Comercial;Narvarte;0;5;0;400;24500.0;;1802.5
Departamento;Bosques de las Lomas;3;2;1;200;21000.0;9800.0;2499.0
Departamento;Doctores;2;0;0;62;3150.0;1260.0;56.0
Departamento;Santa Fe;4;2;3;160;19250.0;7577.5;1207.5
Departamento;Coyoacán;2;1;2;90;29050.0;11550.0;
Edificio Completo;Narvarte;0;2;0;800;105000.0;;
Tienda/Salón;Santa Fe;0;0;0;178;57449.0;9800.0;4984.0
Departamento;Narvarte;1;0;0;50;5250.0;1788.5;
Departamento;Santa Fe;4;3;2;215;45500.0;12530.0;22680.0
Departamento;Condesa;3;0;1;100;10150.0;3115.0;
Departamento;Peralvillo;2;1;0;64;5950.0;2275.0;2072.0
Departamento;Santa Fe;3;2;2;126;22750.0;9100.0;2761.5
Cocineta;Condesa;1;0;0;30;5775.0;1190.0;1018.5
Conjunto Comercial/Sala;Centro Histórico;0;0;0;484;59500.0;34405.0;7353.5
Departamento;Narvarte;2;0;0;90;5250.0;1680.0;
Departamento;Condesa;2;0;0;86;12600.0;2975.0;406.0
Conjunto Comercial/Sala;Santa Fe;0;2;0;54;3500.0;4480.0;875.0
Departamento;Condesa;3;1;1;110;12250.0;4574.5;640.5
Departamento;San Andrés Tetepilco;1;0;0;30;2975.0;;
Conjunto Comercial/Sala;Centro Histórico;0;0;0;30;2450.0;927.5;
Tienda/Salón;Condesa;0;0;0;13;1750.0;2450.0;350.0
Departamento;Juárez;1;1;0;63;4900.0;1750.0;
Conjunto Comercial/Sala;Roma;0;0;0;5;1046.5;;
Departamento;Álvaro Obregón;3;1;1;85;4550.0;1050.0;
Conjunto Comercial/Sala;Centro Histórico;0;0;0;34;2450.0;2065.0;427.0
Departamento;Lomas de Chapultepec;2;1;1;60;13650.0;3500.0;745.5
Departamento;Santa Fe;2;1;1;92;12250.0;3692.5;1130.5
Departamento;Santa Fe;2;1;1;101;5250.0;8067.5;1067.5
Conjunto Comercial/Sala;Iztacalco;0;0;0;15;875.0;350.0;140.0
Tienda/Salón;Santa Fe;0;1;0;100;17500.0;5344.5;
Departamento;Coyoacán;2;1;1;97;10500.0;2768.5;682.5
Conjunto Comercial/Sala;Santa Fe;0;2;0;85;11200.0;6930.0;1050.0
Departamento;Bosques de las Lomas;3;1;1;75;14000.0;4375.0;1085.0
Departamento;Del Valle;2;1;0;105;9800.0;2852.5;525.0
Departamento;Santa Fe;2;2;0;65;10500.0;2450.0;175.0
Departamento;Roma;1;1;0;42;6300.0;1746.5;203.0
Departamento;Santa Fe;2;1;1;85;8050.0;4112.5;728.0
Conjunto Comercial/Sala;Santa Fe;0;1;0;36;3500.0;3769.5;595.0
Departamento;Lindavista Sur;2;0;0;62;2450.0;1498.0;
Tienda/Salón;Centro Histórico;0;0;0;180;26250.0;;3150.0
Galpón/Depósito/Almacén;Roma Norte;0;0;0;900;45500.0;;59500.0
Departamento;Condesa;1;0;0;40;6650.0;2100.0;245.0
Departamento;Coyoacán;4;4;4;354;87500.0;15526.0;7308.0
Departamento;Lomas de Chapultepec;1;0;1;60;13825.0;2555.0;
Departamento;San Gregorio Atlapulco;2;1;0;75;2450.0;;
Departamento;Roma;2;1;1;74;10850.0;4550.0;623.0
Departamento;San Rafael;1;1;0;50;3500.0;1624.0;87.5
Conjunto Comercial/Sala;Santa Fe;0;1;0;48;9100.0;4088.0;
Conjunto Comercial/Sala;Centro Histórico;0;0;0;28;2625.0;1813.0;584.5
Cocineta;Condesa;1;0;0;28;4375.0;1823.5;87.5
Departamento;Coyoacán;2;0;0;45;10500.0;1995.0;248.5
Departamento;Condesa;4;1;1;200;28700.0;3500.0;1400.0
Departamento;Coyoacán;3;2;1;150;22050.0;7700.0;
Departamento;Roma;3;0;0;78;9625.0;1435.0;427.0
Casa;Bosques de las Lomas;10;0;0;500;91000.0;;9345.0
Galpón/Depósito/Almacén;Lindavista;0;0;0;1600;35000.0;;
Departamento;Bosques de las Lomas;2;0;2;82;8750.0;3710.0;
Departamento;Condesa;1;1;0;45;14000.0;;
Tienda/Salón;Roma;0;1;0;55;21000.0;;11679.5
Departamento;Coyoacán;2;1;1;135;25900.0;4270.0;1001.0
Edificio Completo;Centro Histórico;0;0;0;1807;385000.0;;
Conjunto Comercial/Sala;Centro Histórico;0;0;0;2324;406000.0;219618.0;30093.0
Conjunto Comercial/Sala;Centro Histórico;0;0;0;90;7350.0;2450.0;2800.0
Departamento;Condesa;1;0;0;55;6650.0;1974.0;238.0
Departamento;Narvarte;2;1;1;75;6300.0;2345.0;175.0
Conjunto Comercial/Sala;Centro Histórico;0;0;0;576;100800.0;29676.5;7455.0
Departamento;Santa Fe;3;1;1;95;7000.0;4900.0;
Departamento;Santa Fe;3;3;3;160;29750.0;8050.0;1435.0
Departamento;Narvarte;3;1;1;100;5600.0;1120.0;315.0
Departamento;Condesa;1;0;0;40;5950.0;1575.0;
Departamento;Lomas de Chapultepec;1;1;0;60;12250.0;2142.0;528.5
Casa de Condominio;Santa Fe;5;3;5;338;42000.0;3150.0;3500.0
Departamento;Santa Fe;3;1;1;90;9100.0;4200.0;
Departamento;Coyoacán;2;1;1;90;17500.0;9100.0;9450.0
Departamento;Loma Bonita;1;0;0;60;2450.0;;
Departamento;Coyoacán;3;1;1;151;25900.0;6020.0;2471.0
Departamento;Coyoacán;2;2;1;147;26250.0;6650.0;2415.0
Casa Comercial;Narvarte;4;5;0;320;59500.0;;
Casa;Condesa;3;3;0;360;42000.0;;364.0
Conjunto Comercial/Sala;Centro Histórico;0;0;0;149;8750.0;8400.0;
Departamento;Zacatenco;4;2;1;144;7700.0;1662.5;350.0
Conjunto Comercial/Sala;La Condesa;0;10;0;450;52500.0;35000.0;3850.0
Conjunto Comercial/Sala;Polanco;0;1;0;30;7700.0;2450.0;
Conjunto Comercial/Sala;Centro Histórico;0;0;0;160;38500.0;;
Departamento;Del Valle;3;1;0;160;15400.0;4900.0;857.5
Conjunto Comercial/Sala;Lomas de Chapultepec;0;2;0;150;122500.0;26677.0;4676.0
Departamento;Santa Fe;4;3;3;240;22750.0;10780.0;2782.5
Departamento;Condesa;3;1;0;160;12250.0;4200.0;
Tienda/Salón;Centro Histórico;0;0;0;90;14000.0;;70.0
Casa de Condominio;Santa Fe;5;0;5;850;70000.0;7525.0;9100.0
Cocineta;Narvarte;1;0;1;26;2800.0;1690.5;84.0
Departamento;Santa Fe;3;2;1;117;15750.0;3465.0;1750.0
Departamento;Santa Fe;1;2;0;68;7700.0;2978.5;
Departamento en Hotel;Santa Fe;1;1;1;55;15750.0;9810.5;1046.5
Tienda/Salón;Juárez;0;0;0;35;9625.0;;
Departamento;Bosques de las Lomas;4;4;4;400;70000.0;14700.0;52500.0
Conjunto Comercial/Sala;Centro Histórico;0;0;0;295;42000.0;17283.0;2821.0
Conjunto Comercial/Sala;Santa Fe;0;6;0;350;45500.0;24783.5;7252.0
Cocineta;Roma;1;0;0;35;5950.0;1575.0;175.0
Departamento;San Miguel Chapultepec;2;1;0;60;4200.0;665.0;
Conjunto Comercial/Sala;Centro Histórico;0;0;0;155;35000.0;27961.5;2786.0
Tienda/Salón;Coyoacán;0;0;0;144;70000.0;;5435.5
Conjunto Comercial/Sala;Roma;0;0;0;82;17500.0;4917.5;882.0
Departamento;Roma;3;1;1;81;9800.0;3080.0;658.0
Departamento;Narvarte;2;2;1;90;7000.0;3850.0;
Departamento;Santa Fe;5;3;4;231;49000.0;9065.0;1627.5
Departamento;Lomas de Chapultepec;3;1;1;100;21000.0;2450.0;805.0
Departamento;Bosques de las Lomas;3;2;1;117;17150.0;4315.5;2268.0
Cocineta;Condesa;1;0;0;40;4550.0;1330.0;
Conjunto Comercial/Sala;Centro Histórico;0;0;0;70;26250.0;8270.5;815.5
Casa de Condominio;Roma;4;1;0;120;15750.0;525.0;350.0
Tienda/Salón;Centro Histórico;0;0;0;2650;420000.0;;
Departamento;Santa Fe;4;3;4;250;52500.0;10115.0;25900.0
Departamento;Santa Fe;2;1;2;90;9100.0;4550.0;
Departamento;San Miguel Chapultepec;2;1;1;68;5250.0;2450.0;238.0
Departamento;San Jerónimo;4;3;2;190;21000.0;5600.0;1424.5
Departamento;Del Valle;1;1;0;82;5250.0;3955.0;
Departamento;Polanco;3;1;0;80;10500.0;2205.0;87.5
Tienda/Salón;Roma;0;7;0;600;52500.0;27377.0;15050.0
Departamento;Coyoacán;2;3;2;272;42000.0;17314.5;
Conjunto Comercial/Sala;Centro Histórico;0;0;0;217;28000.0;14700.0;3731.0
Departamento;San Pedro de los Pinos;3;0;0;64;3850.0;2023.0;45.5
Departamento;Nueva Santa María;2;0;0;70;3150.0;385.0;
Cochera/Estacionamiento;Centro Histórico;0;0;0;17;1225.0;;
Conjunto Comercial/Sala;Villa de Guadalupe;0;1;0;23;3150.0;2135.0;189.0
Tienda en Centro Comercial;Santa Fe;0;1;0;90;12250.0;3892.0;196.0
Tienda/Salón;Juárez;0;0;0;53;27300.0;1347.5;1200.5
Conjunto Comercial/Sala;Centro Histórico;0;0;0;90;9275.0;3272.5;1001.0
Conjunto Comercial/Sala;Villa de Guadalupe;0;1;0;48;2800.0;2450.0;192.5
Departamento;Lomas de Chapultepec;3;2;1;170;25200.0;8505.0;2471.0
Departamento;Doctores;2;0;0;56;3500.0;2180.5;
Departamento;Condesa;5;1;3;450;105000.0;9800.0;26250.0
Departamento;Bosques de las Lomas;5;3;1;250;31500.0;9345.0;1925.0
Departamento;Lindavista Sur;2;1;0;48;3500.0;1340.5;
Departamento;El Contadero;3;2;1;120;11900.0;1750.0;420.0
Departamento;Nueva Santa María;2;1;0;51;3500.0;1799.0;56.0
Departamento;La Condesa;2;0;0;85;7000.0;2803.5;360.5
Casa de Condominio;Del Valle;6;4;0;650;24500.0;4200.0;2800.0
Departamento;Juárez;1;0;0;30;8750.0;;
Casa de Condominio;Santa Fe;6;5;6;615;70000.0;7000.0;3500.0
Galpón/Depósito/Almacén;Vallejo;0;6;0;2731;248563.0;71095.5;14934.5
Conjunto Comercial/Sala;Juárez;0;5;0;525;165375.0;45937.5;
Conjunto Comercial/Sala;Centro Histórico;0;0;0;118;12250.0;15925.0;2145.5
Tienda/Salón;Santa Fe;0;3;0;270;43750.0;22179.5;15582.0
Conjunto Comercial/Sala;Centro Histórico;0;0;0;95;3500.0;10500.0;1295.0
Departamento en Hotel;Bosques de las Lomas;1;1;1;65;10500.0;5421.5;1666.0
Departamento;Condesa;3;1;0;140;14000.0;5250.0;980.0
Conjunto Comercial/Sala;Coyoacán;0;0;0;130;42000.0;6300.0;
Conjunto Comercial/Sala;Juárez;0;0;0;28;3500.0;1435.0;87.5
Departamento;Lomas de Chapultepec;3;1;0;120;21000.0;6387.5;955.5
Conjunto Comercial/Sala;Centro Histórico;0;0;0;45;5600.0;3150.0;
Departamento;Roma;2;0;0;70;8400.0;2100.0;
Conjunto Comercial/Sala;Santa Fe;0;1;0;57;8750.0;4550.0;1575.0
Departamento;Peralvillo;2;1;0;51;4200.0;2103.5;472.5
Departamento;Condesa;2;0;0;79;9450.0;2905.0;472.5
Tienda/Salón;Roma;0;0;0;585;210000.0;280.0;
Departamento;Bosques de las Lomas;4;4;4;487;105000.0;16100.0;103057.5
Conjunto Comercial/Sala;Centro Histórico;0;0;0;30;1400.0;1648.5;294.0
Departamento;Narvarte;2;1;1;75;6300.0;2170.0;525.0
Conjunto Comercial/Sala;Santa Fe;0;1;0;30;2275.0;2607.5;203.0
Departamento;Santa Fe;2;1;1;72;8750.0;3500.0;
Departamento;Condesa;2;0;0;72;7700.0;2653.0;
Departamento;San Miguel Chapultepec;2;1;0;75;6300.0;875.0;70.0
Departamento;Santa Fe;4;3;1;278;28000.0;11550.0;840.0
Departamento;Santa Fe;3;1;1;97;8050.0;2625.0;
Departamento;Santa Fe;4;3;4;220;35000.0;9765.0;19309.5
Conjunto Comercial/Sala;Centro Histórico;0;0;0;270;28000.0;9310.0;4375.0
Departamento;Condesa;3;0;0;130;12250.0;4830.0;
Departamento;Santa Fe;2;2;1;73;9100.0;4550.0;4900.0
Departamento;Narvarte;2;1;1;86;8750.0;2474.5;
Departamento;Lomas de Chapultepec;4;3;3;380;49000.0;14000.0;3031.0
Departamento;Condesa;2;0;0;71;11550.0;2345.0;367.5
Departamento;Santa Fe;3;2;1;117;15750.0;4060.0;2394.0
Tienda/Salón;Santa Fe;0;2;0;80;9100.0;5978.0;1620.5
Departamento;Lomas de Chapultepec;3;1;1;90;21000.0;4375.0;787.5
Departamento;Condesa;3;1;1;100;26250.0;3675.0;1186.5
Edificio Completo;Roma;0;0;0;372;140000.0;;9929.5
Departamento;Del Valle;2;2;1;160;12250.0;9100.0;
Cocineta;Condesa;1;0;0;30;4130.0;1592.5;245.0
Departamento;Polanco;3;1;1;180;35000.0;6370.0;
Casa;Santa Fe;5;4;3;622;35000.0;3969.0;
Departamento;Roma;2;1;1;101;19425.0;5635.0;948.5
Casa;Del Valle Centro;2;0;0;74;4550.0;;
Departamento;Roma;3;2;1;98;12250.0;3500.0;581.0
Casa de Condominio;Santa Fe;5;3;5;775;87500.0;6125.0;74900.0
Loft;Condesa;1;0;0;30;8400.0;;
Conjunto Comercial/Sala;Centro Histórico;0;10;0;340;53700.5;26036.5;7045.5
Departamento;Narvarte;3;0;0;72;4550.0;1876.0;245.0
Departamento;Condesa;1;0;0;44;6475.0;1750.0;
Departamento;Coyoacán;3;0;1;140;15750.0;5075.0;805.0
Departamento;Santa Fe;4;3;4;262;56000.0;;2450.0
Departamento;Santa Fe;3;1;1;100;11200.0;4200.0;945.0
Departamento;Iztapalapa;3;1;1;115;7000.0;2030.0;560.0
Departamento;Nueva Santa María;2;1;1;55;3850.0;1673.0;52.5
Departamento;Narvarte;1;0;0;50;4550.0;1575.0;210.0
Departamento;Condesa;4;1;2;340;56000.0;6650.0;28000.0
Casa de Condominio;Santa Fe;6;6;5;800;63000.0;3500.0;45500.0
Conjunto Comercial/Sala;Peralvillo;0;1;0;30;3150.0;2100.0;
Cocineta;Roma;1;0;0;21;3150.0;1225.0;84.0
Departamento;Santa Fe;2;1;0;50;4200.0;2334.5;192.5
Departamento;Condesa;2;1;0;95;8750.0;5285.0;696.5
Departamento;Coyoacán;3;1;0;125;17500.0;6825.0;
Conjunto Comercial/Sala;Santa Fe;0;1;0;27;1396.5;2240.0;437.5
Conjunto Comercial/Sala;Roma;0;8;0;605;264687.5;57298.5;17171.0
Departamento;Condesa;3;0;1;118;12250.0;5250.0;525.0
Departamento;Narvarte;1;0;0;39;4900.0;1575.0;164.5
Departamento;Centro Histórico;1;0;0;33;2625.0;1701.0;87.5
Departamento;La Condesa;2;1;1;70;10500.0;1470.0;161.0
Conjunto Comercial/Sala;Santa Fe;0;1;0;28;2100.0;2415.0;283.5
Departamento;Condesa;1;0;0;31;4200.0;2240.0;241.5
Departamento;Bosques de las Lomas;3;2;1;118;17150.0;3850.0;2047.5
Departamento;Lomas de Chapultepec;4;2;1;135;26250.0;6720.0;1277.5
Departamento en Hotel;Santa Fe;1;1;0;58;9800.0;5600.0;1190.0
Departamento;Santa Fe;3;1;1;95;8400.0;4200.0;8445.5
Conjunto Comercial/Sala;Centro Histórico;0;0;0;387;56000.0;13366.5;5782.0
Departamento;Coyoacán;2;0;0;62;12250.0;2730.0;
Departamento;Lomas de Chapultepec;4;3;4;260;42000.0;10850.0;3517.5
Casa de Condominio;Santa Fe;4;4;4;651;122500.0;5950.0;42000.0
Departamento;San Ángel;2;1;1;86;11550.0;2800.0;994.0
Departamento;Lomas de Chapultepec;4;2;1;150;23100.0;3769.5;
Cocineta;Condesa;1;0;0;35;4550.0;1645.0;87.5
Casa de Condominio;Santa Fe;5;0;0;800;77000.0;8400.0;4900.0
Departamento;Narvarte;2;0;0;85;5145.0;1925.0;273.0
Casa de Condominio;Santa Fe;4;3;4;423;56000.0;7525.0;5250.0
Departamento;Santa Fe;4;2;1;158;19250.0;6457.5;833.0
Departamento;Condesa;4;1;3;350;35000.0;3500.0;
Casa de Condominio;Santa Fe;4;4;4;800;59500.0;9432.5;
Departamento;Santa Fe;4;3;4;338;52500.0;10402.0;6650.0
Departamento;Santa Fe;2;2;1;140;14000.0;3850.0;
Departamento;Roma;3;1;1;130;9100.0;4200.0;455.0
Conjunto Comercial/Sala;Santa Fe;0;1;0;58;4900.0;1750.0;
Terreno Estándar;Villa de Cortés;0;0;0;9080;77000.0;;64389.5
Departamento;Santa Fe;2;1;1;69;8750.0;3325.0;245.0
Conjunto Comercial/Sala;Santa Fe;0;1;0;30;4200.0;1400.0;525.0
Departamento en Hotel;Coyoacán;2;1;1;80;14000.0;9450.0;1050.0
Tienda/Salón;Santa Fe;0;1;0;31;5950.0;1792.0;945.0
Departamento;Santa Fe;3;3;3;300;38500.0;12950.0;49000.0
Departamento;Condesa;3;1;1;120;11200.0;5600.0;1400.0
Casa;El Rodeo;2;0;0;70;2975.0;;
Conjunto Comercial/Sala;Centro Histórico;0;0;0;95;21000.0;9131.5;1557.5
Conjunto Comercial/Sala;Centro Histórico;0;0;0;61;4200.0;1687.0;105.0
Departamento;Santa Fe;2;1;1;65;9800.0;3360.0;525.0
Conjunto Comercial/Sala;Santa Fe;0;1;0;28;5250.0;2240.0;409.5
Departamento;San Antonio Tecomitl;2;1;0;58;2275.0;875.0;
Conjunto Comercial/Sala;Santa Fe;1;2;0;60;7000.0;7875.0;1081.5
Departamento;Condesa;2;1;1;93;10500.0;3034.5;1008.0
Departamento;La Condesa;1;0;0;45;4550.0;1522.5;556.5
Conjunto Comercial/Sala;Santa Fe;0;1;0;36;3500.0;2625.0;
Tienda/Salón;Centro Histórico;0;0;0;226;57750.0;;791.0
Departamento en Hotel;Condesa;1;1;1;65;21000.0;5740.0;875.0
Conjunto Comercial/Sala;Centro Histórico;0;3;0;263;55230.0;26642.0;59542.0
Conjunto Comercial/Sala;Centro Histórico;0;0;0;381;35000.0;33369.0;2607.5
Departamento;San Pedro de los Pinos;2;0;1;70;7000.0;2730.0;374.5
Conjunto Comercial/Sala;Santa Fe;0;1;0;44;4550.0;3482.5;490.0
Cocineta;Del Valle;0;0;0;24;3150.0;1575.0;
Conjunto Comercial/Sala;Santa Fe;0;2;0;72;7700.0;9100.0;
Conjunto Comercial/Sala;Centro Histórico;0;0;0;25;1575.0;1750.0;297.5
Departamento;La Florida;2;2;1;90;4200.0;1326.5;308.0
Conjunto Comercial/Sala;Bosques de Aragón;0;0;0;32;2100.0;1522.5;
Conjunto Comercial/Sala;Condesa;0;0;0;27;2800.0;1820.0;378.0
Departamento;Santa Fe;1;1;0;60;6300.0;4725.0;1225.0
Departamento;Bosques de las Lomas;2;1;1;95;12250.0;6300.0;1050.0
Departamento;Coyoacán;3;2;1;140;26250.0;7385.0;
Casa de Condominio;Santa Fe;5;6;5;680;70000.0;10045.0;4200.0
Departamento;Santa Fe;3;2;1;105;12600.0;5215.0;1071.0
Conjunto Comercial/Sala;Santa Fe;0;4;0;150;21000.0;10710.0;3857.0
Conjunto Comercial/Sala;Centro Histórico;0;0;0;40;3500.0;1792.0;
Departamento;Lomas de Chapultepec;2;1;0;70;11200.0;5250.0;969.5
Conjunto Comercial/Sala;Santa Fe;0;56;0;1750;398125.0;;
Tienda/Salón;Polanco;0;0;0;64;36225.0;780.5;1186.5
Departamento;Condesa;2;0;0;75;8750.0;2674.0;91.0
Conjunto Comercial/Sala;Centro Histórico;0;0;0;25;1400.0;1431.5;294.0
Departamento;Condesa;2;0;0;70;16800.0;4200.0;770.0
Departamento;Narvarte;2;1;1;80;9800.0;3325.0;367.5
Departamento;Nativitas;2;1;0;55;2975.0;350.0;
Cocineta;La Condesa;1;0;0;32;4200.0;2380.0;192.5
Conjunto Comercial/Sala;Santa Fe;0;1;0;29;2625.0;2800.0;315.0
Departamento;Bosques de las Lomas;4;3;3;372;140000.0;19414.5;
Departamento;Santa Fe;1;1;0;65;2100000.0;3430.0;420.0
Departamento;Narvarte;1;0;1;36;4200.0;1603.0;70.0
Departamento;La Condesa;1;0;0;43;3500.0;1760.5;52.5
Loft;Condesa;1;0;0;31;6300.0;1820.0;87.5
Departamento;Narvarte;3;1;0;107;7700.0;2100.0;504.0
Departamento;Villa Coapa;2;0;0;65;3500.0;525.0;
Departamento;San Felipe de Jesús;2;0;0;50;3500.0;875.0;
Departamento;Narvarte;3;0;0;80;8750.0;3150.0;
Conjunto Comercial/Sala;Centro Histórico;0;0;0;245;70000.0;29995.0;
Conjunto Comercial/Sala;Centro Histórico;0;0;0;150;31500.0;4578.0;1085.0
Departamento;Coyoacán;3;0;1;140;26250.0;10150.0;1750.0
Departamento;Lomas de Chapultepec;3;3;1;200;38500.0;6300.0;1750.0
Departamento;Santa Fe;2;1;1;76;8400.0;4550.0;6650.0
Departamento;Del Valle;3;1;1;130;15050.0;5834.5;917.0
Conjunto Comercial/Sala;Narvarte;0;0;0;30;3500.0;980.0;
Departamento;Peralvillo;2;1;0;70;4900.0;1400.0;
Departamento;Narvarte;3;0;0;100;6300.0;2695.0;542.5
Departamento;Coyoacán;5;1;2;220;56000.0;8225.0;2100.0
Departamento;Lomas de Chapultepec;3;0;1;90;24500.0;5446.0;
Departamento;Peralvillo;1;0;0;46;2800.0;1907.5;49.0
Departamento;San Gregorio Atlapulco;1;0;0;42;2030.0;;
Departamento;Narvarte;1;0;0;39;4550.0;875.0;
Departamento;Condesa;1;0;1;50;6650.0;2100.0;192.5
Galpón/Depósito/Almacén;Villa de Guadalupe;2;10;0;1628;77000.0;;69072.5
Casa;Santa María Nonoalco;2;1;0;60;3150.0;;
Conjunto Comercial/Sala;Santa Fe;0;1;0;31;4725.0;2362.5;822.5
Conjunto Comercial/Sala;Centro Histórico;0;0;0;40;2800.0;3815.0;847.0
Departamento;Santa Fe;1;1;0;42;2800.0;2653.0;
Departamento;Lomas de Chapultepec;3;1;1;152;19250.0;3500.0;980.0
Departamento;Nueva Santa María;1;1;0;40;4200.0;1767.5;59.5
Departamento;Condesa;3;1;1;110;16800.0;4060.0;815.5
Departamento;Lomas de Chapultepec;1;1;1;75;14350.0;3850.0;1036.0
Conjunto Comercial/Sala;Narvarte;0;0;0;17;2450.0;910.0;304.5
Tienda/Salón;Condesa;0;0;0;45;63000.0;1841.0;1382.5
Departamento;Coyoacán;2;1;1;140;22750.0;6328.0;1785.0
Departamento;Narvarte;3;1;0;99;6300.0;2352.0;399.0
Departamento;Condesa;4;1;0;300;22750.0;8400.0;
Departamento;Coyoacán;4;0;3;550;129150.0;34300.0;
Casa de Condominio;Santa Fe;5;3;5;900;87500.0;4952.5;4256.0
Departamento en Hotel;Polanco;2;1;1;80;14000.0;6055.0;819.0
Departamento;Santa Fe;2;1;1;60;7000.0;3325.0;1393.0
Departamento;Narvarte;1;1;0;52;4900.0;1312.5;
Conjunto Comercial/Sala;Santa Fe;0;1;0;22;2450.0;2800.0;350.0
Conjunto Comercial/Sala;Santa Fe;0;1;0;80;14000.0;6317.5;14826.0
Departamento;Condesa;1;0;0;55;6300.0;2047.5;315.0
Departamento;Lomas de Chapultepec;4;2;2;791;175000.0;9100.0;6930.0
Casa;Santa María Nonoalco;2;1;0;60;2800.0;;
Departamento;San Miguel Chapultepec;2;2;1;70;9275.0;2177.0;357.0
Departamento;Santa Fe;2;1;1;55;6650.0;2100.0;357.0
Departamento;Narvarte;2;1;1;87;9450.0;2450.0;707.0
Conjunto Comercial/Sala;Centro Histórico;0;0;0;230;21000.0;13300.0;4550.0
Conjunto Comercial/Sala;Centro Histórico;0;0;0;36;2450.0;1697.5;
Departamento;Santa Fe;2;1;1;90;12250.0;7000.0;994.0
Departamento;Santa Fe;3;2;1;135;35000.0;8750.0;2450.0
Departamento;Santa Fe;1;1;1;51;17500.0;9450.0;
Departamento;Santa Fe;3;2;2;160;42000.0;6825.0;2695.0
Conjunto Comercial/Sala;Ciudad de los Deportes;0;0;0;26;3500.0;1750.0;1575.0
Tienda/Salón;Centro Histórico;0;0;0;81;10500.0;3374.0;1365.0
Departamento;Condesa;4;2;2;440;59500.0;12425.0;4725.0
Cocineta;Centro Histórico;1;0;0;30;2625.0;1225.0;
Conjunto Comercial/Sala;Centro Histórico;0;3;0;147;38587.5;10143.0;3643.5
Tienda/Salón;San Rafael;0;0;0;378;15750.0;;6142.5
Casa Comercial;Roma;0;0;0;250;56000.0;;
Tienda/Salón;Lomas de Chapultepec;0;0;0;82;70000.0;4550.0;3500.0
Departamento;Narvarte;1;0;0;39;4900.0;1575.0;164.5
Departamento;Bosques de las Lomas;3;3;1;250;27300.0;6650.0;2219.0
Conjunto Comercial/Sala;Santa Fe;0;12;0;385;61250.0;52500.0;
Conjunto Comercial/Sala;Santa Fe;0;1;0;75;8750.0;4480.0;
Conjunto Comercial/Sala;Centro Histórico;0;0;0;273;63000.0;12495.0;1767.5
Departamento;Condesa;4;2;0;140;24500.0;3500.0;1050.0
Departamento;Condesa;3;0;0;150;17500.0;7000.0;770.0
Casa;Los Alpes;4;3;3;520;52500.0;9800.0;2800.0
Departamento;Lomas de Chapultepec;3;1;2;160;21000.0;8750.0;
Departamento;Narvarte;3;1;0;102;5950.0;2191.0;
Departamento;Lomas de Chapultepec;1;0;0;50;9275.0;1855.0;476.0
Departamento;Condesa;2;1;1;70;8400.0;2625.0;465.5
Tienda/Salón;Centro Histórico;0;0;0;487;245000.0;14556.5;15736.0
Departamento;Roma;3;2;2;130;14700.0;4749.5;1141.0
Casa de Condominio;Santa Fe;4;3;4;550;87500.0;6884.5;4655.0
Departamento;Roma;2;1;0;65;9100.0;2450.0;297.5
Departamento;Santa Fe;2;1;2;80;4550.0;3815.0;248.5
Casa de Vecindad;San Miguel Chapultepec;2;0;0;55;4900.0;280.0;87.5
Conjunto Comercial/Sala;Santa Fe;0;8;0;250;51625.0;35234.5;9684.5
Departamento;Narvarte;2;0;0;70;6300.0;2765.0;350.0
Conjunto Comercial/Sala;Roma;0;1;0;100;38500.0;9800.0;2800.0
Departamento;Santa Fe;3;3;3;120;12250.0;6300.0;1295.0
Departamento;Villa de Guadalupe;2;1;0;51;3850.0;385.0;
Cocineta;Condesa;1;0;0;30;4550.0;1225.0;875.0
Conjunto Comercial/Sala;Centro Histórico;0;0;0;219;31500.0;15092.0;4263.0
Departamento;Condesa;2;0;1;58;11200.0;2572.5;315.0
Conjunto Comercial/Sala;Centro Histórico;0;0;0;250;15715.0;16100.0;2905.0
Departamento;Condesa;1;0;1;50;5950.0;1855.0;84.0
Departamento;Narvarte;3;2;1;84;8225.0;3325.0;3115.0
Departamento;San Miguel Chapultepec;2;1;0;60;4200.0;1120.0;
Departamento;Lomas de Chapultepec;3;1;1;160;28000.0;5372.5;1634.5
Departamento;Lomas de Chapultepec;4;2;1;560;87500.0;8050.0;1750.0
Departamento en Hotel;Bosques de las Lomas;2;1;1;95;11550.0;6300.0;1050.0
Tienda/Salón;Santa Fe;0;1;0;100;35000.0;5250.0;5250.0
Departamento;San Miguel Chapultepec;2;0;0;80;5250.0;1204.0;84.0
Departamento;San Miguel Chapultepec;2;0;0;52;4200.0;1547.0;
Cocineta;Centro Histórico;0;0;0;25;3500.0;1365.0;
Galpón/Depósito/Almacén;Nativitas;0;0;0;750;28000.0;;
Departamento en Hotel;San Pedro de los Pinos;1;1;1;75;10500.0;5467.0;686.0
Departamento;San Miguel Chapultepec;3;2;0;200;8750.0;5250.0;455.0
Conjunto Comercial/Sala;Santa Fe;0;1;0;22;2446.5;1400.0;
Departamento;Coyoacán;4;2;1;300;41650.0;10150.0;
Departamento;Peralvillo;2;1;1;60;3850.0;1925.0;140.0
Departamento;Santa Fe;4;2;4;257;24500.0;15400.0;
Conjunto Comercial/Sala;Santa Fe;0;1;0;21;3850.0;1925.0;3678.5
Departamento;Casa Blanca;3;0;0;65;4200.0;1225.0;
Casa;Nativitas;2;0;0;35;2625.0;;
Departamento;Lomas de Chapultepec;4;2;4;210;105000.0;14000.0;3500.0
Conjunto Comercial/Sala;Condesa;0;0;0;32;5075.0;1725.5;458.5
Departamento;Condesa;2;1;1;90;12250.0;3615.5;577.5
Departamento;Condesa;3;0;2;115;17500.0;3423.0;1060.5
Departamento;Napoles;2;0;0;77;8400.0;1785.0;248.5
Conjunto Comercial/Sala;Centro Histórico;0;0;0;300;24500.0;;2709.0
Departamento;Coyoacán;3;0;0;70;10500.0;1015.0;598.5
Departamento;Coyoacán;2;0;1;75;15750.0;3500.0;5950.0
Cocineta;Condesa;1;0;0;25;4200.0;1925.0;189.0
Departamento;Santa Fe;2;1;1;80;9800.0;4550.0;476.0
Departamento;Polanco;3;0;1;180;35000.0;6370.0;2254.0
Departamento;Narvarte;2;2;1;131;10850.0;4200.0;1064.0
Departamento;Condesa;1;0;0;50;5950.0;2275.0;87.5
Departamento;Del Valle;2;1;1;103;13475.0;3164.0;542.5
Departamento;Narvarte;3;1;1;79;8400.0;3524.5;
Departamento;Lomas de Chapultepec;2;1;1;78;13650.0;6300.0;1305.5
Conjunto Comercial/Sala;Santa Fe;0;12;0;472;87500.0;32252.5;
Departamento en Hotel;Santa Fe;1;1;1;45;15050.0;;
Conjunto Comercial/Sala;Centro Histórico;0;0;0;75;12250.0;5600.0;
Departamento;Santa Fe;4;3;4;231;24150.0;9625.0;1694.0
Departamento;Roma;1;0;0;60;6300.0;2226.0;98.0
Departamento;Santa Fe;3;2;1;220;27300.0;11550.0;2975.0
Conjunto Comercial/Sala;San Sebastián;0;0;0;109;6300.0;4252.5;175.0
Casa de Condominio;Santa Fe;4;3;4;315;28000.0;3787.0;2870.0
Cocineta;Narvarte;0;0;0;30;3850.0;1400.0;
Departamento;Coyoacán;2;1;0;90;28000.0;;
Departamento;San Miguel Chapultepec;1;0;0;41;3850.0;1365.0;84.0
Departamento;Vallejo;2;0;0;55;2800.0;735.0;
Departamento;La Virgen;2;1;0;60;4550.0;1050.0;59.5
Departamento;Coyoacán;2;1;0;70;12950.0;2975.0;105.0
Conjunto Comercial/Sala;Santa Fe;0;1;0;30;5600.0;2800.0;455.0
Departamento;Coyoacán;4;2;1;360;87500.0;16800.0;6279.0
Conjunto Comercial/Sala;Centro Histórico;0;0;0;100;21000.0;7000.0;
Departamento en Hotel;Coyoacán;2;1;1;91;38500.0;14700.0;
Conjunto Comercial/Sala;Narvarte;0;1;0;50;8750.0;2782.5;479.5
Departamento;Santa Fe;3;2;1;143;22750.0;11200.0;1995.0
Departamento;Condesa;1;0;0;50;6300.0;2625.0;175.0
Tienda/Salón;San Ángel;0;0;0;88;11200.0;4116.0;
Conjunto Comercial/Sala;Coyoacán;0;0;0;130;42000.0;6300.0;3692.5
Departamento en Hotel;Coyoacán;2;1;2;75;22750.0;8053.5;1064.0
Departamento;Roma;3;1;1;82;11200.0;3633.0;616.0
Conjunto Comercial/Sala;Condesa;0;0;0;46;4550.0;2691.5;686.0
Conjunto Comercial/Sala;Centro Histórico;0;2;0;81;15750.0;11900.0;1242.5
Conjunto Comercial/Sala;Lomas de Chapultepec;0;2;0;150;122500.0;26677.0;
Conjunto Comercial/Sala;Santa Fe;0;1;0;34;7000.0;3360.0;1207.5
Departamento;Coyoacán;3;0;2;200;47250.0;5950.0;2208.5
Conjunto Comercial/Sala;Santa Fe;0;1;0;32;3325.0;4550.0;
Departamento;Condesa;3;0;1;320;21000.0;4550.0;805.0
Departamento;Santa Fe;3;2;1;160;13650.0;3500.0;17034.5
Departamento;Del Valle;3;0;0;89;8750.0;1225.0;
Galpón/Depósito/Almacén;Roma;0;0;0;400;122500.0;;
Departamento;Lomas de Chapultepec;1;0;1;61;16450.0;2905.0;455.0
Conjunto Comercial/Sala;Centro Histórico;0;0;0;30;2800.0;1011.5;
Departamento;Santa Fe;2;1;1;66;6300.0;2824.5;248.5
Departamento;Lomas de Chapultepec;2;1;1;90;24500.0;5572.0;1704.5
Tienda/Salón;Santa Fe;0;1;0;80;28350.0;109018.0;
Tienda/Salón;Santa Fe;0;1;0;120;10500.0;1925.0;5435.5
Departamento en Hotel;Santa Fe;1;1;0;55;7700.0;3850.0;1032.5
Departamento;Narvarte;2;1;1;90;4900.0;3150.0;630.0
Departamento;Lomas de Chapultepec;3;1;0;118;15750.0;7000.0;1298.5
Departamento;Condesa;2;2;2;74;15750.0;7000.0;
Casa de Condominio;Santa Fe;3;3;2;700;24500.0;8750.0;2660.0
Cocineta;Napoles;1;0;0;31;4200.0;1575.0;1935.5
Conjunto Comercial/Sala;Santa Fe;0;1;0;44;6300.0;3944.5;6730.5
Departamento;Bosques de las Lomas;3;2;1;115;14525.0;4270.0;1225.0
Conjunto Comercial/Sala;Santa Fe;0;2;0;82;9450.0;8050.0;
Departamento;Del Valle;1;0;0;26;4900.0;1592.5;105.0
Departamento;Condesa;2;0;0;80;10500.0;2660.0;84.0
Conjunto Comercial/Sala;Centro Histórico;0;0;0;283;33250.0;12600.0;5173.0
Casa de Vecindad;Narvarte;3;3;1;300;17325.0;472.5;595.0
Departamento;Roma;1;1;0;63;7000.0;4837.0;
Departamento;Ciudad de los Deportes;2;0;0;60;2975.0;1680.0;
Casa;Nativitas;1;1;0;45;2800.0;;
Conjunto Comercial/Sala;Centro Histórico;0;3;0;147;41160.0;10143.0;
Conjunto Comercial/Sala;Santa Fe;0;1;0;20;5250.0;1837.5;332.5
Departamento;Condesa;1;1;0;50;7700.0;4375.0;525.0
Departamento;El Rosedal;2;0;0;80;2800.0;;
Departamento;Nativitas;2;0;0;60;2625.0;350.0;
Departamento;Santa Fe;1;0;1;80;9100.0;3500.0;
Departamento;Condesa;2;1;1;95;12600.0;6650.0;
Departamento;Lomas de Chapultepec;1;1;1;108;20825.0;3500.0;990.5
Conjunto Comercial/Sala;Santa Fe;0;2;0;72;10150.0;10493.0;18277.0
Departamento;Condesa;2;1;0;67;7700.0;3013.5;385.0
Conjunto Comercial/Sala;Villa de Guadalupe;0;2;0;124;17500.0;4900.0;378.0
Cocineta;Condesa;1;0;0;30;4200.0;1120.0;189.0
Departamento;Santa Fe;4;3;1;180;28000.0;8400.0;
Departamento;Coyoacán;3;2;1;125;15050.0;7350.0;1610.0
Departamento;Santa Fe;4;2;1;180;33250.0;8050.0;1400.0
Departamento;Coyoacán;3;1;1;150;25900.0;6020.0;2464.0
Departamento;San Miguel Chapultepec;3;2;1;140;7000.0;4550.0;507.5
Conjunto Comercial/Sala;Santa Fe;0;1;0;25;5600.0;2975.0;
Casa;Residencial Emiliano Zapata;2;3;0;98;4900.0;;
Departamento;Condesa;1;0;0;44;5250.0;2030.0;266.0
Conjunto Comercial/Sala;Santa Fe;0;7;0;200;43750.0;17577.0;37271.5
Departamento;Narvarte;3;1;1;112;7700.0;2835.0;
Departamento;Narvarte;1;1;0;50;4830.0;1505.0;77.0
Departamento;Villa Coapa;2;0;0;50;3150.0;896.0;52.5
Conjunto Comercial/Sala;Centro Histórico;0;18;0;691;181387.5;51870.0;13489.0
Departamento;Lomas de Chapultepec;4;3;2;200;42000.0;7000.0;2408.0
Departamento;Condesa;3;1;0;86;10500.0;3780.0;455.0
Departamento;Santa Fe;4;3;3;160;26250.0;8050.0;1207.5
Cocineta;Centro Histórico;1;0;0;28;5950.0;1120.0;707.0
Departamento;Coyoacán;3;2;0;150;23100.0;7700.0;1354.5
Tienda/Salón;Condesa;0;0;0;45;63000.0;1820.0;1386.0
Conjunto Comercial/Sala;Coyoacán;0;4;0;323;105031.5;;
Departamento;Bosques de las Lomas;4;1;2;246;35000.0;10150.0;2453.5
Cocineta;Narvarte;1;0;0;30;3465.0;;
Conjunto Comercial/Sala;Santa Fe;0;19;0;680;245000.0;47250.0;9800.0
Departamento;El Contadero;3;3;1;120;10500.0;2800.0;
Departamento;Santa Fe;4;3;4;403;56000.0;12915.0;
Conjunto Comercial/Sala;Centro Histórico;0;0;0;30;2100.0;1834.0;
Departamento;Coyoacán;2;1;0;97;21000.0;5950.0;1284.5
Departamento;Condesa;1;1;0;50;9800.0;4025.0;402.5
Conjunto Comercial/Sala;Centro Histórico;0;0;0;30;2275.0;1260.0;297.5
Conjunto Comercial/Sala;Santa Fe;0;1;0;21;2975.0;2040.5;287.0
Departamento;Santa Fe;2;1;1;70;7350.0;3150.0;560.0
Departamento;Narvarte;2;1;0;58;5775.0;3115.0;2415.0
Conjunto Comercial/Sala;Centro Histórico;0;3;0;400;112000.0;23800.0;
Departamento;Roma;1;0;0;23;2975.0;2033.5;105.0
Departamento;Condesa;1;0;0;24;8750.0;1704.5;101.5
Conjunto Comercial/Sala;Santa Fe;0;1;0;31;2800.0;2380.0;196.0
Departamento;Condesa;3;0;1;170;17325.0;2618.0;1207.5
Departamento;San Miguel Chapultepec;2;1;1;70;8050.0;2275.0;490.0
Conjunto Comercial/Sala;Santa Fe;0;1;0;35;5250.0;4410.0;
Terreno Estándar;Santa María Nonoalco;0;0;0;2785;21000.0;;
Departamento;Condesa;3;0;1;120;11200.0;3500.0;630.0
Conjunto Comercial/Sala;Centro Histórico;0;0;0;69;5565.0;3307.5;567.0
Departamento;Coyoacán;2;0;0;64;14000.0;2243.5;423.5
Departamento;San Ángel;3;0;1;120;19250.0;5215.0;1155.0
Departamento;Narvarte;2;1;0;60;5250.0;2047.5;
Departamento;Coyoacán;3;1;1;160;34996.5;7875.0;2257.5
Casa de Condominio;Santa Fe;6;6;6;964;56000.0;4200.0;8393.0
Departamento;Condesa;1;1;0;70;9450.0;2275.0;875.0
Departamento;San Ángel;2;1;2;85;14875.0;5250.0;525.0
Departamento;Condesa;2;0;0;65;8750.0;;
Conjunto Comercial/Sala;Santa Fe;0;6;0;280;24500.0;23012.5;11760.0
Departamento;Napoles;2;1;1;82;10500.0;3675.0;514.5
Departamento;Lomas de Chapultepec;3;2;1;130;24500.0;5390.0;1631.0
Conjunto Comercial/Sala;Santa Fe;0;0;0;32;6125.0;2432.5;385.0
Departamento;Coyoacán;3;1;1;160;27300.0;4609.5;1725.5
Conjunto Comercial/Sala;Condesa;0;0;0;26;2800.0;2898.0;350.0
Casa de Vecindad;Santa María Nonoalco;2;0;0;50;1750.0;;
Conjunto Comercial/Sala;Centro Histórico;0;6;0;631;176729.0;61236.0;
Conjunto Comercial/Sala;Centro Histórico;0;0;0;220;19250.0;5950.0;17220.0
Departamento;Santa Fe;1;1;1;75;8750.0;3850.0;931.0
Conjunto Comercial/Sala;Centro Histórico;0;0;0;20;3797.5;;
Departamento;Santa Fe;3;0;0;91;7700.0;4900.0;3675.0
Conjunto Comercial/Sala;Santa Fe;0;1;0;45;7700.0;4088.0;630.0
Departamento;Roma;2;0;0;65;6300.0;2233.0;262.5
Departamento;Roma;3;2;1;90;16450.0;5299.0;
Departamento;Lomas de Chapultepec;3;2;1;140;35000.0;7000.0;1750.0
Conjunto Comercial/Sala;Santa Fe;0;4;0;100;10150.0;9975.0;1225.0
Conjunto Comercial/Sala;Santa Fe;0;1;0;22;2275.0;2695.0;5250.0
Departamento;Narvarte;1;0;0;63;4550.0;857.5;164.5
Tienda/Salón;Santa Fe;0;1;0;34;4900.0;2975.0;875.0
Conjunto Comercial/Sala;Moctezuma;0;0;0;23;3150.0;2100.0;
Departamento;Santa Fe;3;3;3;168;21000.0;6650.0;1295.0
Galpón/Depósito/Almacén;Tepalcatlalpan;0;0;0;2100;105000.0;;5950.0
Departamento;Roma Norte;3;0;0;75;3500.0;1050.0;115.5
Departamento;Napoles;1;0;0;40;7350.0;2450.0;
Conjunto Comercial/Sala;Santa Fe;0;0;0;160;24500.0;10500.0;2450.0
Departamento;Nativitas;2;0;0;60;7700.0;2110.5;756.0
Conjunto Comercial/Sala;Peralvillo;0;0;0;22;2800.0;1470.0;
Departamento;Roma;3;1;1;90;9800.0;5250.0;630.0
Casa de Condominio;Santa Fe;5;7;5;780;63000.0;7283.5;5390.0
Cochera/Estacionamiento;Centro Histórico;0;0;0;0;1540.0;;
Departamento;Santa Fe;2;1;0;64;7700.0;3542.0;
Conjunto Comercial/Sala;Villa de Cortés;0;0;0;40;5250.0;2100.0;2450.0
Departamento;Nativitas;3;2;1;105;6650.0;1365.0;420.0
Departamento;Juárez;1;0;0;42;3500.0;1855.0;
Departamento;Condesa;3;0;0;110;10500.0;4900.0;350.0
Departamento;Condesa;4;1;4;240;28000.0;8750.0;2100.0
Departamento;Condesa;3;1;1;130;12215.0;2765.0;735.0
Departamento;Narvarte;2;0;0;90;6300.0;2187.5;402.5
Cocineta;Centro Histórico;1;0;0;23;2275.0;1536.5;87.5
Conjunto Comercial/Sala;Centro Histórico;0;0;0;791;193875.5;41681.5;11630.5
Departamento;Narvarte;3;0;0;137;4200.0;3255.0;637.0
Conjunto Comercial/Sala;Santa Fe;0;1;0;40;4550.0;3906.0;854.0
Casa de Condominio;Santa Fe;4;3;4;512;52500.0;6884.5;4900.0
Departamento;Del Valle;1;0;0;55;5950.0;1547.0;185.5
Conjunto Comercial/Sala;Centro Histórico;0;18;0;956;301311.5;98227.5;9506.0
Departamento;San Pedro de los Pinos;2;1;1;74;11900.0;3045.0;633.5
Departamento;Coyoacán;3;1;1;150;21000.0;5950.0;2068.5
Departamento;Lomas de Chapultepec;3;2;1;150;23450.0;6020.0;2226.0
Departamento;Jardines de San Mateo;1;1;0;80;2415.0;;
Departamento;Álvaro Obregón;3;1;0;70;2975.0;1260.0;
Departamento;Santa Fe;3;2;1;120;15750.0;3640.0;2187.5
Departamento;Santa Fe;3;2;2;207;17500.0;8925.0;2422.0
Casa;Tepalcatlalpan;3;4;1;400;7000.0;;780.5
Departamento;Polanco;2;2;2;86;10500.0;5705.0;686.0
Departamento;Condesa;4;1;0;155;17500.0;5250.0;805.0
Departamento;Condesa;4;1;1;365;52500.0;10150.0;2100.0
Conjunto Comercial/Sala;Roma;0;3;0;169;45500.0;15729.0;
Departamento;Villa de Cortés;2;0;0;55;3500.0;1074.5;94.5
Conjunto Comercial/Sala;Centro Histórico;0;0;0;73;4200.0;4291.0;
Departamento;Santa Fe;3;2;2;159;13300.0;6825.0;1435.0
Tienda/Salón;Narvarte;0;0;0;125;22750.0;8750.0;1750.0
Departamento;Narvarte;2;1;0;120;10500.0;2887.5;
Departamento;Nueva Santa María;2;1;0;75;3500.0;1060.5;59.5
Departamento;Santa Fe;4;3;2;480;42000.0;10325.0;1715.0
Departamento;San Miguel Chapultepec;2;1;0;90;5600.0;1767.5;311.5
Departamento;San Rafael;2;0;0;54;4375.0;1813.0;
Conjunto Comercial/Sala;Lomas de Chapultepec;0;0;0;120;70000.0;8400.0;2156.0
Departamento;San Rafael;1;0;0;36;4900.0;1680.0;87.5
Departamento;Santa Fe;3;3;1;205;35031.5;7437.5;2887.5
Departamento;Narvarte;3;0;1;138;13650.0;4581.5;738.5
Conjunto Comercial/Sala;Centro Histórico;0;0;0;50;6300.0;2380.0;507.5
Conjunto Comercial/Sala;Centro Histórico;0;0;0;220;24500.0;12950.0;5250.0
Departamento;Condesa;4;2;2;174;34300.0;5250.0;1092.0
Conjunto Comercial/Sala;Santa Fe;0;2;0;42;5250.0;4550.0;5250.0
Departamento;Santa Fe;1;1;0;70;6650.0;3444.0;980.0
Tienda en Centro Comercial;Santa Fe;0;1;0;35;3500.0;2415.0;
Casa de Condominio;Santa Fe;4;8;4;1000;27650.0;6300.0;4900.0
Departamento en Hotel;Roma;1;1;0;50;11200.0;4025.0;525.0
Departamento;Santa Fe;1;1;0;60;6965.0;4900.0;980.0
Conjunto Comercial/Sala;La Condesa;0;2;0;89;24500.0;8400.0;
Departamento;Santa Fe;2;2;2;105;17500.0;7000.0;2170.0
Cocineta;Condesa;1;0;0;38;6650.0;1270.5;248.5
Cochera/Estacionamiento;Centro Histórico;0;1;0;15;1225.0;455.0;
Departamento;Lomas de Chapultepec;3;1;1;170;49000.0;6125.0;1435.0
Conjunto Comercial/Sala;Santa Fe;0;2;0;77;15750.0;8050.0;
Conjunto Comercial/Sala;Santa Fe;0;6;0;318;385000.0;13300.0;8893.5
Departamento;Condesa;1;0;0;30;5600.0;1438.5;80.5
Departamento;Coyoacán;2;1;1;120;17500.0;4315.5;1050.0
Departamento;Condesa;1;0;0;25;2975.0;1295.0;49.0
Conjunto Comercial/Sala;Santa Fe;0;1;0;30;5600.0;1400.0;4200.0
Departamento;Condesa;1;0;0;41;3150.0;2450.0;
Departamento;Coyoacán;3;2;1;150;22050.0;7700.0;
Departamento;Coyoacán;3;2;1;133;22750.0;8750.0;2208.5
Departamento;Lomas de Chapultepec;2;1;1;80;19250.0;5768.0;1270.5
Departamento;Santa Fe;4;2;1;220;24500.0;5950.0;1890.0
Departamento en Hotel;Santa Fe;1;1;1;36;5250.0;1659.0;311.5
Departamento;Coyoacán;3;1;1;180;23800.0;10255.0;1634.5
Departamento;San Miguel Chapultepec;2;0;0;70;4200.0;1925.0;70.0
Departamento;Condesa;2;0;0;87;9800.0;2992.5;
Cocineta;Roma;0;0;0;20;4200.0;1526.0;
Conjunto Comercial/Sala;Santa Fe;0;1;0;38;3150.0;3605.0;1396.5
Departamento;Condesa;2;0;0;70;9100.0;2058.0;455.0
Conjunto Comercial/Sala;Santa Fe;0;1;0;22;8400.0;2940.0;6527.5
Departamento;Condesa;3;0;0;92;8750.0;;567.0
Conjunto Comercial/Sala;Centro Histórico;0;0;0;150;7000.0;8400.0;
Departamento en Hotel;Coyoacán;2;0;1;85;35000.0;14556.5;1897.0
Tienda/Salón;Nativitas;0;4;0;441;33250.0;;1974.0
Departamento;Polanco;3;1;1;129;12950.0;4025.0;1235.5
Departamento;San Pedro de los Pinos;2;0;0;54;8400.0;3150.0;87.5
Departamento;Roma;1;0;0;33;5250.0;1155.0;105.0
Departamento;Condesa;1;0;0;40;4200.0;2940.0;441.0
Conjunto Comercial/Sala;Centro Histórico;0;0;0;25;3500.0;1085.0;378.0
Casa;Santa Fe;5;0;5;580;59500.0;6300.0;
Conjunto Comercial/Sala;Centro Histórico;0;1;0;30;2800.0;2975.0;290.5
Galpón/Depósito/Almacén;San Juan Xalpa;0;10;0;3600;70000.0;;5600.0
Departamento;Santa Fe;1;1;0;42;2975.0;2667.0;140.0
Departamento;Coyoacán;3;1;0;120;19950.0;3675.0;1050.0
Departamento;Coyoacán;3;1;1;200;20300.0;6650.0;1925.0
Conjunto Comercial/Sala;Centro Histórico;0;0;0;45;2800.0;1820.0;497.0
Departamento;Condesa;3;1;1;164;21000.0;3465.0;1305.5
Departamento;Santa Fe;2;0;0;65;8750.0;4200.0;420.0
Conjunto Comercial/Sala;Coyoacán;0;4;0;480;453600.0;28000.0;
Conjunto Comercial/Sala;Centro Histórico;0;1;0;30;2625.0;3185.0;318.5
Departamento;Santa Fe;4;3;2;320;28000.0;5950.0;3164.0
Cocineta;Centro Histórico;1;0;0;28;3150.0;602.0;84.0
Conjunto Comercial/Sala;Centro Histórico;0;0;0;30;2625.0;2100.0;262.5
Departamento;Condesa;1;0;0;55;5250.0;1330.0;329.0
Departamento;Del Valle;2;0;0;52;2800.0;700.0;
Conjunto Comercial/Sala;Centro Histórico;0;0;0;193;34825.0;2170.0;1365.0
Departamento;Santa Fe;2;5;2;140;20650.0;7234.5;700.0
Tienda/Salón;Santa Fe;0;1;0;44;19250.0;6972.0;2219.0
Conjunto Comercial/Sala;Santa Fe;0;0;0;42;3500.0;4200.0;644.0
Departamento;Santa Fe;2;1;1;75;11550.0;3041.5;829.5
Conjunto Comercial/Sala;Centro Histórico;0;0;0;505;59500.0;22221.5;53613.0
Conjunto Comercial/Sala;Condesa;0;0;0;40;4550.0;2726.5;724.5
Departamento;Narvarte;1;1;0;50;3850.0;1984.5;70.0
Departamento;Bosques de las Lomas;1;1;0;43;8750.0;5470.5;5859.0
Departamento;Santa Fe;1;1;1;70;7700.0;4900.0;1214.5
Departamento;Coyoacán;3;1;1;126;21000.0;5306.0;2065.0
Departamento;Lomas de Chapultepec;4;2;4;200;36750.0;9485.0;3304.0
Departamento;El Rosedal;2;1;0;70;4550.0;630.0;
Departamento;Condesa;3;2;1;159;26250.0;4259.5;1613.5
Cocineta;Condesa;1;0;0;26;3500.0;1452.5;196.0
Departamento;Santa Fe;4;2;1;192;20300.0;6482.0;
Departamento;Narvarte;2;1;0;53;4550.0;1904.0;
Departamento;Santa Fe;4;3;2;443;24500.0;13300.0;3500.0
Departamento;La Condesa;1;0;0;42;5250.0;1540.0;84.0
Tienda/Salón;San Sebastián;0;0;0;200;70000.0;14000.0;
Departamento;Santa Fe;3;2;1;130;21000.0;6300.0;1634.5
Departamento;Condesa;4;2;1;276;52500.0;9450.0;2940.0
Departamento;San Pedro de los Pinos;3;2;1;114;22750.0;6888.0;840.0
Conjunto Comercial/Sala;Santa Fe;0;1;0;27;4200.0;2240.0;434.0
Departamento;San Jerónimo;3;1;0;110;10500.0;4200.0;
Departamento;Jardines de San Mateo;2;1;1;60;2975.0;630.0;
Departamento;Santa Fe;4;2;2;146;17150.0;6300.0;11550.0
Departamento;Napoles;1;0;0;40;7000.0;1925.0;
Conjunto Comercial/Sala;Centro Histórico;0;0;0;120;12250.0;5677.0;
Conjunto Comercial/Sala;Centro Histórico;0;1;0;368;77122.5;39865.0;4305.0
Departamento;Roma;1;1;0;52;6650.0;2338.0;273.0
Departamento;El Rosedal;2;0;0;70;2625.0;;
Cocineta;Condesa;0;0;0;35;3500.0;1788.5;
Conjunto Comercial/Sala;Centro Histórico;0;0;0;20;2100.0;2275.0;
Conjunto Comercial/Sala;Centro Histórico;0;0;0;39;2800.0;4725.0;
Departamento;Nueva Santa María;2;0;0;46;2800.0;1435.0;59.5
Departamento;Condesa;3;2;0;282;42000.0;;
Departamento;Santa Fe;4;3;2;170;16800.0;6300.0;1260.0
Departamento;Santa Fe;1;1;1;62;6650.0;4186.0;703.5
Departamento;Santa Fe;3;2;2;158;15718.5;6818.0;
Cocineta;Centro Histórico;0;0;0;23;3500.0;847.0;70.0
Cochera/Estacionamiento;La Loma;0;0;0;0;1400.0;;
Conjunto Comercial/Sala;Santa Fe;0;0;0;20;1256.5;;
Departamento;Roma;2;1;1;81;10500.0;2975.0;700.0
Departamento;Roma Norte;3;1;1;79;7350.0;3150.0;
Conjunto Comercial/Sala;Centro Histórico;0;0;0;20;1400.0;1085.0;
Departamento en Hotel;Santa Fe;1;1;0;60;6300.0;6300.0;
Departamento;Bosques de las Lomas;3;1;1;127;16275.0;5075.0;1295.0
Departamento;Santa Fe;3;3;1;250;42000.0;17500.0;4900.0
Departamento;Centro Histórico;1;0;0;46;2975.0;1925.0;157.5
Conjunto Comercial/Sala;Centro Histórico;0;5;0;651;182458.5;38773.0;
Conjunto Comercial/Sala;Santa Fe;0;1;0;75;7700.0;3780.0;
Departamento;Santa Fe;3;3;1;249;35000.0;11550.0;
Departamento;Narvarte;2;1;0;70;7350.0;245.0;
Cocineta;Condesa;0;0;0;30;4550.0;1960.0;
Departamento;Roma Norte;2;1;0;60;4375.0;2047.5;
Departamento;Condesa;3;1;1;200;29750.0;7000.0;1890.0
Departamento;Condesa;3;0;1;98;15750.0;1925.0;525.0
Departamento;Condesa;3;1;1;103;15750.0;4777.5;619.5
Departamento;Condesa;4;2;1;280;15750.0;12950.0;1435.0
Tienda/Salón;Narvarte;0;0;0;40;10500.0;3703.0;
Conjunto Comercial/Sala;Centro Histórico;0;2;0;545;2195879.0;45825.5;13363.0
Conjunto Comercial/Sala;Centro Histórico;0;0;0;201;21000.0;12250.0;1750.0
Casa de Condominio;Santa Fe;4;4;2;600;105000.0;3675.0;4550.0
Departamento;Roma;2;1;1;68;9800.0;2723.0;437.5
Departamento;Santa Fe;3;3;1;230;22750.0;5950.0;14000.0
Departamento;Santa Fe;2;2;1;86;9275.0;5309.5;959.0
Departamento;Santa Fe;3;2;1;110;9800.0;4172.0;
Departamento;Coyoacán;4;1;2;200;42000.0;9800.0;2607.5
Departamento;Santa Fe;3;2;1;127;11550.0;6086.5;1253.0
Departamento;Centro Histórico;2;0;0;65;9100.0;2100.0;70.0
Departamento en Hotel;Coyoacán;2;1;2;80;42000.0;14000.0;18130.0
Departamento;Santa Fe;4;2;2;480;43120.0;7651.0;1722.0
Casa de Vecindad;Arboledas;2;0;0;80;6300.0;175.0;
Departamento;Ciudad de los Deportes;2;1;1;61;3850.0;1561.0;
Conjunto Comercial/Sala;Santa Fe;0;8;0;250;51625.0;352373.0;96862.5
Departamento;Lomas de Chapultepec;4;0;2;220;70000.0;14000.0;
Departamento;Lomas de Chapultepec;2;1;1;120;17500.0;8750.0;1015.0
Departamento;Santa Fe;3;2;1;300;28700.0;12950.0;4760.0
Departamento;Narvarte;3;1;0;80;5600.0;1575.0;
Casa Comercial;Centro Histórico;0;0;0;25;2625.0;;73.5
Casa de Condominio;Santa Fe;4;4;4;600;59500.0;6300.0;7700.0
Departamento;Roma;1;1;1;45;9800.0;2702.0;339.5
Departamento;Del Valle;1;0;0;55;7000.0;2065.0;311.5
Departamento;Condesa;3;1;1;170;17500.0;3675.0;11434.5
Departamento;San Miguel Chapultepec;2;1;0;70;5950.0;2905.0;
Conjunto Comercial/Sala;Santa Fe;0;1;0;28;1225.0;2117.5;
Tienda/Salón;Narvarte;0;0;0;95;27300.0;;2247.0
Conjunto Comercial/Sala;Centro Histórico;0;0;0;135;14000.0;5250.0;2471.0
Conjunto Comercial/Sala;Coyoacán;0;0;0;70;17500.0;7000.0;2765.0
Departamento;Narvarte;3;0;0;79;7350.0;2674.0;
Tienda/Salón;Santa Fe;0;0;0;990;277200.0;86625.0;31185.0
Cocineta;Condesa;1;0;0;35;6650.0;1645.0;87.5
Cocineta;Condesa;1;0;0;25;5250.0;1820.0;87.5
Departamento;Santa Fe;2;1;0;100;14000.0;5950.0;2068.5
Departamento;Condesa;3;1;1;120;15750.0;4900.0;700.0
Departamento;Roma;2;1;0;100;10150.0;3083.5;451.5
Conjunto Comercial/Sala;Centro Histórico;0;0;0;155;17500.0;15750.0;2450.0
Cocineta;Condesa;1;0;0;17;2800.0;1820.0;59.5
Departamento;Coyoacán;4;2;2;363;69650.0;31500.0;9450.0
Departamento;Santa Fe;1;2;0;60;7000.0;3353.0;1032.5
Departamento;Condesa;1;0;0;30;5250.0;1330.0;
Conjunto Comercial/Sala;Centro Histórico;0;0;0;60;5250.0;2702.0;343.0
Cocineta;Condesa;1;0;0;41;3850.0;2240.0;238.0
Conjunto Comercial/Sala;Santa Fe;0;0;0;31;6300.0;2975.0;5218.5
Conjunto Comercial/Sala;La Condesa;0;2;0;252;115500.0;16149.0;
Conjunto Comercial/Sala;Centro Histórico;0;0;0;34;3500.0;2520.0;392.0
Departamento;Condesa;3;2;1;190;24500.0;7000.0;2236.5
Departamento;Lomas de Chapultepec;2;1;0;80;14000.0;2278.5;885.5
Cocineta;Centro Histórico;0;0;0;30;2800.0;1767.5;
Departamento;Condesa;3;2;1;121;20125.0;3850.0;1323.0
Departamento en Hotel;Lomas de Chapultepec;1;1;1;70;28000.0;;
Conjunto Comercial/Sala;Centro Histórico;0;0;0;2534;443450.0;239463.0;45762.5
Departamento;Condesa;1;1;0;60;8050.0;2100.0;
Conjunto Comercial/Sala;Polanco;0;1;0;25;3850.0;5904.5;714.0
Departamento;Roma Norte;2;1;1;55;5950.0;1697.5;
Departamento;Villa de Guadalupe;2;1;2;61;3500.0;2411.5;
Conjunto Comercial/Sala;Roma;0;2;0;210;70000.0;19600.0;4550.0
Departamento;Del Valle;2;1;1;72;8750.0;2625.0;315.0
Departamento;Ciudad de los Deportes;2;1;0;60;3500.0;1382.5;
Departamento;San Miguel Chapultepec;2;1;0;60;5250.0;3045.0;80.5
Departamento;Coyoacán;3;1;2;205;73500.0;9800.0;7000.0
Departamento;Santa Fe;2;1;2;93;8750.0;4725.0;983.5
Tienda/Salón;Centro Histórico;0;0;0;887;157500.0;;284228.0
Conjunto Comercial/Sala;Centro Histórico;0;0;0;100;14000.0;12600.0;1830.5
Departamento;Narvarte;1;0;0;20;4200.0;1330.0;
Departamento;Santa Fe;3;2;1;180;19218.5;5250.0;19250.0
Departamento;Polanco;4;3;1;165;28000.0;7000.0;1792.0
Departamento;Santa Fe;3;2;1;110;19250.0;4550.0;980.0
Conjunto Comercial/Sala;Centro Histórico;0;0;0;84;15750.0;7766.5;
Departamento;Roma;3;1;0;95;8750.0;2894.5;588.0
Conjunto Comercial/Sala;Centro Histórico;0;1;0;786;220349.5;55086.5;
Conjunto Comercial/Sala;Villa de Guadalupe;0;1;0;25;4462.5;1260.0;192.5
Conjunto Comercial/Sala;Centro Histórico;0;0;0;23;2800.0;2033.5;290.5
Departamento;San Ángel;3;2;1;112;18060.0;4375.0;1323.0
Departamento;Santa Fe;3;3;3;260;35000.0;12250.0;1505.0
Departamento;Del Valle;2;1;0;69;6650.0;3850.0;3335.5
Conjunto Comercial/Sala;Centro Histórico;0;0;0;484;52500.0;33827.5;
Departamento;San Pedro de los Pinos;1;0;0;53;6300.0;945.0;
Departamento;Coyoacán;3;1;1;160;27300.0;4889.5;1725.5
Departamento;Condesa;3;0;1;159;35000.0;3227.0;868.0
Departamento;Santa Fe;4;2;1;297;26250.0;12950.0;4200.0
Departamento;San Rafael;2;1;0;59;4550.0;1617.0;224.0
Departamento;Santa Fe;2;1;2;80;8050.0;3332.0;
Conjunto Comercial/Sala;Narvarte;0;0;0;189;15750.0;3430.0;2905.0
Departamento;Santa Fe;2;2;1;100;17500.0;5250.0;1050.0
Edificio Completo;Juárez;0;5;0;525;220500.0;36750.0;
Departamento;Narvarte;2;0;0;101;4900.0;2194.5;318.5
Conjunto Comercial/Sala;Lomas de Chapultepec;0;1;0;48;21000.0;2660.0;
Casa de Condominio;Santa Fe;5;0;5;900;70000.0;4634.0;56000.0
Conjunto Comercial/Sala;Centro Histórico;0;0;0;35;4550.0;1809.5;332.5
Cocineta;Centro Histórico;1;0;0;25;2800.0;1225.0;70.0
Departamento;Del Valle;3;0;0;130;9800.0;3202.5;465.5
Conjunto Comercial/Sala;Centro Histórico;0;0;0;20;3150.0;1165.5;
Departamento;Condesa;4;1;0;100;11200.0;4238.5;
Departamento en Hotel;Lomas de Chapultepec;1;1;0;60;22750.0;7000.0;805.0
Casa Comercial;Roma Norte;0;4;0;403;17500.0;;3353.0
Departamento;Narvarte;3;2;1;98;10500.0;4938.5;637.0
Departamento;Condesa;2;1;0;43;8750.0;2205.0;402.5
Departamento;Narvarte;3;0;0;105;6300.0;2660.0;448.0
Conjunto Comercial/Sala;Santa Fe;0;6;0;190;40250.0;17545.5;4812.5
Conjunto Comercial/Sala;Centro Histórico;0;0;0;281;10500.0;18539.5;3906.0
Departamento;Condesa;3;1;1;130;15750.0;3150.0;584.5
Departamento;Santa Fe;3;1;1;90;10500.0;3500.0;700.0
Departamento;Nativitas;2;1;0;75;4550.0;1715.0;
Departamento;Del Valle Centro;1;1;0;45;3150.0;1736.0;
Departamento;Narvarte;1;0;0;43;4200.0;1435.0;70.0
Departamento;Santa Fe;4;2;2;140;17150.0;7105.0;1263.5
Departamento;Santa Fe;1;1;0;50;7700.0;;1977.5
Departamento;San Ángel;4;3;4;570;24500.0;19600.0;5736.5
Departamento;Roma;2;0;0;60;8050.0;1627.5;262.5
Departamento;Condesa;3;1;0;225;20300.0;5250.0;1764.0
Departamento;Roma;2;1;1;106;19425.0;5635.0;948.5
Conjunto Comercial/Sala;Roma;0;7;0;375;122500.0;51558.5;
Departamento;Roma;1;0;0;26;3850.0;945.0;
Conjunto Comercial/Sala;Condesa;0;0;0;29;4200.0;1645.0;647.5
Departamento;Condesa;3;0;3;185;22750.0;6580.0;1610.0
Conjunto Comercial/Sala;Casa Blanca;0;1;0;44;2800.0;3314.5;
Departamento;Condesa;1;0;0;37;4200.0;2100.0;87.5
Departamento;Lomas de Chapultepec;2;1;1;94;15750.0;6650.0;1540.0
Conjunto Comercial/Sala;Santa Fe;0;12;0;636;376467.0;;
Departamento;Nueva Santa María;2;1;0;52;3850.0;1449.0;
Departamento;Narvarte;2;0;0;80;5600.0;777.0;87.5
Departamento;Lomas de Chapultepec;3;2;3;300;52500.0;15750.0;
Departamento;Napoles;4;1;1;130;15750.0;5617.5;917.0
Departamento;Santa Fe;3;2;1;240;29750.0;20118.0;42245.0
Departamento;Atlampa;2;1;0;63;3500.0;1134.0;
Departamento;Bosques de las Lomas;3;1;0;128;14000.0;5950.0;
Departamento;Bosques de las Lomas;4;4;2;401;28000.0;7738.5;3839.5
Departamento;Pueblo Culhuacán;2;1;0;49;2450.0;315.0;
Departamento;San Ángel;2;2;1;84;11200.0;3986.5;
Departamento;Narvarte;3;1;1;80;10150.0;3867.5;
Departamento;Roma;3;1;1;103;19950.0;4690.0;1218.0
Departamento;Arboledas;2;1;0;60;3430.0;1750.0;70.0
Departamento;Santa Fe;4;2;2;146;17850.0;7000.0;1050.0
Conjunto Comercial/Sala;Centro Histórico;0;1;0;190;23100.0;7700.0;2975.0
Galpón/Depósito/Almacén;Centro Histórico;0;0;0;200;17500.0;;6300.0
Departamento;Condesa;2;1;0;130;21000.0;4025.0;1053.5
Departamento;Santa Fe;4;2;2;200;17500.0;9243.5;1715.0
Conjunto Comercial/Sala;Centro Histórico;0;0;0;32;4900.0;1274.0;
Departamento;Narvarte;3;1;1;85;7000.0;4585.0;329.0
Tienda/Salón;Narvarte;0;0;0;25;3500.0;;294.0
Tienda/Salón;Santa Fe;0;1;0;34;6650.0;1792.0;1053.5
Conjunto Comercial/Sala;Santa Fe;0;1;0;38;4900.0;3010.0;532.0
Conjunto Comercial/Sala;Centro Histórico;0;0;0;300;105000.0;;
Departamento;San Pedro de los Pinos;2;1;0;65;5250.0;2800.0;
Departamento;Peralvillo;3;1;1;76;5075.0;2380.0;332.5
Departamento;Coyoacán;3;2;1;190;22050.0;7700.0;164.5
Departamento;Bosques de las Lomas;3;2;1;110;19250.0;7700.0;
Departamento;Santa Fe;4;3;3;157;30100.0;8092.0;12096.0
Departamento;Narvarte;1;0;0;50;4550.0;2275.0;87.5
Departamento;Las Águilas;2;2;1;68;5950.0;2625.0;245.0
Departamento;Lomas de Chapultepec;4;2;4;230;43750.0;9485.0;4648.0
Conjunto Comercial/Sala;Roma;0;16;0;935;360234.0;103712.0;19124.0
Departamento;Roma Norte;2;1;1;50;5425.0;1358.0;1284.5
Departamento;Santa María Nonoalco;2;1;0;51;2100.0;784.0;
Departamento;Iztapalapa;1;1;0;48;2100.0;542.5;
Departamento;Lomas de Chapultepec;3;2;1;120;24500.0;6300.0;1582.0
Departamento;Santa Fe;2;1;2;85;8750.0;7000.0;10850.0
Conjunto Comercial/Sala;Santa Fe;0;4;0;122;9450.0;5092.5;367.5
Conjunto Comercial/Sala;Santa Fe;0;2;0;85;11200.0;7210.0;1050.0
Departamento;Nativitas;2;0;1;76;5600.0;2450.0;
Departamento;Bosques de las Lomas;2;1;1;92;11200.0;4312.0;1015.0
Departamento;Condesa;2;0;0;62;5600.0;4200.0;105.0
Departamento;Condesa;4;2;1;200;21700.0;5600.0;1400.0
Conjunto Comercial/Sala;Centro Histórico;0;0;0;200;70000.0;15095.5;4263.0
Conjunto Comercial/Sala;Centro Histórico;0;0;0;406;51800.0;30884.0;
Departamento;Condesa;4;0;1;150;16800.0;6685.0;
Departamento;Lomas de Chapultepec;3;2;1;143;35000.0;7350.0;15449.0
Departamento;Narvarte;1;0;1;40;3850.0;1365.0;87.5
Departamento;Condesa;1;0;0;58;8750.0;1802.5;420.0
Departamento;Narvarte;2;1;1;70;5950.0;2037.0;63.0
Departamento;Santa Fe;3;1;1;73;7350.0;2170.0;
Departamento;Lomas de Chapultepec;3;1;0;140;22750.0;7192.5;1743.0
Departamento;Narvarte;2;0;0;102;7000.0;2450.0;
Departamento;Narvarte;3;1;0;91;7000.0;3104.5;427.0
Departamento;Lomas de Chapultepec;3;2;1;102;26250.0;7322.0;1470.0
Departamento;Lomas de Chapultepec;1;0;1;38;7700.0;1925.0;175.0
Conjunto Comercial/Sala;Lomas de Chapultepec;0;5;0;167;87500.0;15750.0;3801.0
Tienda/Salón;Villa de Cortés;0;0;0;52;13090.0;;
Departamento;Coyoacán;3;1;1;130;35000.0;6300.0;1050.0
Conjunto Comercial/Sala;Lomas de Chapultepec;0;1;0;60;36750.0;4200.0;
Departamento;Nueva Santa María;2;1;0;70;4200.0;1505.0;73.5
Galpón/Depósito/Almacén;Narvarte;0;0;0;470;28000.0;;7385.0
Departamento;Santa Fe;3;2;1;235;28000.0;9737.0;2607.5
Departamento;San Pedro de los Pinos;2;1;0;85;12250.0;3150.0;619.5
Conjunto Comercial/Sala;Centro Histórico;0;0;0;26;1575.0;875.0;290.5
Cocineta;Condesa;1;0;0;35;6300.0;1470.0;192.5
Departamento;Condesa;5;1;5;500;52500.0;4200.0;
Departamento;Roma;2;1;1;84;14000.0;3325.0;626.5
Departamento;San Pedro de los Pinos;2;1;1;100;13650.0;2275.0;752.5
Conjunto Comercial/Sala;Narvarte;0;1;0;46;4130.0;1743.0;630.0
Conjunto Comercial/Sala;Centro Histórico;0;0;0;219;80500.0;20783.0;
Casa de Condominio;Santa Fe;4;5;4;325;28031.5;2100.0;
Conjunto Comercial/Sala;Condesa;0;0;0;18;3850.0;1354.5;332.5
Departamento;Bosques de las Lomas;3;1;1;140;17500.0;4375.0;1400.0
Departamento;Coyoacán;3;1;0;127;21000.0;9082.5;945.0
Departamento;Polanco;2;1;1;90;12250.0;2905.0;896.0
Conjunto Comercial/Sala;Centro Histórico;0;1;0;50;1750.0;4900.0;
Departamento;Condesa;2;1;1;75;11200.0;2975.0;490.0
Conjunto Comercial/Sala;Centro Histórico;0;0;0;2217;465570.0;163800.0;
Departamento;Lomas de Chapultepec;3;1;1;150;17500.0;4200.0;
Departamento;Coyoacán;3;2;2;246;35000.0;12250.0;1050.0
Departamento;Santa Fe;2;1;2;83;8365.0;5355.0;966.0
Edificio Completo;Del Valle;0;0;0;10000;52500.0;;
Departamento;Lomas de Chapultepec;3;1;1;200;19250.0;5880.0;350.0
Conjunto Comercial/Sala;Centro Histórico;0;0;0;48;2450.0;1501.5;294.0
Departamento;Condesa;6;1;3;420;17500.0;17500.0;3325.0
Conjunto Comercial/Sala;Peralvillo;0;1;0;25;1575.0;1498.0;367.5
Departamento;Condesa;2;1;0;87;11200.0;2677.5;647.5
Departamento;Ciudad de los Deportes;2;1;0;74;2100.0;875.0;56.0
Conjunto Comercial/Sala;Santa Fe;0;1;0;27;4550.0;2670.5;479.5
Casa de Condominio;Santa Fe;4;2;2;210;17500.0;3395.0;
Departamento;San Miguel Chapultepec;1;0;0;30;3850.0;1347.5;73.5
Departamento;Centro Histórico;3;0;0;90;7350.0;1925.0;175.0
Departamento;Condesa;4;1;4;240;31500.0;8120.0;2100.0
Departamento;Santa Fe;3;2;1;140;9450.0;5600.0;15750.0
Departamento;Arboledas;2;1;0;70;4200.0;1750.0;
Departamento;Lomas de Chapultepec;3;2;1;250;27650.0;11760.0;
Departamento;Bosques de las Lomas;2;1;1;100;11900.0;5425.0;
Departamento;Condesa;3;1;0;110;9975.0;5250.0;595.0
Departamento;Moctezuma;2;0;0;56;2625.0;315.0;
Conjunto Comercial/Sala;Centro Histórico;0;0;0;10;18704.0;;
Departamento;Santa Fe;2;2;1;107;10150.0;4364.5;9821.0
Departamento;Santa Fe;3;2;3;143;15050.0;5775.0;
Departamento;Santa Fe;2;1;2;68;9800.0;4165.0;794.5
Conjunto Comercial/Sala;Santa Fe;0;1;0;25;3500.0;2205.0;
Conjunto Comercial/Sala;Roma;0;40;0;1432;375900.0;160317.5;28623.0
Departamento;Polanco;1;0;0;50;6300.0;1225.0;360.5
Departamento;Polanco;2;0;1;56;14000.0;2590.0;497.0
Departamento;Napoles;3;1;1;113;14000.0;3850.0;
Departamento;Coyoacán;2;1;1;78;20650.0;4112.5;
Casa;Doctores;3;1;0;85;4725.0;;63.0
Tienda/Salón;Centro Histórico;0;4;0;455;127400.0;28665.0;4777.5
Loft;Condesa;1;0;0;30;5600.0;1925.0;175.0
Conjunto Comercial/Sala;Centro Histórico;0;0;0;25;2800.0;1753.5;
Departamento;Santa Fe;3;2;1;110;11550.0;;
Departamento;Santa Fe;3;2;1;160;14000.0;6930.0;1354.5
Departamento;Condesa;2;0;1;130;10150.0;4900.0;665.0
Tienda/Salón;Coyoacán;0;0;0;180;70000.0;;
Loft;Santa Fe;2;2;1;100;19250.0;6300.0;1400.0
Departamento en Hotel;Condesa;1;0;1;52;19250.0;5250.0;
Conjunto Comercial/Sala;Centro Histórico;0;0;0;33;1050.0;1267.0;
Conjunto Comercial/Sala;Santa Fe;0;1;0;30;3430.0;3531.5;574.0
Tienda/Salón;Tepalcatlalpan;0;0;0;100;10500.0;;
Departamento;Santa Fe;2;1;1;73;10496.5;;
Departamento;Condesa;1;0;1;40;4900.0;1522.5;84.0
Departamento;Lomas de Chapultepec;3;1;1;134;16450.0;5383.0;1624.0
Conjunto Comercial/Sala;Santa Fe;0;1;0;22;2800.0;1575.0;1960.0
Departamento;Condesa;2;0;0;70;9100.0;;
Departamento;Condesa;3;0;0;110;10500.0;2625.0;595.0
Tienda/Salón;La Merced;0;0;0;33;2800.0;;
Departamento;Roma;3;1;1;107;17150.0;4550.0;969.5
Departamento;Lomas de Chapultepec;3;1;1;188;28000.0;15750.0;2170.0
Edificio Completo;Santa Fe;0;0;0;460;245000.0;;
Departamento;Narvarte;3;1;1;98;8400.0;2310.0;395.5
Departamento;Lomas de Chapultepec;4;2;4;165;33250.0;9485.0;
Departamento;Condesa;3;1;1;138;14000.0;5145.0;262.5
Departamento;Santa Fe;5;4;5;1150;84000.0;24710.0;186550.0
Edificio Completo;Santa Fe;0;0;0;1200;595000.0;;49000.0
Departamento;Santa Fe;3;2;1;130;12950.0;6825.0;
Conjunto Comercial/Sala;Centro Histórico;0;0;0;262;17500.0;14385.0;4784.5
Departamento;Coyoacán;1;0;0;85;7000.0;2117.5;630.0
Casa;Santa Fe;6;5;5;765;24500.0;5946.5;
Departamento;Mixcoac;2;1;0;60;2450.0;;
Departamento;Coyoacán;4;1;2;290;52500.0;10500.0;2625.0
Departamento;Napoles;2;0;0;75;9100.0;3073.0;
Departamento;Condesa;3;1;0;100;8750.0;4214.0;
Departamento;Condesa;2;0;0;49;8750.0;1981.0;322.0
Conjunto Comercial/Sala;Centro Histórico;0;0;0;120;10500.0;4998.0;812.0
Departamento;San Miguel Chapultepec;2;0;0;64;3850.0;1858.5;73.5
Departamento;Santa Fe;4;2;1;158;8750.0;5677.0;1414.0
Conjunto Comercial/Sala;Centro Histórico;0;0;0;67;8750.0;4270.0;9698.5
Departamento;Condesa;2;0;0;62;12250.0;2975.0;595.0
Departamento;Santa Fe;3;2;1;200;42000.0;7651.0;3759.0
Departamento;Coyoacán;4;2;1;257;28000.0;9800.0;2380.0
Departamento;San Miguel Chapultepec;1;0;0;30;3850.0;1400.0;
Cocineta;Condesa;1;0;0;25;3150.0;945.0;
Conjunto Comercial/Sala;Centro Histórico;0;0;0;652;171150.0;36512.0;
Conjunto Comercial/Sala;Coyoacán;0;0;0;22;3150.0;2625.0;623.0
Departamento;San Miguel Chapultepec;2;2;0;90;7350.0;1050.0;329.0
Conjunto Comercial/Sala;Centro Histórico;0;1;0;403;127246.0;39168.5;5166.0
Departamento;Lomas de Chapultepec;2;1;0;108;15750.0;4550.0;696.5
Departamento;Santa Fe;5;5;2;385;22575.0;4025.0;2800.0
Galpón/Depósito/Almacén;Santa María Nonoalco;0;0;0;800;42000.0;;
Tienda/Salón;Nativitas;0;0;0;60;4200.0;;
Departamento;Villa de Guadalupe;2;1;2;60;4900.0;1925.0;
Departamento;Del Valle;2;1;0;75;7000.0;3132.5;374.5
Conjunto Comercial/Sala;Centro Histórico;0;0;0;361;63000.0;17587.5;
Departamento;Coyoacán;3;1;1;120;20650.0;3850.0;770.0
Departamento;Lomas de Chapultepec;2;0;1;80;15750.0;;
Cocineta;Centro Histórico;1;0;1;24;5250.0;1750.0;63.0
Tienda/Salón;Nativitas;0;0;0;78;9450.0;;175.0
Departamento;Del Valle;3;1;1;150;11200.0;5264.0;1053.5
Casa de Condominio;Santa Fe;6;3;3;430;26250.0;525.0;3500.0
Departamento;Coyoacán;3;1;1;114;15750.0;4200.0;815.5
Departamento;Santa Fe;4;2;0;140;14000.0;5950.0;
Departamento;Narvarte;2;1;0;74;5600.0;3010.0;290.5
Casa;Santa Fe;5;2;4;622;35000.0;3951.5;
Galpón/Depósito/Almacén;Nativitas;0;80;0;9220;255500.0;;29221.5
Departamento;Coyoacán;2;1;1;150;41300.0;4900.0;
Departamento;Coyoacán;2;0;0;60;8750.0;2968.0;
Conjunto Comercial/Sala;Centro Histórico;0;0;0;155;35000.0;;
Departamento;Condesa;2;0;0;52;6650.0;2800.0;1120.0
Tienda/Salón;Santa Fe;0;3;0;333;210000.0;14994.0;13681.5
Conjunto Comercial/Sala;Santa Fe;0;0;0;36;4200.0;2957.5;
Departamento;Condesa;1;0;0;33;4550.0;1505.0;105.0
Departamento;Santa Fe;3;2;1;300;17500.0;9450.0;
Casa de Condominio;Santa Fe;4;0;4;1000;87500.0;8750.0;87500.0
Conjunto Comercial/Sala;Centro Histórico;0;0;0;109;15750.0;4602.5;448.0
Departamento;Napoles;2;0;0;60;9275.0;2590.0;276.5
Departamento;Del Valle;3;2;1;135;11200.0;5439.0;955.5
Departamento;San Miguel Chapultepec;1;0;0;60;2800.0;1060.5;87.5
Departamento;Condesa;1;0;0;55;5250.0;2275.0;350.0
Conjunto Comercial/Sala;Coyoacán;0;0;0;25;5250.0;3010.0;507.5
Departamento;Coyoacán;3;1;1;120;17500.0;4305.0;948.5
Departamento;Roma;2;1;1;103;10325.0;3591.0;752.5
Departamento;Santa Fe;3;3;2;250;49000.0;13300.0;3850.0
Departamento;Santa Fe;2;1;1;90;8575.0;4914.0;9866.5
Departamento;Napoles;2;0;1;75;;3073.0;
Departamento;Narvarte;2;1;1;84;6300.0;2852.5;374.5
Conjunto Comercial/Sala;Roma;0;8;0;825;346500.0;53084.5;
Tienda/Salón;Centro Histórico;0;0;0;290;122500.0;;3850.0
Departamento;Coyoacán;4;2;3;380;105000.0;8050.0;6300.0
Departamento;Coyoacán;2;0;0;65;13650.0;4252.5;465.5
Departamento;Peralvillo;2;1;0;63;2800.0;1596.0;126.0
Departamento;Condesa;2;0;0;75;9800.0;4200.0;315.0
Conjunto Comercial/Sala;Santa Fe;0;0;0;42;7000.0;3150.0;420.0
Departamento;Coyoacán;3;0;0;90;12250.0;2285.5;798.0
Departamento;La Florida;2;1;0;56;3150.0;2061.5;49.0
Conjunto Comercial/Sala;Centro Histórico;0;0;0;20;980.0;931.0;
Departamento;Centro Histórico;1;0;0;50;5250.0;1575.0;87.5
Departamento;Iztacalco;2;0;0;42;2275.0;1305.5;
Departamento;Narvarte;2;1;0;62;7350.0;1785.0;
Departamento;Santa Fe;1;1;0;70;6650.0;3850.0;5075.0
Conjunto Comercial/Sala;Polanco;0;0;0;20;7875.0;1141.0;525.0
Departamento;Polanco;3;2;1;112;28000.0;6216.0;1169.0
Departamento;Del Valle;2;0;0;84;8050.0;3514.0;
Conjunto Comercial/Sala;Centro Histórico;0;1;0;70;4200.0;6650.0;1473.5
Departamento;Condesa;1;0;0;27;3150.0;1190.0;
Departamento;Santa Fe;2;1;1;70;9800.0;3395.0;245.0
Departamento;Condesa;3;1;0;74;11200.0;3097.5;532.0
Conjunto Comercial/Sala;Coyoacán;0;0;0;90;21000.0;2324.0;927.5
Conjunto Comercial/Sala;Centro Histórico;0;0;0;460;77000.0;15050.0;1715.0
Cocineta;Condesa;1;0;0;30;5600.0;1438.5;80.5
Departamento;Lomas de Chapultepec;3;2;1;130;42000.0;2975.0;
Departamento;Villa de Cortés;1;0;0;45;3150.0;;
Departamento;Coyoacán;4;3;2;300;42000.0;14000.0;3538.5
Conjunto Comercial/Sala;Centro Histórico;0;2;0;211;84752.5;12162.5;3451.0
Cocineta;Centro Histórico;1;0;0;30;2450.0;1575.0;87.5
Departamento;Narvarte;3;1;1;98;8400.0;2880.5;605.5
Conjunto Comercial/Sala;Centro Histórico;0;0;0;295;51625.0;19645.5;5463.5
Departamento;Santa Fe;2;1;1;77;6475.0;3713.5;
Casa Comercial;Coyoacán;0;0;0;32;15750.0;4900.0;1400.0
Departamento;Lomas de Chapultepec;1;1;0;50;11200.0;3542.0;630.0
Departamento;Coyoacán;1;1;0;85;43750.0;14000.0;1750.0
Conjunto Comercial/Sala;Santa Fe;0;1;0;30;4200.0;3850.0;4200.0
Departamento;Coyoacán;1;0;0;43;11200.0;1820.0;437.5
Departamento;Condesa;3;1;1;95;14000.0;4641.0;840.0
Departamento;Condesa;2;0;0;80;7000.0;3150.0;5194.0
Departamento;Polanco;3;0;0;103;11200.0;1750.0;931.0
Departamento;La Florida;2;1;1;60;3850.0;2310.0;143.5
Departamento;Coyoacán;3;2;1;110;19250.0;7350.0;1190.0
Conjunto Comercial/Sala;Centro Histórico;0;0;0;220;31500.0;16796.5;3983.0
Departamento;Condesa;1;0;0;35;6300.0;1400.0;87.5
Departamento;Nativitas;3;0;0;68;5250.0;1802.5;168.0
Conjunto Comercial/Sala;Centro Histórico;0;0;0;570;68250.0;30800.0;
Departamento;Coyoacán;3;2;0;140;17500.0;8750.0;2100.0
Departamento;Villa de Guadalupe;2;1;0;49;3500.0;525.0;
Conjunto Comercial/Sala;Centro Histórico;0;0;0;70;8400.0;2163.0;
Departamento;Santa Fe;4;3;4;280;87500.0;20919.5;6468.0
Departamento;Condesa;1;0;0;28;7000.0;1050.0;91.0
Departamento;Coyoacán;3;1;1;157;42000.0;11550.0;4056.5
Departamento;Santa Fe;4;4;4;598;105000.0;25200.0;5250.0
Tienda en Centro Comercial;Santa Fe;0;1;0;30;4200.0;2800.0;140.0
Departamento;Lomas de Chapultepec;3;1;1;190;31500.0;10500.0;2450.0
Departamento;Bosques de las Lomas;3;2;2;110;21000.0;5687.5;1015.0
Departamento;Condesa;2;0;0;101;10115.0;4305.0;525.0
Conjunto Comercial/Sala;Centro Histórico;0;0;0;150;8400.0;8750.0;1949.5
Cochera/Estacionamiento;Santa Fe;0;0;0;0;1400.0;;
Conjunto Comercial/Sala;Roma;0;1;0;100;38500.0;9800.0;2800.0
Departamento;Condesa;3;1;0;160;17500.0;4200.0;1225.0
Departamento en Hotel;Coyoacán;2;1;1;100;35000.0;14000.0;1750.0
Departamento;Santa Fe;2;3;1;210;19250.0;10500.0;21000.0
Conjunto Comercial/Sala;Condesa;0;0;0;30;7350.0;;
Departamento;Santa Fe;3;3;3;169;21000.0;7700.0;3048.5
Tienda/Salón;Condesa;0;0;0;75;42000.0;;1645.0
Departamento;Santa Fe;2;1;1;99;8400.0;5400.5;1183.0
Departamento;San Miguel Chapultepec;2;0;0;70;5600.0;2128.0;
Departamento;Coyoacán;3;2;1;170;26250.0;5950.0;1925.0
Departamento;Narvarte;2;1;1;82;5250.0;2625.0;231.0
Tienda/Salón;Santa Fe;0;20;0;840;280000.0;52500.0;
Departamento;Lomas de Chapultepec;1;0;1;45;10500.0;3115.0;332.5
Departamento;Lomas de Chapultepec;4;2;4;200;33250.0;9485.0;4035.5
Cocineta;Condesa;1;0;0;33;4550.0;1225.0;87.5
Departamento;Santa Fe;4;2;1;130;12250.0;4900.0;980.0
Departamento;Condesa;3;1;0;120;17500.0;4550.0;1050.0
Cochera/Estacionamiento;Centro Histórico;0;1;0;0;875.0;;290.5
Loft;Condesa;1;0;0;50;13650.0;2800.0;70.0
Departamento;Narvarte;2;1;0;75;5950.0;3080.0;420.0
Departamento;Condesa;3;1;1;260;35000.0;6650.0;14000.0
Conjunto Comercial/Sala;Santa Fe;0;1;0;30;2625.0;3157.0;
Departamento;Condesa;2;1;0;70;10850.0;6650.0;801.5
Departamento;Santa Fe;3;2;1;130;22750.0;9100.0;2446.5
Departamento;Condesa;4;0;1;260;16796.5;4200.0;1575.0
Conjunto Comercial/Sala;Santa Fe;0;1;0;23;2450.0;2275.0;
Departamento;Narvarte;3;1;0;193;5950.0;2975.0;406.0
Tienda/Salón;Condesa;0;0;0;72;20300.0;;
Edificio Completo;Centro Histórico;0;20;0;1439;52500.0;;8844.5
Departamento;Napoles;1;1;0;50;8925.0;2100.0;94.5
Conjunto Comercial/Sala;Centro Histórico;0;0;0;300;17500.0;24178.0;5936.0
Departamento;Condesa;3;1;0;300;17500.0;6905.5;1750.0
Departamento;Santa Fe;2;1;1;80;8750.0;4686.5;654.5
Departamento;Coyoacán;4;2;1;160;63000.0;5950.0;1750.0
Departamento;Santa Fe;4;3;4;250;28000.0;9975.0;2625.0
Departamento;La Condesa;1;0;0;30;3500.0;1750.0;70.0
Conjunto Comercial/Sala;Santa Fe;0;4;0;225;21700.0;16100.0;2800.0
Departamento;Santa Fe;3;2;2;108;14000.0;5250.0;875.0
Departamento en Hotel;Coyoacán;2;1;1;100;28000.0;15050.0;1400.0
Departamento;Coyoacán;3;1;1;120;24500.0;3591.0;
Departamento;Bosques de las Lomas;1;1;0;57;15750.0;6597.5;875.0
Departamento;Condesa;1;0;0;55;10500.0;3150.0;350.0
Departamento;Santa Fe;4;3;2;240;45500.0;12530.0;2268.0
Casa de Condominio;Santa Fe;5;5;5;580;52500.0;2870.0;37359.0
Departamento en Hotel;Coyoacán;2;1;1;100;38500.0;14294.0;2240.0
Conjunto Comercial/Sala;Santa Fe;0;1;0;30;5075.0;5246.5;
Departamento;Lomas de Chapultepec;2;1;1;80;19250.0;5768.0;878.5
Casa de Condominio;Santa Fe;4;4;2;400;26250.0;4007.5;2625.0
Departamento;Condesa;2;0;0;69;8400.0;2964.5;406.0
Departamento;Santa Fe;4;2;1;140;12950.0;6650.0;1155.0
Departamento;San Pedro de los Pinos;3;1;0;88;11200.0;2765.0;668.5
Departamento;Santa Fe;2;1;1;63;7700.0;6300.0;
Departamento;La Florida;2;0;0;140;2800.0;;98.0
Casa Comercial;Del Valle;27;0;10;1000;45500.0;;3150.0
Departamento;San Miguel Chapultepec;2;1;0;80;5600.0;2205.0;227.5
Conjunto Comercial/Sala;Centro Histórico;0;0;0;37;1050.0;2747.5;378.0
Cocineta;Centro Histórico;1;0;0;32;3850.0;1400.0;77.0
Departamento;Santa Fe;3;2;1;106;8750.0;6202.0;871.5
Departamento;Lomas de Chapultepec;4;2;2;230;62650.0;17500.0;2100.0
Departamento;San Pedro de los Pinos;2;0;0;70;8400.0;2450.0;602.0
Cocineta;Condesa;1;1;0;35;7700.0;1960.0;224.0
Conjunto Comercial/Sala;Centro Histórico;0;0;0;50;5250.0;;
Conjunto Comercial/Sala;Coyoacán;0;1;0;26;9450.0;4105.5;
Departamento;Santa Fe;3;2;2;230;14700.0;6650.0;1225.0
Conjunto Comercial/Sala;Centro Histórico;0;0;0;187;17500.0;25140.5;3605.0
Departamento;Condesa;1;0;0;50;5250.0;2397.5;385.0
Departamento;Coyoacán;4;2;2;400;42000.0;28000.0;17500.0
Departamento;Coyoacán;4;2;1;292;49000.0;8750.0;1750.0
Departamento;Lomas de Chapultepec;1;0;1;57;13125.0;2555.0;728.0
Departamento;Santa Fe;1;1;1;109;10500.0;5250.0;8011.5
Edificio Completo;San Sebastián;0;5;0;842;87500.0;;1050.0
Cocineta;Centro Histórico;1;0;0;20;2975.0;1365.0;84.0
Departamento;Condesa;2;0;0;70;7700.0;2555.0;518.0
Conjunto Comercial/Sala;Santa Fe;0;0;0;20;1256.5;;
Departamento;Peralvillo;2;1;0;75;2800.0;1697.5;
Conjunto Comercial/Sala;La Condesa;0;0;0;10;17216.5;;
Conjunto Comercial/Sala;Santa Fe;0;7;0;141;56000.0;11550.0;3325.0
Tienda/Salón;Santa Fe;0;0;0;210;227500.0;;
Departamento;Roma Norte;2;1;0;53;2275.0;1757.0;
Departamento;Narvarte;3;1;1;150;10500.0;5523.0;630.0
Conjunto Comercial/Sala;Coyoacán;0;0;0;40;4200.0;15750.0;2800.0
Conjunto Comercial/Sala;Santa Fe;0;1;0;24;2450.0;976.5;94.5
Departamento;Narvarte;2;0;0;95;4550.0;2380.0;451.5
Departamento;Roma;2;1;1;78;15102.5;3867.5;654.5
Departamento;Santa Fe;2;2;2;111;21000.0;12250.0;2464.0
Departamento;Roma Norte;2;1;1;52;5250.0;1820.0;
Departamento;La Condesa;1;0;0;30;4900.0;1575.0;105.0
Conjunto Comercial/Sala;Roma;0;0;0;180;21000.0;11070.5;3930.5
Departamento;Santa Fe;3;1;1;120;10150.0;7525.0;1358.0
Conjunto Comercial/Sala;Roma;0;42;0;2260;1107400.0;270144.0;42633.5
Departamento;Narvarte;2;1;2;121;8050.0;3500.0;
Departamento;Santa Fe;2;1;1;72;6300.0;3122.0;654.5
Departamento;Mixcoac;2;0;0;58;3500.0;665.0;
Conjunto Comercial/Sala;Santa Fe;0;2;0;68;5250.0;7735.0;1711.5
Tienda/Salón;Centro Histórico;0;0;0;30;35000.0;;
Departamento;Roma;3;1;0;200;13300.0;4725.0;1162.0
Conjunto Comercial/Sala;Santa Fe;0;1;0;35;2450.0;2940.0;791.0
Conjunto Comercial/Sala;Centro Histórico;0;0;0;30;3150.0;1575.0;
Casa de Condominio;Santa Fe;4;10;0;771;87500.0;5425.0;514.5
Departamento;Lomas de Chapultepec;2;0;0;80;11200.0;4200.0;864.5
Conjunto Comercial/Sala;Centro Histórico;0;1;0;203;22050.0;17027.5;3997.0
Departamento;Coyoacán;5;5;4;375;63000.0;28000.0;8750.0
Departamento;Santa Fe;1;1;0;68;7000.0;2800.0;805.0
Departamento;El Rosedal;2;1;0;42;2800.0;910.0;
Conjunto Comercial/Sala;Centro Histórico;0;0;0;108;5950.0;4788.0;1638.0
Departamento;Condesa;3;0;0;110;16800.0;3150.0;
Departamento;Coyoacán;1;1;0;46;14000.0;2278.5;273.0
Departamento;San Miguel Chapultepec;2;1;0;72;5250.0;1575.0;315.0
Conjunto Comercial/Sala;Centro Histórico;0;4;0;972;91000.0;54250.0;13300.0
Departamento;Nueva Santa María;2;1;1;68;2450.0;2677.5;49.0
Departamento;Condesa;2;0;0;70;5250.0;1785.0;
Departamento;Polanco;3;2;1;172;12950.0;5250.0;
Conjunto Comercial/Sala;San Miguel Chapultepec;0;1;0;25;2450.0;2296.0;290.5
Departamento;Lomas de Chapultepec;2;1;0;80;19600.0;5600.0;1050.0
Conjunto Comercial/Sala;Centro Histórico;0;0;0;37;2765.0;4830.0;444.5
Departamento;Condesa;1;0;0;50;8050.0;1855.0;262.5
Departamento;Narvarte;3;0;0;116;7000.0;2555.0;4060.0
Departamento;Coyoacán;2;1;1;110;19250.0;4550.0;840.0
Casa de Vecindad;Peralvillo;2;1;0;98;4725.0;1155.0;126.0
Conjunto Comercial/Sala;Centro Histórico;0;12;0;2612;685650.0;155414.0;31538.5
Conjunto Comercial/Sala;Centro Histórico;0;0;0;80;5250.0;3741.5;1116.5
Departamento;Condesa;3;1;0;135;16800.0;2940.0;875.0
Departamento;San Rafael;3;0;1;85;5950.0;1330.0;122.5
Departamento;Santa Marta Acatitla;2;0;0;50;2275.0;1225.0;
Departamento;Condesa;1;0;0;20;7000.0;910.0;525.0
Departamento;Santa Fe;2;1;1;70;7000.0;4305.0;945.0
Departamento;Juárez;2;0;0;70;7700.0;2100.0;315.0
Departamento;Condesa;2;0;0;73;8050.0;2450.0;
Departamento;Villa de Cortés;2;0;0;65;3500.0;497.0;
Departamento;Loma Bonita;2;0;0;70;2800.0;;
Departamento;Santa Fe;2;1;1;80;8750.0;3500.0;420.0
Conjunto Comercial/Sala;Narvarte;0;1;0;41;5600.0;4543.0;
Departamento en Hotel;Coyoacán;2;2;1;100;31500.0;14350.0;15466.5
Departamento;Bosques de las Lomas;3;1;0;101;15750.0;5127.5;987.0
Departamento;Del Valle;3;1;1;105;13300.0;3500.0;525.0
Casa Comercial;San Miguel Chapultepec;0;3;0;140;42000.0;;1711.5
Departamento;Coyoacán;2;1;1;80;12250.0;3500.0;721.0
Departamento;Santa Fe;2;1;1;93;8925.0;3465.0;595.0
Departamento;Coyoacán;2;1;2;170;36750.0;8074.5;752.5
Departamento;Napoles;3;1;0;79;10500.0;4725.0;700.0
Conjunto Comercial/Sala;Santa Fe;0;3;0;87;12250.0;10934.0;2520.0
Departamento;Jardines de San Mateo;1;1;1;50;2800.0;630.0;
Departamento;San Miguel Chapultepec;2;2;0;62;5250.0;2712.5;175.0
Casa de Vecindad;Iztacalco;1;1;0;45;2625.0;105.0;
Departamento;Narvarte;2;0;0;70;4550.0;1470.0;87.5
Departamento;Santa Fe;2;1;1;73;7000.0;3101.0;
Casa Comercial;Roma;0;0;0;424;63000.0;;74977.0
Conjunto Comercial/Sala;Centro Histórico;0;0;0;20;1750.0;1750.0;
Departamento;Lomas de Chapultepec;2;1;1;82;12250.0;3920.0;1361.5
Departamento;La Loma;1;1;0;50;7525.0;3097.5;175.0
Departamento;San Pedro de los Pinos;3;2;1;92;12250.0;4550.0;787.5
Departamento en Hotel;Bosques de las Lomas;2;1;1;85;14000.0;6825.0;1225.0
Conjunto Comercial/Sala;Santa Fe;0;22;0;800;210000.0;56000.0;35000.0
Conjunto Comercial/Sala;Santa Fe;0;2;0;72;8750.0;8750.0;1960.0
Departamento;Lomas de Chapultepec;2;2;2;223;33250.0;13986.0;38272.5
Conjunto Comercial/Sala;Centro Histórico;0;0;0;30;2625.0;1295.0;385.0
Cocineta;Centro Histórico;1;0;0;28;2730.0;1470.0;84.0
Departamento;Santa Fe;4;2;1;189;28000.0;7700.0;2275.0
Tienda en Centro Comercial;Santa Fe;0;1;0;60;7000.0;3850.0;1505.0
Edificio Completo;Narvarte;9;0;0;280;31500.0;;
Departamento;Santa Fe;1;1;1;82;7700.0;4917.5;84.0
Conjunto Comercial/Sala;Centro Histórico;0;4;0;978;84000.0;61250.0;12071.5
Departamento;Condesa;3;1;0;80;10850.0;2450.0;605.5
Departamento;Condesa;4;1;3;300;17500.0;5250.0;525.0
Departamento;Santa Fe;2;1;1;78;7350.0;4725.0;490.0
Departamento;Polanco;3;1;1;110;10500.0;3972.5;840.0
Departamento en Hotel;Coyoacán;2;1;1;100;28000.0;15050.0;1400.0
Departamento en Hotel;Condesa;1;1;1;60;15750.0;;
Departamento;Bosques de las Lomas;3;3;3;227;52500.0;12862.5;3430.0
Departamento;Narvarte;2;0;0;69;4200.0;1855.0;280.0
Casa de Condominio;Santa Fe;4;4;0;365;35000.0;4224.5;4189.5
Departamento;Narvarte;2;0;0;69;5600.0;700.0;70.0
Conjunto Comercial/Sala;Centro Histórico;0;6;0;603;126630.0;42661.5;13566.0
Conjunto Comercial/Sala;Centro Histórico;0;5;0;350;61250.0;12834.5;7378.0
Departamento;Santa Fe;4;2;2;500;91000.0;28000.0;
Cocineta;Roma;1;0;0;35;8400.0;1750.0;175.0
Departamento;Santa Fe;4;0;4;223;29750.0;10850.0;2450.0
Conjunto Comercial/Sala;Roma;0;3;0;500;262500.0;58992.5;9432.5
Cocineta;Condesa;1;0;0;25;2625.0;1736.0;101.5
Departamento;Bosques de las Lomas;3;1;1;120;14000.0;4200.0;836.5
Departamento;Bosques de las Lomas;2;1;0;58;8750.0;5152.0;
Departamento;Coyoacán;2;0;1;82;14000.0;3160.5;560.0
Departamento;Roma;2;1;1;90;11200.0;3220.0;455.0
Departamento;Condesa;3;1;1;150;17150.0;6674.5;1109.5
Departamento;Condesa;1;0;0;33;5950.0;1645.0;196.0
Conjunto Comercial/Sala;Santa Fe;0;1;0;32;3850.0;3430.0;
Departamento;Coyoacán;3;2;1;200;33250.0;12600.0;5250.0
Departamento;Lomas de Chapultepec;3;1;1;180;33250.0;10500.0;
Casa;Santa Fe;6;4;4;300;45500.0;2800.0;5250.0
Casa;San Miguel Chapultepec;3;0;0;75;7350.0;;234.5
Departamento;Coyoacán;2;1;0;70;14000.0;2149.0;
Conjunto Comercial/Sala;Santa Fe;0;1;0;94;27650.0;9275.0;
Departamento;Condesa;3;1;0;140;11550.0;6160.0;847.0
Departamento;Lomas de Chapultepec;2;1;0;80;12600.0;3255.0;430.5
Conjunto Comercial/Sala;Centro Histórico;0;0;0;312;103250.0;23856.0;68789.0
Conjunto Comercial/Sala;Centro Histórico;0;8;0;362;169561.0;26799.5;6300.0
Departamento;Del Valle;2;0;0;74;8050.0;2072.0;350.0
Casa;Polanco;4;1;4;387;87500.0;;2037.0
Departamento;Condesa;3;1;0;107;15344.0;4336.5;777.0
Departamento;Del Valle;1;0;0;45;2450.0;;87.5
Casa;San Gregorio Atlapulco;2;3;0;100;4200.0;;
Departamento en Hotel;Coyoacán;2;2;2;90;35000.0;16100.0;1225.0
Departamento;Condesa;3;1;0;160;12950.0;6300.0;
Conjunto Comercial/Sala;Centro Histórico;0;0;0;28;1750.0;2730.0;
Conjunto Comercial/Sala;Santa Fe;0;1;0;36;4900.0;2450.0;1218.0
Departamento;Coyoacán;3;1;1;160;24500.0;6548.5;20716.5
Departamento;Coyoacán;4;2;3;300;82250.0;12250.0;
Conjunto Comercial/Sala;Centro Histórico;0;0;0;315;55125.0;19645.5;6048.0
Terreno Estándar;Santa Fe;0;0;0;1110;490000.0;;
Departamento;Condesa;3;1;0;105;8750.0;4900.0;770.0
Departamento;Narvarte;3;0;0;86;8750.0;1963.5;395.5
Departamento;Condesa;4;4;1;260;35000.0;6993.0;1575.0
Departamento;Santa Fe;5;2;3;570;52500.0;5075.0;2800.0
Conjunto Comercial/Sala;Centro Histórico;0;0;0;289;42000.0;20842.5;4749.5
Departamento;Santa Fe;3;0;1;86;5600.0;3248.0;878.5
Departamento;Roma Norte;3;0;0;86;5600.0;1225.0;
Departamento;Narvarte;3;1;2;116;8750.0;3150.0;770.0
Departamento;Peralvillo;2;1;1;70;5425.0;1750.0;
Departamento;Santa Fe;2;1;1;70;6125.0;2222.5;45.5
Departamento;Coyoacán;2;1;0;100;9800.0;2852.5;854.0
Conjunto Comercial/Sala;Centro Histórico;0;0;0;60;6300.0;1977.5;
Departamento;Condesa;4;0;1;120;19250.0;4966.5;595.0
Departamento;Nueva Santa María;1;0;1;40;1750.0;1596.0;126.0
Edificio Completo;Centro Histórico;0;0;0;7000;1855000.0;;
Departamento;Del Valle;2;1;1;90;11900.0;6527.5;980.0
Departamento;Coyoacán;1;1;0;55;14000.0;2730.0;420.0
Departamento;Santa Fe;1;1;0;63;7700.0;3486.0;406.0
Departamento;Coyoacán;3;1;1;164;42000.0;5950.0;
Departamento;Coyoacán;2;2;2;220;66150.0;8050.0;
Departamento;Roma;2;1;0;45;7700.0;1487.5;105.0
Departamento;Santa Fe;4;3;2;160;14000.0;9275.0;
Cocineta;Lomas de Chapultepec;0;0;0;30;6300.0;;
Departamento;Narvarte;2;0;0;70;5250.0;3066.0;339.5
Conjunto Comercial/Sala;Centro Histórico;0;8;0;603;147735.0;42665.0;
Departamento;Bosques de las Lomas;3;4;1;380;87500.0;17500.0;6300.0
Departamento;Santa Fe;2;1;1;98;10150.0;3780.0;
Conjunto Comercial/Sala;Centro Histórico;0;0;0;67;2450.0;3762.5;854.0
Departamento;Santa Fe;2;1;1;72;7700.0;4865.0;420.0
Departamento;Nueva Santa María;2;1;0;66;4200.0;2135.0;122.5
Departamento;Coyoacán;3;1;1;145;31500.0;3850.0;13650.0
Departamento;Coyoacán;2;0;2;80;56000.0;7000.0;12250.0
Departamento;Narvarte;4;3;2;180;17500.0;6650.0;1799.0
Casa;San Miguel Chapultepec;2;0;0;45;4900.0;280.0;
Conjunto Comercial/Sala;Roma;0;3;0;241;56000.0;32840.5;
Departamento;Atlampa;2;1;0;82;5775.0;763.0;
Departamento;Lomas de Chapultepec;4;2;2;160;25200.0;6300.0;2565.5
Departamento;Culhuacán CTM;2;1;1;60;4550.0;2065.0;140.0
Departamento;Coyoacán;3;1;2;120;18550.0;3150.0;350.0
Departamento;Potrero de San Bernardino;1;0;0;25;1225.0;;
Departamento;Coyoacán;3;1;1;160;27300.0;4655.0;1725.5
Conjunto Comercial/Sala;Centro Histórico;0;0;0;193;35000.0;4375.0;
Conjunto Comercial/Sala;Roma;0;3;0;100;31500.0;10045.0;
Departamento;Condesa;2;0;1;65;8750.0;2975.0;455.0
Departamento;Roma;2;1;1;103;19950.0;4900.0;616.0
Departamento;Del Valle;4;1;1;173;17500.0;5250.0;1148.0
Tienda/Salón;Centro Histórico;0;0;0;430;175000.0;;13177.5
Departamento;Lomas de Chapultepec;3;2;1;140;17500.0;6125.0;1715.0
Departamento;Santa Fe;2;1;1;74;8050.0;4725.0;
Departamento;Bosques de las Lomas;4;2;1;150;21000.0;4200.0;1225.0
Departamento;Roma Norte;3;0;0;86;6300.0;1855.0;266.0
Departamento;Villa Coapa;2;1;0;55;3150.0;;
Departamento;Coyoacán;3;1;1;114;15750.0;2800.0;864.5
Edificio Completo;Roma;0;20;0;3100;1050000.0;;
Casa de Condominio;Santa Fe;5;4;4;400;24500.0;2838.5;
Departamento;Coyoacán;3;2;2;190;80500.0;9800.0;3010.0
Conjunto Comercial/Sala;La Merced;0;0;0;2188;492660.0;111996.5;14098.0
Conjunto Comercial/Sala;Centro Histórico;0;1;0;32;3500.0;3850.0;416.5
Tienda/Salón;Centro Histórico;0;0;0;7;8750.0;962.5;
Departamento;Condesa;2;0;0;85;10500.0;3458.0;371.0
Cocineta;Condesa;1;0;1;40;14000.0;1400.0;
Departamento;Condesa;4;4;2;150;34300.0;9642.5;2611.0
Departamento;Polanco;2;1;1;80;13300.0;3150.0;490.0
Departamento;Narvarte;2;0;0;74;4200.0;2789.5;
Departamento;Arboledas;2;1;0;46;2800.0;1760.5;472.5
Departamento;Condesa;3;0;0;79;14000.0;4385.5;
Conjunto Comercial/Sala;Centro Histórico;0;0;0;293;51296.0;21542.5;3209.5
Departamento;Coyoacán;2;1;0;70;14000.0;2149.0;525.0
Casa de Vecindad;Xochimilco;1;0;0;50;3850.0;;24.5
Cocineta;Centro Histórico;1;0;0;25;2730.0;1225.0;70.0
Tienda/Salón;Roma;0;0;0;95;41650.0;;2187.5
Departamento;Roma;3;1;1;95;14700.0;3885.0;
Conjunto Comercial/Sala;Centro Histórico;0;0;0;30;6300.0;2100.0;262.5
Conjunto Comercial/Sala;Roma;0;7;0;350;105000.0;19600.0;
Conjunto Comercial/Sala;Centro Histórico;0;0;0;114;6300.0;6650.0;1032.5
Departamento;Nueva Santa María;2;2;0;59;3850.0;955.5;
Departamento;Santa Fe;4;3;4;333;49000.0;15750.0;4595.5
Departamento;Roma;3;2;1;130;15750.0;5173.0;
Departamento;Coyoacán;3;1;1;104;29750.0;4091.5;10958.5
Departamento;Condesa;4;1;1;560;63000.0;11200.0;1960.0
Departamento;Narvarte;2;0;0;66;6650.0;1750.0;287.0
Galpón/Depósito/Almacén;Del Valle;0;0;0;542;21000.0;;2509.5
Galpón/Depósito/Almacén;Nativitas;0;90;0;9080;77000.0;;59563.0
Tienda/Salón;Centro Histórico;0;0;0;370;38500.0;;301.0
Departamento;Bosques de las Lomas;2;2;1;140;17500.0;8750.0;
Conjunto Comercial/Sala;Roma;0;8;0;605;243250.0;57298.5;17171.0
Tienda/Salón;Narvarte;0;0;0;64;10500.0;14000.0;6650.0
Departamento;Narvarte;2;0;0;70;7000.0;2450.0;280.0
Departamento;Santa Fe;2;2;2;120;13300.0;9800.0;
Departamento;Lindavista Sur;2;1;0;45;2975.0;875.0;
Departamento;Polanco;2;2;1;75;10150.0;4980.5;679.0
Departamento;Coyoacán;2;1;0;78;12600.0;2254.0;448.0
Edificio Completo;Roma;0;0;0;778;245000.0;;
Conjunto Comercial/Sala;Santa Fe;0;1;0;24;2450.0;1403.5;94.5
Cocineta;Condesa;1;0;0;28;5950.0;1610.0;192.5
Conjunto Comercial/Sala;Santa Fe;0;0;0;30;5600.0;2415.0;
Departamento;Coyoacán;3;1;1;145;29750.0;5600.0;
Conjunto Comercial/Sala;Lomas de Chapultepec;0;1;0;160;56000.0;7875.0;3150.0
Conjunto Comercial/Sala;Centro Histórico;0;0;0;104;15750.0;3325.0;1575.0
Departamento;Lomas de Chapultepec;1;1;0;60;12600.0;2548.0;
Conjunto Comercial/Sala;Centro Histórico;0;5;0;325;96687.5;23887.5;7962.5
Departamento;Coyoacán;3;1;2;110;18550.0;3710.0;1050.0
Departamento;San Miguel Chapultepec;1;0;0;42;4375.0;1347.5;87.5
Tienda/Salón;Centro Histórico;0;0;0;112;11200.0;;
Departamento;Nativitas;1;0;0;22;2800.0;455.0;87.5
Tienda/Salón;Condesa;0;0;0;54;8750.0;4200.0;1396.5
Conjunto Comercial/Sala;Roma;0;1;0;30;5950.0;1750.0;661.5
Departamento;Santa Fe;0;0;0;15;350.0;;
Tienda/Salón;Barrio Bravo;0;0;0;140;24500.0;;
Departamento;Narvarte;2;1;1;73;6300.0;3157.0;
Tienda/Salón;Peralvillo;0;0;0;40;8750.0;3150.0;
Departamento;Coyoacán;3;1;1;130;34300.0;7980.0;
Departamento;Santa Fe;3;2;1;120;12250.0;5519.5;10587.5
Departamento;Tlalpan;3;1;1;130;16800.0;7350.0;10500.0
Departamento;Santa Fe;4;4;4;278;52500.0;;
Departamento;San Miguel Chapultepec;2;1;0;58;4550.0;2065.0;70.0
Tienda/Salón;Santa Fe;0;2;0;222;140000.0;9996.0;9121.0
Tienda/Salón;Centro Histórico;0;0;0;448;87500.0;;103467.0
Conjunto Comercial/Sala;Centro Histórico;0;0;0;400;112000.0;21000.0;7000.0
Departamento;Coyoacán;3;1;1;140;26250.0;10150.0;
Departamento;Lomas de Chapultepec;2;1;1;70;21000.0;4200.0;630.0
Casa Comercial;La Virgen;0;0;0;180;14000.0;;770.0
Departamento;Narvarte;4;1;1;140;9450.0;4294.5;1004.5
Departamento;San Ángel;2;1;1;90;16100.0;3150.0;
Departamento;Bosques de las Lomas;3;2;2;117;23100.0;5992.0;
Conjunto Comercial/Sala;Santa Fe;0;1;0;27;3500.0;3325.0;
Departamento;Coyoacán;2;2;2;75;19250.0;6650.0;885.5
Departamento;Lomas de Chapultepec;3;2;1;203;35000.0;11329.5;2072.0
Conjunto Comercial/Sala;Coyoacán;0;0;0;70;17500.0;5250.0;2450.0
Casa de Condominio;Santa Fe;5;4;5;900;73500.0;4550.0;5600.0
Departamento;Coyoacán;3;1;1;115;22750.0;5950.0;805.0
Conjunto Comercial/Sala;Santa Fe;0;10;0;400;56000.0;28700.0;1837.5
Tienda/Salón;Santa María Nativitas;0;0;0;60;7000.0;;472.5
Departamento;Coyoacán;1;0;0;37;8750.0;1925.0;469.0
Departamento;Coyoacán;3;1;1;300;26250.0;9625.0;
Departamento;Roma;1;0;0;24;3500.0;1750.0;105.0
Departamento;Condesa;5;1;0;200;21000.0;5915.0;1057.0
Departamento;Lomas de Chapultepec;4;3;2;145;45500.0;8750.0;2457.0
Conjunto Comercial/Sala;Centro Histórico;0;0;0;41;2800.0;1806.0;700.0
Departamento;Coyoacán;1;0;0;27;5950.0;1382.5;84.0
Departamento en Hotel;Condesa;1;1;0;43;6604.5;7409.5;1732.5
Departamento;Santa Fe;3;2;1;72;11200.0;4200.0;385.0
Tienda/Salón;Centro Histórico;0;0;0;1600;875000.0;;
Departamento;Santa Fe;4;4;3;500;70000.0;28000.0;7000.0
Departamento;Roma;3;1;1;130;10500.0;3850.0;665.0
Departamento;Condesa;2;0;0;70;8750.0;4116.0;
Departamento;Condesa;2;0;0;75;7700.0;1960.0;3500.0
Departamento;Coyoacán;4;2;1;240;82250.0;14000.0;3500.0
Conjunto Comercial/Sala;Santa Fe;0;1;0;36;4200.0;2957.5;780.5
Conjunto Comercial/Sala;Centro Histórico;0;0;0;75;9450.0;4959.5;
Departamento;Coyoacán;5;4;1;281;42000.0;12278.0;3622.5
Casa de Condominio;Santa Fe;5;5;2;400;43750.0;6674.5;
Conjunto Comercial/Sala;Santa Fe;0;0;0;18;2765.0;1130.5;630.0
Casa;Polanco;3;0;0;115;15750.0;;801.5
Departamento;Santa Fe;4;4;4;435;87500.0;24360.0;5950.0
Departamento;Narvarte;2;1;0;61;4900.0;1648.5;175.0
Departamento;La Condesa;3;0;1;135;;3185.0;798.0
Departamento;Narvarte;3;1;1;68;8400.0;3552.5;4032.0
Departamento;Lomas de Chapultepec;3;1;0;90;12950.0;3430.0;1120.0
Departamento;Santa Fe;3;2;1;120;16800.0;8925.0;2275.0
Cocineta;Juárez;1;0;0;24;4550.0;1711.5;
Terreno Estándar;Santa Fe;0;0;0;678;70000.0;;4921.0
Departamento;Santa Fe;2;1;1;70;5600.0;3360.0;
Casa de Condominio;Los Alpes;4;3;2;300;35000.0;5705.0;2275.0
Conjunto Comercial/Sala;Coyoacán;0;1;0;31;7700.0;2597.0;577.5
Departamento;Santa Fe;3;2;1;107;13300.0;5838.0;1211.0
Departamento;Condesa;2;0;1;90;12250.0;;
Galpón/Depósito/Almacén;Polanco;0;0;0;20000;280000.0;;
Conjunto Comercial/Sala;Santa Fe;0;6;0;292;80500.0;24594.5;
Departamento;Santa Fe;4;2;1;160;19250.0;5600.0;2100.0
Departamento;San Miguel Chapultepec;2;2;1;70;4550.0;2275.0;73.5
Casa;Jardines de San Mateo;1;0;0;50;1750.0;;
Conjunto Comercial/Sala;Centro Histórico;0;0;0;148;16800.0;5180.0;2240.0
Departamento;Condesa;1;0;0;35;5600.0;1410.5;84.0
Casa de Condominio;Santa Fe;4;0;4;320;24500.0;1750.0;4200.0
Cochera/Estacionamiento;Centro Histórico;0;0;0;315;350000.0;;3815.0
Departamento;Roma;3;0;1;91;8050.0;1067.5;581.0
Departamento;Santa Fe;3;1;1;110;9450.0;5950.0;980.0
Conjunto Comercial/Sala;Santa Fe;0;1;0;36;12250.0;2800.0;595.0
Departamento;Santa Fe;3;2;1;201;25200.0;11200.0;23940.0
Departamento;Condesa;2;0;0;120;13650.0;1750.0;350.0
Edificio Completo;Roma;0;30;0;3100;1050000.0;;60490.5
Departamento;Roma;1;0;0;70;5425.0;1120.0;315.0
Departamento;Roma;3;0;1;107;12250.0;4340.0;1067.5
Conjunto Comercial/Sala;Santa Fe;0;1;0;27;4550.0;1526.0;
Conjunto Comercial/Sala;Lomas de Chapultepec;0;0;0;150;122500.0;23600.5;
Tienda en Centro Comercial;Santa Fe;0;0;0;23;5250.0;4480.0;1057.0
Galpón/Depósito/Almacén;Santa Fe;0;40;0;3400;315000.0;;12950.0
Departamento;Lomas de Chapultepec;4;1;1;150;33250.0;7350.0;1400.0
Departamento;San Pedro de los Pinos;2;0;0;70;7350.0;2170.0;350.0
Casa;Centro Histórico;2;0;1;180;14700.0;;
Casa de Condominio;Santa Fe;4;2;4;266;31500.0;5250.0;
Tienda en Centro Comercial;Santa Fe;0;1;0;72;10500.0;1739.5;2803.5
Departamento;Narvarte;2;1;1;80;10500.0;2625.0;486.5
Departamento;Roma;2;1;1;76;10325.0;3307.5;546.0
Conjunto Comercial/Sala;Santa Fe;0;1;0;35;3500.0;1967.0;896.0
Tienda en Centro Comercial;San Ángel;0;0;0;50;25550.0;5757.5;2765.0
Departamento;Santa Fe;3;1;1;90;8575.0;5131.0;581.0
Conjunto Comercial/Sala;Coyoacán;0;1;0;30;21000.0;5369.0;1169.0
Departamento;Villa de Cortés;2;1;0;60;2800.0;980.0;
Departamento;Santa Fe;3;2;1;74;8750.0;2177.0;224.0
Casa de Condominio;Santa Fe;4;8;4;423;28000.0;3500.0;4200.0
Departamento;Del Valle;4;1;2;280;24500.0;6545.0;1949.5
Conjunto Comercial/Sala;Narvarte;0;1;0;58;4550.0;3290.0;630.0
Departamento;San Miguel Chapultepec;2;1;0;120;7700.0;1365.0;700.0
Conjunto Comercial/Sala;Santa Fe;0;56;0;2250;591500.0;;
Departamento;Roma;3;1;1;108;20825.0;5061.0;1011.5
Departamento;Lomas de Chapultepec;3;3;1;150;45500.0;10325.0;2558.5
Cocineta;Centro Histórico;1;0;0;30;3150.0;1522.5;280.0
Departamento;Lomas de Chapultepec;2;2;1;94;26250.0;6300.0;1120.0
Conjunto Comercial/Sala;Centro Histórico;0;0;0;80;4200.0;8043.0;773.5
Departamento;Napoles;4;2;2;350;22750.0;9100.0;2100.0
Conjunto Comercial/Sala;Santa Fe;0;1;0;27;2800.0;2656.5;434.0
Tienda/Salón;Santa Fe;0;1;0;57;5250.0;4550.0;1505.0
Departamento;Lomas de Chapultepec;2;1;1;96;17325.0;5355.0;1106.0
Departamento en Hotel;Lomas de Chapultepec;2;1;2;85;26250.0;3419.5;983.5
Departamento;Narvarte;2;1;1;78;8050.0;1960.0;287.0
Departamento;Condesa;4;1;3;240;63000.0;5950.0;14280.0
Departamento;Santa Fe;4;3;3;173;19250.0;8400.0;14000.0
Conjunto Comercial/Sala;Centro Histórico;0;0;0;29;2450.0;2100.0;315.0
Departamento;Condesa;3;0;1;107;13650.0;3150.0;798.0
Tienda en Centro Comercial;Coyoacán;0;0;0;30;8750.0;5733.0;1599.5
Conjunto Comercial/Sala;Centro Histórico;0;4;0;250;10500.0;7420.0;1771.0
Departamento;Santa Fe;1;1;1;44;3500.0;2765.0;52.5
Departamento;Villa de Guadalupe;2;1;0;63;3850.0;1400.0;70.0
Departamento;San Pedro de los Pinos;2;0;0;67;9100.0;2198.0;353.5
Departamento;Lomas de Chapultepec;3;2;1;340;35000.0;10500.0;4200.0
Departamento;Santa Fe;2;1;1;78;8050.0;3307.5;455.0
Departamento;San Pedro de los Pinos;2;0;1;96;11900.0;3132.5;570.5
Departamento;Condesa;4;1;0;180;15050.0;3745.0;1533.0
Departamento;Bosques de las Lomas;2;2;1;98;12600.0;2800.0;945.0
Conjunto Comercial/Sala;Santa Fe;0;1;0;37;7700.0;2520.0;6398.0
Departamento;Santa Fe;2;1;2;86;9800.0;4900.0;875.0
Departamento;Santa Fe;1;1;0;75;7700.0;4060.0;1165.5
Departamento;Napoles;2;1;1;150;22400.0;5600.0;1050.0
Departamento;Roma;3;1;1;108;20825.0;4917.5;959.0
Departamento;San Ángel;2;1;0;78;11900.0;3440.5;
Departamento;San Ángel;3;1;0;113;17500.0;5425.0;
Departamento;Santa Fe;1;1;0;67;5250.0;4095.0;
Departamento;Santa Fe;4;3;4;500;24500.0;19250.0;3850.0
Conjunto Comercial/Sala;Centro Histórico;0;0;0;32;3150.0;2730.0;3080.0
Tienda en Centro Comercial;Santa Fe;0;1;0;80;15750.0;6958.0;1711.5
Departamento;Polanco;4;2;1;240;38500.0;6475.0;1750.0
Departamento;Coyoacán;4;1;1;150;33250.0;8750.0;1750.0
Conjunto Comercial/Sala;Centro Histórico;0;0;0;100;14000.0;12250.0;1669.5
Departamento;Santa Fe;2;1;1;68;8050.0;2765.0;581.0
Conjunto Comercial/Sala;Santa Fe;0;1;0;35;4900.0;4322.5;11011.0
Conjunto Comercial/Sala;Peralvillo;0;0;0;20;2450.0;;
Conjunto Comercial/Sala;Centro Histórico;0;0;0;292;17500.0;27002.5;6618.5
Departamento;Peralvillo;3;1;1;75;5250.0;2065.0;
Tienda/Salón;Condesa;0;0;0;214;26250.0;;696.5
Departamento;Santa Fe;4;4;4;492;31500.0;20300.0;4550.0
Departamento;Peralvillo;2;1;0;56;4200.0;1071.0;
Departamento en Hotel;Condesa;1;1;0;35;10150.0;4200.0;472.5
Departamento;Coyoacán;1;0;0;31;7000.0;2222.5;276.5
Cocineta;Condesa;0;0;0;36;5250.0;1400.0;
Departamento;Santa Fe;2;1;2;88;8225.0;5110.0;7766.5
Conjunto Comercial/Sala;Centro Histórico;0;0;0;62;3500.0;4431.0;584.5
Departamento;Roma;2;1;0;68;9100.0;2380.0;
Departamento;Condesa;2;2;1;86;9800.0;2289.0;945.0
Departamento;San Pedro de los Pinos;3;1;1;106;14350.0;2922.5;710.5
Casa de Condominio;Santa Fe;4;2;4;240;35000.0;4200.0;2100.0
Departamento;Chapultepec;3;1;0;106;5250.0;;367.5
Conjunto Comercial/Sala;Centro Histórico;0;2;0;460;112700.0;28420.0;
Conjunto Comercial/Sala;Narvarte;0;0;0;30;3850.0;2450.0;329.0
Tienda/Salón;San Sebastián;0;20;0;740;157500.0;17500.0;
Departamento;Santa Fe;3;2;1;70;5950.0;2975.0;385.0
Tienda/Salón;Coyoacán;0;0;0;90;23800.0;3717.0;1400.0
Conjunto Comercial/Sala;Centro Histórico;0;0;0;212;14000.0;12939.5;4375.0
Departamento;Santa Fe;4;4;4;320;59500.0;17500.0;6072.5
Casa;Industrial Vallejo;1;0;0;40;1925.0;;
Departamento;Condesa;1;0;0;60;8750.0;1750.0;84.0
Departamento;Santa Fe;2;1;1;74;8750.0;2786.0;777.0
Conjunto Comercial/Sala;Centro Histórico;0;0;0;115;14000.0;10500.0;2205.0
Conjunto Comercial/Sala;Centro Histórico;0;0;0;28;2975.0;1211.0;
Casa de Condominio;Santa Fe;3;6;1;420;24150.0;3472.0;2705.5
Conjunto Comercial/Sala;Centro Histórico;0;0;0;125;12600.0;4123.0;1883.0
Departamento;Condesa;3;1;2;160;42000.0;;
Departamento;Lomas de Chapultepec;4;2;1;220;42000.0;14000.0;2719.5
Departamento;Santa Fe;5;3;5;1147;84000.0;24500.0;245000.0
Departamento;San Ángel;2;0;0;80;9450.0;2450.0;455.0
Departamento;El Rosedal;1;0;0;28;2800.0;;
Departamento;Santa Fe;2;1;1;69;8400.0;3867.5;455.0
Departamento;Centro Histórico;1;0;0;40;3500.0;1340.5;87.5
Conjunto Comercial/Sala;Santa Fe;0;99;0;3579;1127385.0;288109.5;87685.5
Departamento;Lomas de Chapultepec;2;1;2;150;28000.0;4200.0;1750.0
Departamento;San Miguel Chapultepec;2;0;0;71;3150.0;1680.0;
Cocineta;Condesa;1;0;0;26;6300.0;1172.5;185.5
Cocineta;Roma;1;0;0;21;4375.0;1652.0;87.5
Departamento;Lomas de Chapultepec;3;3;1;166;29750.0;12519.5;1750.0
Departamento;Santa Fe;2;1;1;84;8050.0;4375.0;710.5
Tienda/Salón;Lomas de Chapultepec;0;0;0;30;28000.0;;
Departamento;Santa Fe;4;2;1;220;24500.0;4200.0;
Departamento;Santa Fe;2;1;1;70;5950.0;4025.0;6646.5
Departamento;Lomas de Chapultepec;2;0;0;53;7875.0;2555.0;577.5
Departamento;Doctores;1;0;1;40;3850.0;801.5;
Departamento;Condesa;1;0;0;30;3500.0;2100.0;196.0
Conjunto Comercial/Sala;Santa Fe;0;12;0;385;52500.0;54250.0;
Cocineta;Condesa;1;0;0;30;4550.0;2121.0;84.0
Conjunto Comercial/Sala;Santa Fe;0;3;0;104;22750.0;6933.5;
Departamento;Santa Fe;2;1;2;84;8750.0;5285.0;976.5
Conjunto Comercial/Sala;Centr