Tipo;Colonia;Habitaciones;Garages;Suites;Area;Valor;Condominio;Impuesto
Departamento;Narvarte;2;1;0;110;6650.0;2450.0;483.0
Departamento;Narvarte;2;1;0;78;7000.0;2450.0;0.0
Departamento;Roma;2;1;0;76;8750.0;2590.0;0.0
Departamento;Santa Fe;3;1;2;70;6300.0;3832.5;490.0
Departamento;Santa Fe;3;1;1;72;8225.0;2100.0;245.0
Departamento;Santa Fe;3;2;1;104;9100.0;4774.0;1421.0
Departamento;San Ángel;2;1;0;70;9800.0;2380.0;343.0
Departamento;Santa Fe;2;1;1;88;9450.0;4550.0;7147.0
Departamento;Santa Fe;3;2;2;85;8750.0;4900.0;665.0
Departamento;Santa Fe;2;1;1;78;9625.0;4550.0;483.0
Departamento;Santa Fe;1;1;1;70;5950.0;3045.0;500.5
Departamento;Narvarte;2;1;0;80;6300.0;3850.0;294.0
Departamento;Narvarte;3;1;0;172;9450.0;2730.0;595.0
Departamento;Roma;2;1;1;83;9800.0;1960.0;483.0
Departamento;Juárez;2;0;0;77;8400.0;3955.0;490.0
Departamento;Ciudad de los Deportes;2;0;0;80;3150.0;1225.0;0.0
Departamento;Santa Fe;3;2;1;128;10500.0;4844.0;1134.0
Departamento;Santa Fe;2;1;1;72;9100.0;5950.0;829.5
Departamento;Narvarte;3;0;0;87;5600.0;2275.0;350.0
Departamento;Santa Fe;3;1;2;93;8750.0;3850.0;0.0
Departamento;Nueva Santa María;2;2;0;78;2800.0;3202.5;192.5
Departamento;Santa Fe;2;1;1;85;8750.0;5505.5;689.5
Departamento;Narvarte;3;1;1;78;8750.0;2555.0;623.0
Departamento;Santa Fe;2;1;1;83;7000.0;5418.0;910.0
Departamento;Santa Fe;3;1;1;84;6650.0;3860.5;742.0
Departamento;Narvarte;3;0;0;75;6300.0;1225.0;0.0
Departamento;Narvarte;2;1;1;71;5250.0;2100.0;0.0
Departamento;Santa Fe;2;1;1;81;6650.0;4200.0;423.5
Departamento;Del Valle;3;1;1;90;8400.0;4588.5;0.0
Departamento;Narvarte;3;1;0;129;6300.0;2975.0;406.0
Departamento;Santa Fe;3;1;1;105;8750.0;4900.0;5250.0
Departamento;San Ángel;3;0;1;120;9450.0;3080.0;833.0
Departamento;Bosques de las Lomas;1;1;0;75;9800.0;2800.0;735.0
Departamento;Santa Fe;2;1;1;77;8750.0;2905.0;546.0
Departamento;Santa Fe;2;1;1;75;4900.0;4480.0;0.0
Departamento;Narvarte;2;1;1;70;5250.0;3115.0;238.0
Departamento;Álvaro Obregón;2;0;0;70;3500.0;112.0;0.0
Departamento;Condesa;2;1;1;81;10150.0;3125.5;665.0
Departamento;Ciudad de los Deportes;3;0;0;90;3150.0;1155.0;52.5
Departamento;San Miguel Chapultepec;3;3;1;124;5950.0;4900.0;0.0
Departamento;Del Valle;2;1;1;70;8050.0;2170.0;665.0
Departamento;Santa Fe;2;1;1;70;7700.0;2730.0;0.0
Departamento;Mixcoac;3;1;1;73;4200.0;1820.0;0.0
Departamento;Condesa;3;0;0;120;10500.0;4970.0;0.0
Departamento;Del Valle;2;0;0;110;8750.0;3388.0;584.5
Departamento;Santa Fe;2;2;1;105;10500.0;5250.0;0.0
Departamento;San Miguel Chapultepec;2;1;0;70;3850.0;1925.0;0.0
Departamento;Condesa;3;0;0;80;8750.0;2800.0;549.5
Departamento;Bosques de las Lomas;2;1;1;80;7700.0;9100.0;1470.0
Departamento;Narvarte;3;1;0;88;8050.0;2765.0;3097.5
Departamento;Narvarte;3;1;0;116;7000.0;2765.0;679.0
Departamento;San Miguel Chapultepec;3;0;0;82;4200.0;2324.0;301.0
Departamento;Narvarte;1;1;1;84;7000.0;2513.0;420.0
Departamento;Condesa;1;1;0;150;10500.0;4200.0;1365.0
Departamento;Roma;2;0;0;115;7700.0;3657.5;665.0
Departamento;Santa Fe;2;1;1;70;6300.0;2383.5;420.0
Departamento;Condesa;2;1;0;74;9100.0;3573.5;0.0
Departamento;San Pedro de los Pinos;2;1;0;75;10150.0;3241.0;315.0
Departamento;Del Valle;2;0;0;85;7350.0;2450.0;332.5
Departamento;Condesa;2;0;0;81;10500.0;2695.0;556.5
Departamento;Santa Fe;2;1;1;88;8400.0;4595.5;0.0
Departamento;Condesa;2;0;0;110;9800.0;2800.0;420.0
Departamento;Santa Fe;2;1;0;70;8400.0;6300.0;525.0
Departamento;Iztapalapa;2;1;0;70;2975.0;700.0;0.0
Departamento;Bosques de las Lomas;2;1;1;90;9450.0;4725.0;875.0
Departamento;San Pedro de los Pinos;3;1;0;95;8050.0;4550.0;420.0
Departamento;Santa Fe;2;1;0;90;7000.0;3430.0;5600.0
Departamento;Santa Fe;1;1;1;80;5950.0;3430.0;875.0
Departamento;Santa Fe;2;1;1;70;7700.0;3500.0;245.0
Departamento;Narvarte;1;1;1;87;4900.0;3699.5;567.0
Departamento;Bosques de las Lomas;2;1;0;77;9450.0;3675.0;1057.0
Departamento;Santa Fe;3;1;3;80;9800.0;4550.0;0.0
Departamento;Narvarte;2;1;0;70;6475.0;2618.0;168.0
Departamento;Narvarte;3;1;1;106;7175.0;3052.0;3528.0
Departamento;San Miguel Chapultepec;2;1;1;79;4550.0;3325.0;105.0
Departamento;Santa Fe;2;1;1;102;8750.0;5173.0;892.5
Departamento;Santa Fe;3;2;3;120;9800.0;4480.0;1260.0
Departamento;Santa Fe;1;0;0;71;7350.0;4200.0;770.0
Departamento;Narvarte;2;1;1;81;8225.0;2971.5;280.0
Departamento;Mixcoac;3;1;0;90;6650.0;735.0;560.0
Departamento;Narvarte;3;0;0;98;5950.0;1365.0;325.5
Departamento;Narvarte;2;1;0;88;3850.0;2425.5;112.0
Departamento;Santa Fe;2;1;0;74;7350.0;2625.0;0.0
Departamento;Santa Fe;2;1;1;70;8050.0;3500.0;280.0
Departamento;Santa Fe;2;1;1;87;8050.0;5187.0;878.5
Departamento;Santa Fe;3;1;1;75;6650.0;2625.0;210.0
Departamento;San Pedro de los Pinos;2;1;0;72;10150.0;2852.5;336.0
Departamento;Narvarte;2;1;0;72;5250.0;2569.0;0.0
Departamento;El Arenal;2;1;0;90;4900.0;1680.0;297.5
Departamento;Narvarte;3;0;0;86;5250.0;2415.0;290.5
Departamento;Santa Fe;2;2;1;75;4900.0;2800.0;350.0
Departamento;Narvarte;2;1;1;70;5600.0;2590.0;0.0
Departamento;Narvarte;3;2;1;150;7000.0;5950.0;735.0
Departamento;San Miguel Chapultepec;3;1;0;95;4375.0;2275.0;210.0
Departamento;Narvarte;2;1;1;85;5600.0;3360.0;315.0
Departamento;Narvarte;3;1;1;80;10500.0;3384.5;644.0
Departamento;Santa Fe;2;1;1;70;4025.0;4410.0;560.0
Departamento;Del Valle;2;1;0;79;8050.0;2730.0;413.0
Departamento;San Miguel Chapultepec;2;0;0;80;5950.0;1575.0;210.0
Departamento;Coyoacán;2;0;0;73;10500.0;2450.0;665.0
Departamento;San Miguel Chapultepec;2;2;1;91;7000.0;2100.0;507.5
Departamento;Santa Fe;2;1;1;90;10500.0;6461.0;1533.0
Departamento;Las Águilas;3;1;1;75;7350.0;2380.0;0.0
Departamento;San Miguel Chapultepec;3;1;2;79;7700.0;2177.0;427.0
Departamento;Narvarte;3;2;1;109;8750.0;2597.0;367.5
Departamento;Santa Fe;2;1;1;90;7700.0;4872.0;1011.5
Departamento;Santa Fe;3;2;3;102;9450.0;5330.5;10304.0
Departamento;Santa Fe;4;2;1;115;9800.0;6300.0;875.0
Departamento;Del Valle;2;0;0;70;7700.0;1750.0;259.0
Departamento;Santa Fe;2;1;1;90;10500.0;6510.0;1575.0
Departamento;Narvarte;2;1;1;80;5250.0;1750.0;105.0
Departamento;Narvarte;3;1;2;100;8750.0;4550.0;990.5
Departamento;Narvarte;2;1;1;97;8750.0;2310.0;0.0
Departamento;Santa Fe;3;2;1;110;7000.0;6188.0;969.5
Departamento;Narvarte;3;0;0;80;5600.0;1225.0;0.0
Departamento;San Miguel Chapultepec;2;1;1;70;5250.0;2432.5;248.5
Departamento;Narvarte;2;1;1;84;9625.0;2415.0;637.0
Departamento;Narvarte;3;2;1;120;9800.0;5600.0;595.0
Departamento;Narvarte;3;1;0;81;6125.0;2089.5;329.0
Departamento;San Miguel Chapultepec;2;0;0;82;5950.0;1225.0;0.0
Departamento;Narvarte;3;0;0;80;5600.0;2310.0;343.0
Departamento;Coyoacán;2;0;0;75;10500.0;5600.0;525.0
Departamento;Santa Fe;2;1;1;77;7700.0;4326.0;493.5
Departamento;Centro Histórico;2;0;0;75;5250.0;3272.5;255.5
Departamento;Roma;2;1;0;90;8750.0;2289.0;332.5
Departamento;San Pedro de los Pinos;2;0;1;101;10500.0;1400.0;707.0
Departamento;Santa Fe;2;1;1;104;7000.0;6125.0;0.0
Departamento;Narvarte;3;1;1;82;6300.0;3850.0;392.0
Departamento;San Rafael;2;1;1;80;5250.0;2607.5;311.5
Departamento;Narvarte;3;0;3;110;9800.0;875.0;822.5
Departamento;Santa Fe;2;1;1;70;6300.0;3062.5;0.0
Departamento;Santa Fe;3;2;1;172;8050.0;5600.0;1575.0
Departamento;Narvarte;3;2;1;85;8225.0;3150.0;336.0
Departamento;Del Valle;3;1;1;110;10500.0;3384.5;507.5
Departamento;Culhuacán CTM;2;1;0;70;4550.0;595.0;0.0
Departamento;Narvarte;3;1;1;126;6300.0;3881.5;567.0
Departamento;Santa Fe;1;1;1;85;8050.0;3531.5;0.0
Departamento;Santa Fe;2;1;1;86;7700.0;3675.0;0.0
Departamento;Santa Fe;2;1;1;86;10150.0;4574.5;752.5
Departamento;Santa Fe;3;2;1;230;10500.0;14700.0;2450.0
Departamento;Narvarte;3;2;1;102;9100.0;2793.0;311.5
Departamento;Santa Fe;3;1;1;90;9975.0;2975.0;455.0
Departamento;Centro Histórico;3;1;0;95;7000.0;3034.5;252.0
Departamento;Narvarte;3;1;0;125;8750.0;3850.0;700.0
Departamento;Roma Norte;2;1;0;73;5215.0;1718.5;49.0
Departamento;Santa Fe;4;2;3;153;10500.0;6300.0;1739.5
Departamento;Narvarte;3;1;0;98;7700.0;2205.0;0.0
Departamento;San Miguel Chapultepec;2;0;0;86;7000.0;1638.0;66.5
Departamento;Santa Fe;2;1;1;89;10500.0;5565.0;892.5
Departamento;Santa Fe;2;2;1;93;9450.0;4564.0;626.5
Departamento;Narvarte;2;0;0;81;6300.0;2327.5;301.0
Departamento;Santa Fe;1;1;0;70;7000.0;3010.0;717.5
Departamento;Santa Fe;2;1;1;78;8750.0;4550.0;1050.0
Departamento;La Condesa;2;2;0;78;8645.0;2583.0;423.5
Departamento;Santa Fe;3;2;1;220;10500.0;6230.0;0.0
Departamento;Santa Fe;2;1;1;70;5950.0;1960.0;269.5
Departamento;Coyoacán;2;1;0;78;10500.0;3675.0;980.0
Departamento;El Contadero;3;2;1;127;8750.0;2170.0;1025.5
Departamento;Del Valle;2;1;1;86;10500.0;3045.0;560.0
Departamento;Narvarte;2;0;0;90;4900.0;2100.0;122.5
Departamento;Bosques de las Lomas;2;1;1;85;7700.0;4287.5;973.0
Departamento;Atlampa;2;1;0;70;4375.0;763.0;0.0
Departamento;Condesa;4;0;0;103;9800.0;3335.5;840.0
Departamento;Narvarte;2;0;0;75;5950.0;980.0;0.0
Departamento;Narvarte;2;0;0;89;4900.0;210.0;0.0
Departamento;Roma;2;0;0;70;8050.0;3727.5;469.0
Departamento;Peralvillo;2;1;0;80;3500.0;1750.0;500.5
Departamento;Santa Fe;3;2;1;112;7700.0;6132.0;896.0
Departamento;Lomas de Chapultepec;2;1;0;70;8750.0;2940.0;616.0
Departamento;Narvarte;2;1;0;73;5950.0;1750.0;0.0
Departamento;Bosques de las Lomas;1;1;1;85;10500.0;3930.5;1354.5
Departamento;Santa Fe;2;1;1;71;5250.0;2520.0;0.0
Departamento;Santa Fe;4;2;1;121;9800.0;4165.0;731.5
Departamento;Santa Fe;2;1;1;80;8750.0;4585.0;0.0
Departamento;Peralvillo;3;1;1;85;4550.0;2677.5;0.0
Departamento;Condesa;2;0;0;71;8400.0;2117.5;0.0
Departamento;Narvarte;2;1;0;90;5950.0;1645.0;318.5
Departamento;Santa Fe;4;2;1;120;10500.0;7350.0;1050.0
Departamento;Condesa;2;0;0;90;10500.0;2800.0;763.0
Departamento;Arboledas;2;1;1;70;4200.0;2684.5;129.5
Departamento;Condesa;2;0;0;81;8750.0;2800.0;315.0
Departamento;Casa Blanca;3;2;1;82;7700.0;2205.0;245.0
Departamento;Napoles;2;0;0;75;8750.0;2660.0;619.5
Departamento;Santa Fe;2;2;1;90;9800.0;4550.0;1400.0
Departamento;Condesa;2;0;0;70;8400.0;2100.0;469.0
Departamento;Narvarte;2;1;1;70;6475.0;1925.0;0.0
Departamento;Santa Fe;2;1;1;93;10500.0;3668.0;976.5
Departamento;Polanco;2;1;2;79;9800.0;6044.5;675.5
Departamento;Peralvillo;2;1;1;78;4200.0;2275.0;420.0
Departamento;San Rafael;3;2;1;103;5600.0;2450.0;560.0
Departamento;Santa Fe;1;1;1;72;6300.0;3220.0;693.0
Departamento;Condesa;3;0;0;128;10500.0;4200.0;437.5
Departamento;Roma;1;1;0;73;8750.0;2275.0;427.0
Departamento;Santa Fe;3;1;1;103;9100.0;4725.0;805.0
Departamento;Ciudad de los Deportes;1;1;1;70;2100.0;1683.5;59.5
Departamento;Condesa;2;0;1;70;7700.0;2023.0;332.5
Departamento;San Miguel Chapultepec;2;1;0;135;8050.0;1995.0;350.0
Departamento;Santa Fe;3;1;3;80;9800.0;4550.0;490.0
Departamento;Roma;1;0;0;70;6300.0;2275.0;245.0
Departamento;Condesa;2;0;0;72;7875.0;2975.0;252.0
Departamento;Condesa;3;1;0;77;10500.0;3353.0;493.5
Departamento;Narvarte;4;1;1;190;9800.0;3150.0;630.0
Departamento;Doctores;2;1;1;84;2800.0;1575.0;0.0
Departamento;Santa Fe;3;1;1;86;7000.0;2656.5;0.0
Departamento;San Miguel Chapultepec;2;0;0;92;5250.0;1050.0;308.0
Departamento;Santa Fe;2;1;1;96;8750.0;5610.5;822.5
Departamento;Del Valle;2;0;0;90;7700.0;2275.0;416.5
Departamento;San Miguel Chapultepec;2;1;0;83;3850.0;2100.0;343.0
Departamento;La Loma;1;0;0;99;6300.0;2275.0;168.0
Departamento;Roma;3;1;0;110;8750.0;4550.0;0.0
Departamento;Condesa;3;0;0;120;8050.0;6650.0;8267.0
Departamento;Condesa;3;0;0;120;10500.0;2730.0;770.0
Departamento;Santa Fe;3;1;1;98;8400.0;4830.0;525.0
Departamento;Santa Fe;2;1;1;70;7700.0;2730.0;350.0
Departamento;Roma;2;1;0;95;8750.0;3045.0;0.0
Departamento;Bosques de las Lomas;3;1;0;80;10500.0;2520.0;665.0
Departamento;Santa Fe;3;2;1;93;8750.0;5075.0;581.0
Departamento;Santa Fe;2;1;1;74;6650.0;4550.0;0.0
Departamento;Condesa;2;0;0;74;5600.0;3.5;3.5
Departamento;Peralvillo;2;2;1;110;6300.0;2100.0;462.0
Departamento;Santa Fe;2;2;1;104;10500.0;6562.5;1960.0
Departamento;Roma;2;1;1;85;9450.0;4056.5;644.0
Departamento;San Rafael;2;2;1;103;5600.0;2100.0;378.0
Departamento;San Rafael;3;0;1;97;5775.0;920.5;350.0
Departamento;Peralvillo;2;1;0;77;4900.0;2096.5;133.0
Departamento;Narvarte;3;1;1;140;6300.0;4014.5;0.0
Departamento;Santa Fe;3;1;0;80;5950.0;3608.5;7682.5
Departamento;Santa Fe;2;2;1;113;10500.0;6720.0;2135.0
Departamento;Narvarte;3;1;0;140;8050.0;2380.0;399.0
Departamento;Condesa;2;0;0;70;8400.0;2233.0;521.5
Departamento;Santa Fe;2;1;1;95;7700.0;4669.0;899.5
Departamento;Condesa;3;0;1;100;10500.0;3325.0;8995.0
Departamento;Santa Fe;2;1;1;80;8750.0;4284.0;742.0
Departamento;Del Valle;2;1;0;80;7000.0;1575.0;0.0
Departamento;Santa Fe;3;2;1;105;8050.0;5250.0;0.0
Departamento;Narvarte;3;1;0;80;6650.0;2450.0;210.0
Departamento;Santa Fe;2;1;1;73;9450.0;4147.5;724.5
Departamento;Condesa;3;1;0;81;8750.0;3500.0;6076.0
Departamento;Del Valle;3;1;1;150;9450.0;5495.0;630.0
Departamento;Condesa;2;0;0;70;7700.0;2695.0;437.5
Departamento;Peralvillo;3;1;1;70;4550.0;2450.0;297.5
Departamento;Peralvillo;3;0;0;78;5250.0;2541.0;280.0
Departamento;Condesa;2;0;1;83;10500.0;4231.5;714.0
Departamento;Condesa;3;1;1;90;9800.0;4200.0;525.0
Departamento;Condesa;2;0;0;90;8400.0;3080.0;392.0
Departamento;El Contadero;3;2;1;125;9380.0;1750.0;1207.5
Departamento;Narvarte;3;1;0;107;8050.0;1400.0;0.0
Departamento;Santa Fe;2;1;2;82;7700.0;4200.0;0.0
Departamento;Narvarte;2;0;0;76;6300.0;2450.0;84.0
Departamento;Condesa;2;0;0;90;10500.0;3500.0;1400.0
Departamento;Arboledas;3;1;0;75;3500.0;2275.0;0.0
Departamento;Santa Fe;3;2;2;83;8400.0;2124.5;4900.0
Departamento;San Jerónimo;2;1;0;87;8750.0;2789.5;0.0
Departamento;Narvarte;3;1;1;87;8050.0;1956.5;350.0
Departamento;Santa Fe;4;2;1;115;9800.0;6615.0;875.0
Departamento;Narvarte;4;1;0;160;7000.0;3612.0;3696.0
Departamento;Santa Fe;2;1;1;70;7700.0;2730.0;0.0
Departamento;Coyoacán;2;1;0;85;10500.0;2660.0;280.0
Departamento;Santa Fe;3;2;3;145;10150.0;6300.0;0.0
Departamento;Santa Fe;1;1;1;71;8750.0;6146.0;672.0
Departamento;Condesa;2;0;0;74;7000.0;3150.0;462.0
Departamento;San Ángel;3;0;1;120;9450.0;3080.0;833.0
Departamento;Narvarte;2;1;1;92;10150.0;3174.5;0.0
Departamento;Condesa;2;0;0;80;8400.0;3482.5;630.0
Departamento;Narvarte;3;2;1;135;7000.0;3220.0;8400.0
Departamento;Peralvillo;3;2;1;113;4550.0;2940.0;0.0
Departamento;San Miguel Chapultepec;2;1;0;70;5600.0;2625.0;210.0
Departamento;Peralvillo;3;1;1;108;4725.0;3150.0;399.0
Departamento;Santa Fe;3;2;1;98;9800.0;5320.0;385.0
Departamento;Narvarte;2;0;0;70;5600.0;2975.0;294.0
Departamento;Centro Histórico;3;2;1;120;8750.0;5250.0;728.0
Departamento;Juárez;2;0;0;71;6650.0;1981.0;451.5
Departamento;Napoles;2;0;0;75;9100.0;3073.0;0.0
Departamento;Narvarte;3;1;0;105;7700.0;2394.0;462.0
Departamento;Santa Fe;2;1;0;84;7700.0;3150.0;7000.0
Departamento;Narvarte;3;1;0;75;6650.0;1785.0;0.0
Departamento;Santa Fe;3;2;1;90;9800.0;5309.5;1256.5
Departamento;Narvarte;2;0;0;80;5600.0;875.0;70.0
Departamento;Condesa;3;1;0;138;9800.0;5253.5;1113.0
Departamento;La Virgen;2;1;0;74;4375.0;2205.0;133.0
Departamento;Santa Fe;2;1;1;75;7350.0;2233.0;0.0
Departamento;Santa Fe;3;1;1;88;8050.0;2810.5;0.0
Departamento;Santa Fe;2;1;1;101;10500.0;7350.0;927.5
Departamento;Narvarte;3;2;0;74;8750.0;2495.5;332.5
Departamento;Condesa;2;0;0;70;7700.0;1820.0;0.0
Departamento;Condesa;3;1;0;90;10500.0;2730.0;612.5
Departamento;Santa Fe;2;1;0;73;8750.0;3430.0;696.5
Departamento;Santa Fe;2;1;1;74;5600.0;3150.0;0.0
Departamento;Santa Fe;2;1;1;95;7000.0;6300.0;350.0
Departamento;Narvarte;2;1;1;71;4900.0;2100.0;0.0
Departamento;Santa Fe;2;1;1;70;8925.0;3430.0;437.5
Departamento;Narvarte;3;0;0;120;6300.0;2156.0;413.0
Departamento;Santa Fe;2;1;1;72;5600.0;3255.0;574.0
Departamento;Roma;2;1;1;85;10150.0;4900.0;0.0
Departamento;Santa Fe;4;2;1;120;10500.0;7934.5;1050.0
Departamento;Coyoacán;2;1;0;100;10500.0;2800.0;980.0
Departamento;Santa Fe;3;1;1;92;8750.0;4200.0;6062.0
Departamento;Santa Fe;2;1;0;78;7350.0;2625.0;350.0
Departamento;Santa Fe;2;1;1;89;7700.0;4004.0;353.5
Departamento;Narvarte;2;0;0;80;4900.0;2163.0;245.0
Departamento;La Condesa;2;1;0;74;7700.0;2537.5;437.5
Departamento;Santa Fe;2;1;1;72;8050.0;4200.0;843.5
Departamento;Santa Fe;2;2;2;100;9800.0;5600.0;1295.0
Departamento;Napoles;3;0;0;155;9800.0;4550.0;1018.5
Departamento;Santa Fe;2;1;1;88;6650.0;4725.0;525.0
Departamento;Coyoacán;3;0;0;90;9100.0;4585.0;542.5
Departamento;Santa Fe;1;1;1;82;6300.0;4550.0;927.5
Departamento;El Contadero;2;1;0;90;5950.0;1400.0;4200.0
Departamento;Del Valle;3;0;0;111;8050.0;2684.5;444.5
Departamento;Coyoacán;2;0;0;75;10150.0;2450.0;0.0
Departamento;Narvarte;3;0;0;120;8400.0;2401.0;273.0
Departamento;Polanco;3;0;0;85;8750.0;2765.0;0.0
Departamento;Narvarte;2;1;1;80;6300.0;4133.5;0.0
Departamento;Narvarte;3;1;0;115;7875.0;3500.0;612.5
Departamento;San Rafael;2;0;0;75;4200.0;525.0;70.0
Departamento;Napoles;2;1;0;90;8750.0;2800.0;0.0
Departamento;Santa Fe;3;1;2;97;8925.0;4571.0;896.0
Departamento;Santa Fe;2;1;1;90;9800.0;3115.0;857.5
Departamento;Santa Fe;2;1;2;90;7000.0;5215.0;0.0
Departamento;Condesa;3;0;1;115;10150.0;3325.0;357.0
Departamento;Roma;3;0;0;157;9450.0;3395.0;700.0
Departamento;Santa Fe;2;1;1;130;10500.0;4935.0;819.0
Departamento;Narvarte;2;1;0;86;3850.0;1869.0;0.0
Departamento;Del Valle;2;1;0;75;7700.0;3132.5;374.5
Departamento;Santa Fe;3;1;1;104;10500.0;6300.0;980.0
Departamento;Roma;2;1;0;70;9800.0;2625.0;43645.0
Departamento;Santa Fe;3;1;1;102;8750.0;4550.0;0.0
Departamento;Nueva Santa María;2;1;0;84;2450.0;2450.0;129.5
Departamento;Narvarte;2;0;0;84;4550.0;1925.0;318.5
Departamento;Narvarte;4;1;2;190;7000.0;4364.5;1235.5
Departamento;San Miguel Chapultepec;3;1;0;80;4550.0;2520.0;245.0
Departamento;Santa Fe;2;2;1;78;8715.0;3850.0;560.0
Departamento;Juárez;2;0;0;71;7000.0;2537.5;364.0
Departamento;San Rafael;2;1;1;73;6125.0;2502.5;357.0
Departamento;Narvarte;3;0;0;75;5250.0;3069.5;126.0
Departamento;Narvarte;3;0;0;75;7700.0;2625.0;238.0
Departamento;Santa Fe;2;1;1;80;6125.0;4200.0;304.5
Departamento;San Miguel Chapultepec;3;1;1;110;6300.0;2922.5;346.5
Departamento;Condesa;2;0;0;82;6650.0;2397.5;630.0
Departamento;Condesa;3;1;1;110;9100.0;3850.0;525.0
Departamento;Del Valle;2;0;0;80;8750.0;1260.0;297.5
Departamento;Santa Fe;1;1;0;70;5250.0;3885.0;10675.0
Departamento;Polanco;2;0;0;80;6650.0;2800.0;483.0
Departamento;Condesa;2;0;0;80;9100.0;1575.0;437.5
Departamento;Roma Norte;3;1;1;144;8746.5;350.0;437.5
Departamento;Polanco;2;1;1;80;10150.0;3850.0;420.0
Departamento;Narvarte;3;2;0;74;8750.0;2747.5;325.5
Departamento;Narvarte;3;1;1;150;8750.0;4200.0;612.5
Departamento;Condesa;2;2;1;80;7350.0;4294.5;0.0
Departamento;Napoles;1;0;0;70;8750.0;1841.0;0.0
Departamento;Santa Fe;2;1;0;90;10500.0;5565.0;892.5
Departamento;Santa Fe;2;1;1;98;7875.0;5215.0;822.5
Departamento;Narvarte;3;1;0;100;5950.0;2940.0;385.0
Departamento;San José Insurgentes;2;1;0;71;2135.0;2065.0;0.0
Departamento;Narvarte;1;0;0;80;6650.0;1925.0;178.5
Departamento;Narvarte;2;1;1;78;8400.0;3150.0;462.0
Departamento;Narvarte;3;1;0;90;8225.0;2614.5;0.0
Departamento;Santa Fe;2;1;1;72;5600.0;2730.0;49.0
Departamento;Narvarte;3;1;1;90;7000.0;3104.5;430.5
Departamento;Las Águilas;3;1;1;70;5250.0;2369.5;140.0
Departamento;Narvarte;2;1;0;90;7000.0;2450.0;262.5
Departamento;Santa Fe;2;1;1;100;8750.0;5243.0;1186.5
Departamento;San Pedro de los Pinos;2;1;1;74;10500.0;4511.5;38.5
Departamento;Santa Fe;2;1;1;73;7000.0;3615.5;350.0
Departamento;Narvarte;3;0;1;100;6300.0;2975.0;455.0
Departamento;Narvarte;3;1;1;96;6825.0;1750.0;325.5
Departamento;Santa Fe;2;1;1;70;4900.0;2541.0;49.0
Departamento;Peralvillo;3;1;1;76;5075.0;2282.0;2597.0
Departamento;Arboledas;2;1;1;80;4725.0;822.5;472.5
Departamento;Narvarte;3;0;0;105;7700.0;1792.0;448.0
Departamento;Peralvillo;2;1;0;71;4900.0;2408.0;0.0
Departamento;Del Valle;3;1;0;130;9275.0;3535.0;749.0
Departamento;Condesa;2;0;1;80;8400.0;2450.0;539.0
Departamento;Santa Fe;2;2;1;74;7700.0;3671.5;773.5
Departamento;Condesa;2;0;0;85;10500.0;3458.0;371.0
Departamento;Del Valle;2;0;0;87;10150.0;2625.0;455.0
Departamento;Santa Fe;2;1;1;80;7700.0;3955.0;262.5
Departamento;Narvarte;2;0;0;73;4900.0;1718.5;0.0
Departamento;Juárez;2;0;0;83;8050.0;2380.0;518.0
Departamento;San Pedro de los Pinos;2;0;0;72;7000.0;2170.0;479.5
Departamento;Santa Fe;2;1;1;101;8750.0;8050.0;0.0
Departamento;Narvarte;2;0;0;79;6300.0;1330.0;0.0
Departamento;Santa Fe;2;1;1;96;7000.0;5110.0;973.0
Departamento;Peralvillo;3;1;1;90;3500.0;2800.0;420.0
Departamento;Roma;3;0;0;83;9800.0;1029.0;385.0
Departamento;Santa Fe;2;1;1;90;10500.0;6461.0;1533.0
Departamento;Santa Fe;1;1;0;70;10500.0;5775.0;0.0
Departamento;Narvarte;2;1;0;71;6125.0;1890.0;290.5
Departamento;San Miguel Chapultepec;3;1;1;89;7350.0;2625.0;0.0
Departamento;Condesa;3;0;0;119;8750.0;3990.0;0.0
Departamento;Narvarte;3;1;1;80;6125.0;2975.0;437.5
Departamento;Nativitas;2;1;1;80;5075.0;700.0;0.0
Departamento;Narvarte;3;1;1;85;8050.0;1991.5;0.0
Departamento;Santa Fe;1;1;0;70;7000.0;3955.0;0.0
Departamento;Condesa;3;1;0;100;9450.0;3776.5;451.5
Departamento;La Condesa;2;0;0;110;5250.0;4900.0;700.0
Departamento;Condesa;3;0;0;110;9450.0;3500.0;87.5
Departamento;Narvarte;3;0;0;85;5600.0;1802.5;0.0
Departamento;Condesa;3;0;0;130;10500.0;4200.0;812.0
Departamento;Condesa;2;0;0;80;7700.0;3283.0;343.0
Departamento;Condesa;3;1;0;110;10150.0;4777.5;560.0
Departamento;Condesa;3;0;0;83;5950.0;2114.0;0.0
Departamento;Juárez;2;1;0;71;7700.0;2537.5;381.5
Departamento;Condesa;2;0;0;70;7350.0;3192.0;546.0
Departamento;Santa Fe;2;1;1;95;8400.0;4200.0;0.0
Departamento;Narvarte;3;1;0;85;7700.0;2975.0;322.0
Departamento;Santa Fe;2;1;1;70;9800.0;2450.0;4200.0
Departamento;Roma;2;1;0;70;8400.0;2842.0;549.5
Departamento;Santa Fe;2;2;1;82;10500.0;5600.0;805.0
Departamento;San Miguel Chapultepec;3;2;1;100;4900.0;2625.0;357.0
Departamento;San Ángel;2;1;1;75;8750.0;4329.5;6608.0
Departamento;Santa Fe;2;1;1;80;7700.0;4200.0;8750.0
Departamento;Roma Norte;2;1;0;88;4200.0;2320.5;0.0
Departamento;Narvarte;3;1;0;148;8750.0;3850.0;770.0
Departamento;Condesa;3;0;1;110;10500.0;5600.0;10283.0
Departamento;El Contadero;3;0;0;115;6300.0;1645.0;0.0
Departamento;Santa Fe;3;2;3;100;6650.0;5243.0;444.5
Departamento;Roma;3;1;0;109;8750.0;3244.5;609.0
Departamento;Santa Fe;2;1;2;80;3500.0;4140.5;0.0
Departamento;Santa Fe;3;1;1;72;7000.0;2205.0;0.0
Departamento;Peralvillo;3;1;1;85;3675.0;3437.0;357.0
Departamento;Santa Fe;3;1;0;100;6300.0;4200.0;910.0
Departamento;Santa Fe;2;1;1;105;9450.0;5568.5;700.0
Departamento;Narvarte;2;1;0;79;5250.0;1645.0;0.0
Departamento;Roma;1;1;0;80;8400.0;2800.0;441.0
Departamento;Narvarte;2;1;2;87;10325.0;2590.0;455.0
Departamento;Condesa;2;0;0;80;8400.0;630.0;3482.5
Departamento;Del Valle;2;0;0;123;9100.0;2800.0;710.5
Departamento;Narvarte;3;1;0;100;8750.0;4469.5;0.0
Departamento;Condesa;2;1;0;85;10465.0;2975.0;595.0
Departamento;Napoles;2;1;0;84;9450.0;2502.5;752.5
Departamento;Narvarte;2;2;0;80;6300.0;1925.0;283.5
Departamento;Arboledas;2;1;1;74;4550.0;1753.5;472.5
Departamento;San Miguel Chapultepec;2;1;1;70;5950.0;1102.5;490.0
Departamento;Narvarte;3;1;0;125;8750.0;3850.0;700.0
Departamento;Santa Fe;3;1;3;80;9625.0;4200.0;0.0
Departamento;Condesa;2;1;0;70;7700.0;2037.0;535.5
Departamento;Del Valle;3;0;0;95;8750.0;2012.5;325.5
Departamento;Santa Fe;2;1;1;83;7000.0;4672.5;0.0
Departamento;Napoles;3;0;0;135;10150.0;2800.0;805.0
Departamento;Condesa;3;0;0;152;10500.0;4287.5;1424.5
Departamento;Santa Fe;3;1;1;100;9800.0;5197.5;899.5
Departamento;Santa Fe;2;0;1;70;5250.0;3360.0;0.0
Departamento;Napoles;2;0;0;75;9450.0;3073.0;0.0
Departamento;Santa Fe;3;2;2;96;6650.0;2625.0;875.0
Departamento;Del Valle;3;1;0;150;10500.0;2800.0;665.0
Departamento;San Pedro de los Pinos;3;0;1;100;9450.0;5460.0;367.5
Departamento;Santa Fe;2;1;1;70;9800.0;3395.0;245.0
Departamento;Santa Fe;3;2;1;96;9800.0;4200.0;675.5
Departamento;Santa Fe;3;2;1;193;8750.0;13300.0;3020.5
Departamento;Condesa;2;0;0;75;5950.0;45.5;1494.5
Departamento;Condesa;2;1;1;94;8750.0;4728.5;472.5
Departamento;Narvarte;2;0;1;75;6650.0;2506.0;304.5
Departamento;Santa Fe;2;1;1;95;8575.0;5950.0;0.0
Departamento;Lomas de Chapultepec;2;1;1;79;9275.0;5957.0;1421.0
Departamento;Nueva Santa María;3;1;0;130;4550.0;2450.0;0.0
Departamento;Condesa;3;0;0;80;10500.0;2975.0;3433.5
Departamento;Condesa;2;0;1;98;7875.0;4991.0;721.0
Departamento;Del Valle;3;1;1;90;7700.0;4529.0;0.0
Departamento;San Jerónimo;2;1;1;87;7700.0;2772.0;658.0
Departamento;Del Valle;2;1;1;80;9450.0;3202.5;0.0
Departamento;Narvarte;3;1;0;72;6825.0;700.0;290.5
Departamento;Santa Fe;2;1;2;83;7875.0;4060.0;889.0
Departamento;Condesa;3;0;0;88;10150.0;2495.5;598.5
Departamento;San Miguel Chapultepec;2;1;0;70;4550.0;1757.0;280.0
Departamento;Condesa;2;0;0;85;8750.0;2975.0;0.0
Departamento;Santa Fe;2;1;0;70;4900.0;2789.5;0.0
Departamento;El Contadero;2;1;0;70;5950.0;1400.0;350.0
Departamento;Santa Fe;3;1;1;74;6300.0;2170.0;0.0
Departamento;San Miguel Chapultepec;1;1;0;70;4200.0;2695.0;0.0
Departamento;Santa Fe;2;1;1;87;7700.0;2758.0;0.0
Departamento;Narvarte;3;1;0;170;8750.0;2730.0;623.0
Departamento;Narvarte;3;1;1;145;9800.0;3500.0;672.0
Departamento;San Pedro de los Pinos;2;1;1;84;5600.0;2940.0;0.0
Departamento;Del Valle;3;1;0;135;9450.0;5295.5;878.5
Departamento;Condesa;2;0;0;70;8400.0;1750.0;315.0
Departamento;Narvarte;3;0;1;90;5250.0;3272.5;339.5
Departamento;Narvarte;3;1;1;110;10150.0;3850.0;637.0
Departamento;Santa Fe;2;2;1;89;5950.0;4725.0;280.0
Departamento;Condesa;3;0;0;100;8750.0;3692.5;1050.0
Departamento;Narvarte;3;0;0;80;8750.0;1575.0;227.5
Departamento;Condesa;3;1;0;160;10500.0;6160.0;1319.5
Departamento;San Miguel Chapultepec;1;1;0;71;5250.0;2205.0;276.5
Departamento;El Contadero;3;1;1;140;7000.0;2135.0;0.0
Departamento;Santa Fe;2;0;0;103;9800.0;6240.5;693.0
Departamento;Santa Fe;2;1;1;98;5775.0;3430.0;504.0
Departamento;Santa Fe;2;1;2;90;8050.0;5285.0;8736.0
Departamento;Narvarte;2;0;0;79;5775.0;875.0;287.0
Departamento;Santa Fe;2;1;2;82;9100.0;5145.0;864.5
Departamento;Roma;3;1;1;130;10500.0;5061.0;0.0
Departamento;Santa Fe;1;1;1;74;6650.0;4550.0;0.0
Departamento;Peralvillo;3;1;1;73;5600.0;2625.0;0.0
Departamento;Santa Fe;3;1;3;80;10500.0;4200.0;0.0
Departamento;Del Valle;2;1;0;75;7700.0;3132.5;0.0
Departamento;Juárez;2;0;0;70;6300.0;2625.0;350.0
Departamento;Santa Fe;3;2;1;89;6650.0;2695.0;406.0
Departamento;Santa Fe;3;2;1;80;5915.0;3850.0;455.0
Departamento;Nueva Santa María;2;1;0;91;4900.0;2429.0;262.5
Departamento;Narvarte;2;1;0;70;6300.0;892.5;140.0
Departamento;Coyoacán;2;0;0;90;10500.0;3850.0;735.0
Departamento;Santa Fe;2;1;1;90;7000.0;4550.0;990.5
Departamento;Centro Histórico;2;0;0;70;5250.0;1855.0;210.0
Departamento;Santa Fe;1;2;0;70;8750.0;5250.0;0.0
Departamento;Juárez;2;0;0;70;8575.0;1400.0;87.5
Departamento;Narvarte;3;1;1;160;9800.0;2800.0;0.0
Departamento;Santa Fe;2;2;1;78;7000.0;10899.0;1417.5
Departamento;Condesa;3;1;0;110;8750.0;4725.0;455.0
Departamento;Napoles;3;1;0;88;7000.0;1368.5;196.0
Departamento;Santa Fe;2;1;1;77;8750.0;4900.0;371.0
Departamento;Condesa;3;0;0;105;9100.0;3538.5;619.5
Departamento;San Miguel Chapultepec;2;1;0;80;5600.0;1925.0;0.0
Departamento;Santa Fe;3;2;1;90;10500.0;3500.0;0.0
Departamento;San Pedro de los Pinos;2;1;0;90;10150.0;2852.5;336.0
Departamento;La Virgen;3;1;0;81;4900.0;2292.5;56.0
Departamento;Roma;2;1;1;78;10500.0;3290.0;633.5
Departamento;San Miguel Chapultepec;2;2;0;102;5600.0;3472.0;451.5
Departamento;Condesa;3;0;0;149;7000.0;3115.0;182.0
Departamento;Santa Fe;3;1;1;73;5950.0;2156.0;101.5
Departamento;Napoles;2;0;0;84;10500.0;2520.0;455.0
Departamento;Condesa;3;1;0;92;8750.0;3850.0;385.0
Departamento;Santa Fe;3;2;1;100;10500.0;4200.0;0.0
Departamento;Narvarte;2;1;1;95;5950.0;2996.0;388.5
Departamento;Condesa;2;0;1;114;8400.0;4935.0;490.0
Departamento;Condesa;3;1;1;92;8750.0;3850.0;5292.0
Departamento;Santa Fe;2;1;1;86;10150.0;3780.0;560.0
Departamento;El Contadero;2;1;0;70;5950.0;1575.0;105.0
Departamento;Napoles;2;0;0;75;9800.0;3213.0;0.0
Departamento;Coyoacán;3;0;0;90;8750.0;4585.0;780.5
Departamento;Narvarte;2;0;0;79;4200.0;3209.5;318.5
Departamento;Roma;1;1;0;100;8750.0;3272.5;542.5
Departamento;Condesa;2;1;0;73;10150.0;4025.0;0.0
Departamento;Roma Norte;2;0;0;75;4200.0;1610.0;0.0
Departamento;Villa Coapa;3;0;0;75;3325.0;304.5;49.0
Departamento;Coyoacán;3;0;0;90;9800.0;4900.0;630.0
Departamento;Santa Fe;2;1;1;84;8750.0;7297.5;927.5
Departamento;Condesa;3;1;0;90;10500.0;3857.0;878.5
Departamento;Roma;2;1;0;87;10500.0;2730.0;0.0
Departamento;Narvarte;3;0;1;126;9100.0;2961.0;784.0
Departamento;Santa Fe;3;2;1;105;9800.0;5705.0;917.0
Departamento;Napoles;2;0;0;87;9100.0;2502.5;535.5
Departamento;San Felipe de Jesús;2;2;0;81;2975.0;1225.0;171.5
Departamento;San Rafael;2;0;0;76;4200.0;875.0;0.0
Departamento;Roma;2;0;0;91;9800.0;1225.0;0.0
Departamento;Santa Fe;1;2;1;124;10500.0;3437.0;1106.0
Departamento;Santa Fe;2;1;1;76;6650.0;4900.0;0.0
Departamento;Narvarte;2;0;0;80;6650.0;2450.0;0.0
Departamento;Juárez;3;0;0;95;7700.0;3650.5;336.0
Departamento;Narvarte;3;2;0;104;8750.0;4333.0;574.0
Departamento;Santa Fe;2;1;1;70;5600.0;3150.0;0.0
Departamento;Narvarte;2;1;1;76;8750.0;3255.0;322.0
Departamento;Condesa;2;0;0;72;10500.0;3482.5;367.5
Departamento;Napoles;2;0;0;75;9450.0;3073.0;0.0
Departamento;Mixcoac;2;2;0;74;3850.0;2625.0;45.5
Departamento;Narvarte;3;1;0;70;5950.0;2765.0;395.5
Departamento;Narvarte;2;1;0;88;4200.0;2240.0;0.0
Departamento;Condesa;3;0;0;110;10500.0;3500.0;70.0
Departamento;Narvarte;3;1;0;95;8050.0;2485.0;0.0
Departamento;Santa Fe;2;1;2;74;8050.0;4725.0;0.0
Departamento;Santa Fe;4;2;1;120;10500.0;5600.0;843.5
Departamento;San Pedro de los Pinos;3;1;0;90;7000.0;3318.0;528.5
Departamento;Santa Fe;2;1;1;75;5600.0;3013.5;0.0
Departamento;Narvarte;3;0;0;100;7700.0;2100.0;0.0
Departamento;Condesa;2;1;0;150;10500.0;4200.0;1375.5
Departamento;Santa Fe;3;1;1;76;5950.0;2800.0;0.0
Departamento;Santa Fe;2;1;1;96;10500.0;5250.0;5250.0
Departamento;Narvarte;2;0;0;75;6300.0;1400.0;0.0
Departamento;Bosques de las Lomas;2;1;1;80;10500.0;3654.0;833.0
Departamento;Roma;2;1;1;90;8750.0;3780.0;654.5
Departamento;Santa Fe;4;2;1;103;9450.0;5600.0;469.0
Departamento;San Miguel Chapultepec;3;1;0;75;5600.0;2709.0;0.0
Departamento;Condesa;3;1;0;86;7700.0;4760.0;616.0
Departamento;Roma;3;2;1;120;10150.0;6436.5;1242.5
Departamento;Santa Fe;2;1;1;78;8750.0;3850.0;350.0
Departamento;Roma;2;1;1;98;9800.0;6300.0;759.5
Departamento;Santa Fe;4;2;2;114;7000.0;4109.0;455.0
Departamento;Roma;3;1;1;130;9100.0;4200.0;350.0
Departamento;Santa Fe;3;2;0;89;7525.0;4200.0;766.5
Departamento;Condesa;3;0;0;90;9450.0;1277.5;35.0
Departamento;Napoles;3;0;0;127;10500.0;4725.0;630.0
Departamento;Narvarte;2;0;0;70;6125.0;1435.0;224.0
Departamento;El Rosedal;3;1;1;90;4200.0;875.0;0.0
Departamento;San Miguel Chapultepec;2;0;1;74;5250.0;2971.5;318.5
Departamento;Roma Norte;3;1;1;79;8400.0;3832.5;0.0
Departamento;Narvarte;3;1;1;90;10500.0;3150.0;0.0
Departamento;San Pedro de los Pinos;3;0;0;105;6650.0;2369.5;0.0
Departamento;Condesa;3;0;1;73;8050.0;4158.0;458.5
Departamento;Roma Norte;2;1;1;76;5600.0;2450.0;87.5
Departamento;Narvarte;2;1;0;70;7000.0;2310.0;297.5
Departamento;Condesa;2;0;1;70;7700.0;2275.0;245.0
Departamento;Del Valle;2;0;0;106;9450.0;3115.0;542.5
Departamento;Del Valle;3;0;1;118;7350.0;5694.5;710.5
Departamento;Iztacalco;2;1;0;91;4900.0;1575.0;0.0
Departamento;Santa Fe;4;2;1;148;8750.0;6650.0;833.0
Departamento;Narvarte;2;1;0;73;6300.0;2502.5;0.0
Departamento;San Miguel Chapultepec;2;0;0;80;4900.0;1743.0;70.0
Departamento;San Rafael;3;0;0;110;6300.0;2170.0;437.5
Departamento;Polanco;2;1;1;74;9450.0;6195.0;882.0
Departamento;Narvarte;3;0;1;118;8750.0;2940.0;0.0
Departamento;Santa Fe;4;2;1;105;9800.0;3675.0;7700.0
Departamento;Roma Norte;2;1;1;70;5600.0;1750.0;0.0
Departamento;Condesa;3;1;0;137;7350.0;3167.5;724.5
Departamento;Santa Fe;3;2;1;90;8750.0;6195.0;10780.0
Departamento;Santa Fe;2;2;2;80;10500.0;5250.0;136.5
Departamento;Condesa;3;0;1;130;8750.0;3654.0;1015.0
Departamento;Santa Fe;2;1;1;78;3150.0;4200.0;546.0
Departamento;Santa Fe;2;1;2;90;7700.0;3955.0;0.0
Departamento;San Pedro de los Pinos;2;1;1;72;10500.0;5775.0;812.0
Departamento;Nativitas;2;0;0;70;6300.0;770.0;696.5
Departamento;Narvarte;2;0;0;85;4550.0;2219.0;0.0
Departamento;Santa Fe;4;2;1;120;10500.0;5600.0;0.0
Departamento;Condesa;3;0;0;106;9800.0;3185.0;735.0
Departamento;Roma Norte;3;1;0;90;4900.0;1750.0;52.5
Departamento;Del Valle;3;0;0;96;9100.0;2450.0;0.0
Departamento;Santa Fe;2;1;1;72;9100.0;5950.0;833.0
Departamento;Centro Histórico;2;0;0;73;6650.0;2415.0;245.0
Departamento;Santa Fe;2;1;1;80;5250.0;5250.0;1358.0
Departamento;Narvarte;3;1;0;90;4550.0;2345.0;0.0
Departamento;Narvarte;3;0;0;119;6650.0;2117.5;605.5
Departamento;Narvarte;3;1;1;88;7700.0;3048.5;0.0
Departamento;Del Valle;2;1;1;95;10150.0;3255.0;581.0
Departamento;San Miguel Chapultepec;2;1;0;71;6300.0;3150.0;0.0
Departamento;San Pedro de los Pinos;2;1;1;80;10500.0;4550.0;0.0
Departamento;Roma;2;1;0;70;9450.0;2870.0;423.5
Departamento;Juárez;2;0;0;71;5950.0;2397.5;444.5
Departamento;Santa Fe;2;1;1;70;7000.0;6212.5;0.0
Departamento;Narvarte;2;0;0;110;6300.0;1225.0;0.0
Departamento;Narvarte;2;1;1;80;5950.0;2800.0;343.0
Departamento;Narvarte;3;1;0;107;7350.0;1680.0;0.0
Departamento;Roma;2;0;0;98;8750.0;3052.0;0.0
Departamento;Condesa;1;0;0;70;6650.0;2142.0;49.0
Departamento;Narvarte;2;1;0;73;6125.0;2030.0;374.5
Departamento;Narvarte;3;1;1;130;9800.0;3325.0;0.0
Departamento;Narvarte;3;1;0;89;8050.0;3111.5;427.0
Departamento;Narvarte;2;1;1;70;6650.0;2450.0;273.0
Departamento;Santa Fe;3;2;1;131;10500.0;8225.0;1498.0
Departamento;Narvarte;3;1;0;90;7350.0;3454.5;0.0
Departamento;Roma;3;1;1;85;10500.0;2590.0;360.5
Departamento;Condesa;3;1;0;101;9800.0;5180.0;770.0
Departamento;Santa Fe;2;1;2;78;6650.0;3780.0;574.0
Departamento;Santa Fe;3;2;2;83;8400.0;2135.0;4900.0
Departamento;Santa Fe;3;1;2;70;5250.0;3832.5;0.0
Departamento;Roma;2;1;1;100;10150.0;4175.5;850.5
Departamento;Santa Fe;2;2;1;107;10465.0;4550.0;10150.0
Departamento;Del Valle;2;1;1;84;9800.0;1330.0;623.0
Departamento;Santa Fe;2;1;1;73;7000.0;3101.0;0.0
Departamento;Santa Fe;4;2;2;190;10500.0;5414.5;1190.0
Departamento;Roma;2;1;0;80;7700.0;4487.0;0.0
Departamento;Narvarte;3;0;0;84;4200.0;1400.0;357.0
Departamento;Santa Fe;3;2;1;145;10150.0;6300.0;1225.0
Departamento;Roma Norte;2;0;0;70;4725.0;1540.0;42.0
Departamento;San Miguel Chapultepec;2;1;1;80;5250.0;1883.0;336.0
Departamento;Roma Norte;3;0;0;100;5600.0;1050.0;210.0
Departamento;San Pedro de los Pinos;2;0;0;74;7000.0;2380.0;343.0
Departamento;Santa Fe;2;1;1;80;7000.0;4200.0;525.0
Departamento;Condesa;3;1;0;122;9450.0;4907.0;654.5
Departamento;Polanco;2;2;1;74;10325.0;4980.5;679.0
Departamento;Santa Fe;2;1;1;98;10150.0;3780.0;581.0
Departamento;Santa Fe;3;1;2;80;10500.0;4550.0;4662.0
Departamento;Peralvillo;3;1;1;70;4900.0;2100.0;0.0
Departamento;Santa Fe;3;2;1;122;9100.0;3482.5;903.0
Departamento;Doctores;2;0;0;76;3850.0;1225.0;630.0
Departamento;Condesa;2;2;1;81;9100.0;1991.5;94.5
Departamento;Bosques de las Lomas;2;2;1;90;9800.0;5285.0;1263.5
Departamento;Condesa;2;1;1;80;9100.0;2905.0;693.0
Departamento;Santa Fe;2;1;1;87;7000.0;4200.0;654.5
Departamento;San Miguel Chapultepec;2;1;1;72;9100.0;1225.0;0.0
Departamento;San Miguel Chapultepec;2;1;0;70;4900.0;1225.0;168.0
Departamento;Santa Fe;2;1;1;85;6300.0;3850.0;483.0
Departamento;Del Valle;3;0;0;112;6650.0;3482.5;598.5
Departamento;Condesa;3;1;0;90;10500.0;3010.0;0.0
Departamento;Condesa;2;1;0;70;7700.0;2800.0;70.0
Departamento;San Miguel Chapultepec;2;1;1;101;6650.0;2450.0;497.0
Departamento;Narvarte;2;1;1;87;8750.0;1925.0;0.0
Departamento;San Miguel Chapultepec;2;1;0;97;5600.0;2170.0;98.0
Departamento;Santa Fe;2;1;1;70;7000.0;3150.0;0.0
Departamento;Narvarte;2;0;0;70;5600.0;1610.0;168.0
Departamento;Narvarte;3;2;1;110;8050.0;4200.0;595.0
Departamento;Santa Fe;2;1;1;88;8750.0;3675.0;630.0
Departamento;Ciudad de los Deportes;2;1;0;93;2450.0;2450.0;287.0
Departamento;Narvarte;3;1;1;110;9800.0;2670.5;0.0
Departamento;Roma;2;1;0;90;9450.0;2268.0;490.0
Departamento;Santa Fe;2;1;1;85;9800.0;4410.0;0.0
Departamento;Santa Fe;2;1;0;72;10150.0;2352.0;0.0
Departamento;Santa Fe;2;1;1;85;7700.0;3850.0;483.0
Departamento;Del Valle;3;1;1;130;9800.0;5250.0;700.0
Departamento;La Condesa;2;0;0;70;7560.0;1995.0;283.5
Departamento;Las Águilas;3;2;1;75;5950.0;2275.0;280.0
Departamento;Santa Fe;2;1;1;70;5950.0;4200.0;0.0
Departamento;La Florida;3;1;1;73;4550.0;2677.5;266.0
Departamento;Santa Fe;2;2;1;85;8400.0;4900.0;0.0
Departamento;Santa Fe;2;1;1;85;9800.0;3850.0;0.0
Departamento;Nueva Santa María;3;0;0;100;4900.0;875.0;0.0
Departamento;Roma;2;1;0;107;10500.0;3850.0;630.0
Departamento;Santa Fe;2;1;1;80;7000.0;3360.0;0.0
Departamento;Narvarte;2;1;0;75;4392.5;3034.5;0.0
Departamento;Roma;1;0;0;93;9100.0;1816.5;318.5
Departamento;Condesa;1;1;0;70;8750.0;3045.0;455.0
Departamento;Del Valle;3;0;1;147;10500.0;3563.0;0.0
Departamento;Santa Fe;2;2;1;75;9800.0;4550.0;560.0
Departamento;Santa Fe;2;1;1;92;10500.0;3010.0;882.0
Departamento;Santa Fe;1;1;1;75;5250.0;4550.0;0.0
Departamento;San Rafael;2;0;2;80;7000.0;1050.0;350.0
Departamento;Condesa;3;1;0;75;8400.0;2625.0;609.0
Departamento;Del Valle;3;2;1;117;9800.0;3423.0;717.5
Departamento;Condesa;3;0;0;120;10500.0;2625.0;490.0
Departamento;Santa Fe;2;1;1;81;5950.0;3850.0;350.0
Departamento;Santa Fe;2;1;1;76;8050.0;3668.0;731.5
Departamento;Lomas de Chapultepec;2;0;0;72;10500.0;3325.0;896.0
Departamento;Narvarte;2;1;1;80;7700.0;2761.5;241.5
Departamento;Santa Fe;2;1;1;105;9625.0;5194.0;0.0
Departamento;Santa Fe;2;1;1;100;7000.0;5054.0;931.0
Departamento;Narvarte;2;1;1;77;6300.0;2842.0;367.5
Departamento;San Miguel Chapultepec;2;1;0;80;4200.0;1400.0;290.5
Departamento;Condesa;1;2;0;70;8050.0;2383.5;486.5
Departamento;Juárez;3;0;0;100;7700.0;2520.0;675.5
Departamento;Condesa;3;0;0;75;9800.0;3815.0;0.0
Departamento;Arboledas;2;0;0;70;3850.0;1407.0;119.0
Departamento;Santa Fe;4;2;2;118;10150.0;3500.0;700.0
Departamento;Ciudad de los Deportes;2;1;0;97;2975.0;1942.5;0.0
Departamento;Santa Fe;2;1;1;80;7350.0;3990.0;644.0
Departamento;Condesa;3;1;0;134;8050.0;7000.0;0.0
Departamento;Santa Fe;2;1;1;76;5950.0;5166.0;0.0
Departamento;Santa Fe;3;2;1;118;7000.0;6125.0;525.0
Departamento;Santa Fe;3;2;1;113;10500.0;2030.0;9625.0
Departamento;San Miguel Chapultepec;3;0;0;70;5250.0;1050.0;108.5
Departamento;San Ángel;2;1;0;80;9450.0;2450.0;427.0
Departamento;Narvarte;3;1;1;81;7000.0;2100.0;311.5
Departamento;Narvarte;2;0;0;80;4550.0;1155.0;87.5
Departamento;Santa Fe;1;1;1;82;6300.0;4550.0;525.0
Departamento;Peralvillo;2;1;0;80;4900.0;2030.0;280.0
Departamento;Condesa;2;0;0;90;10500.0;2800.0;766.5
Departamento;Santa Fe;1;1;0;72;6650.0;3675.0;770.0
Departamento;Santa Fe;3;2;1;110;9800.0;5908.0;1008.0
Departamento;Narvarte;3;1;0;111;9450.0;2380.0;455.0
Departamento;Centro Histórico;2;0;0;75;5950.0;2317.0;308.0
Departamento;Narvarte;2;0;0;75;5600.0;735.0;178.5
Departamento;Santa Fe;2;1;1;98;9450.0;5250.0;875.0
Departamento;Santa Fe;3;1;1;93;10500.0;4004.0;0.0
Departamento;Santa Fe;4;2;2;146;10150.0;6825.0;910.0
Departamento;Santa Fe;3;2;1;72;9450.0;2310.0;315.0
Departamento;Condesa;3;1;1;240;9100.0;3304.0;1809.5
Departamento;Narvarte;2;1;1;85;7000.0;2450.0;315.0
Departamento;San Miguel Chapultepec;2;1;2;72;6650.0;2800.0;0.0
Departamento;Roma Norte;2;0;0;77;4900.0;1039.5;49.0
Departamento;Bosques de las Lomas;2;1;0;72;7350.0;3416.0;703.5
Departamento;Santa Fe;2;1;1;75;5880.0;4200.0;560.0
Departamento;Condesa;2;0;0;90;6650.0;2765.0;0.0
Departamento;Santa Fe;2;1;2;90;9450.0;3500.0;969.5
Departamento;Narvarte;3;1;0;115;6650.0;2520.0;455.0
Departamento;Santa Fe;2;1;1;70;8050.0;3325.0;350.0
Departamento;Narvarte;4;1;1;98;9450.0;4830.0;490.0
Departamento;San Rafael;2;1;1;90;5950.0;3150.0;0.0
Departamento;Santa Fe;2;1;1;80;10500.0;3349.5;679.0
Departamento;Polanco;2;1;1;100;10500.0;2975.0;1039.5
Departamento;Condesa;3;0;0;90;10500.0;4550.0;700.0
Departamento;Condesa;2;0;0;90;10500.0;2800.0;6230.0
Departamento;Santa Fe;3;1;1;92;8575.0;4200.0;0.0
Departamento;Santa Fe;2;2;1;70;8750.0;3150.0;315.0
Departamento;Del Valle;3;1;1;130;9450.0;4280.5;815.5
Departamento;Santa Fe;2;1;1;93;8400.0;4914.0;0.0
Departamento;San Miguel Chapultepec;3;1;0;100;6300.0;542.5;336.0
Departamento;Narvarte;3;0;0;100;7700.0;3640.0;0.0
Departamento;Santa Fe;2;1;2;90;10500.0;4200.0;1330.0
Departamento;Condesa;3;0;1;100;9450.0;4200.0;525.0
Departamento;Ciudad de los Deportes;3;1;2;136;5250.0;2079.0;0.0
Departamento;Narvarte;2;1;0;75;6300.0;1225.0;224.0
Departamento;Santa Fe;2;1;1;95;10398.5;6300.0;0.0
Departamento;Santa Fe;3;2;1;110;8750.0;5099.5;913.5
Departamento;Condesa;3;0;0;110;8750.0;4900.0;0.0
Departamento;Santa Fe;2;1;1;70;7000.0;2800.0;612.5
Departamento;San Miguel Chapultepec;2;1;0;70;5600.0;2625.0;210.0
Departamento;Santa Fe;2;1;1;75;7000.0;3493.0;728.0
Departamento;Condesa;3;0;1;130;10500.0;2800.0;1277.5
Departamento;Santa Fe;2;1;1;70;8050.0;3430.0;245.0
Departamento;San Pedro de los Pinos;2;0;0;72;3850.0;1487.5;45.5
Departamento;Arboledas;2;1;0;70;3500.0;1925.0;0.0
Departamento;El Contadero;2;1;0;99;5600.0;1155.0;0.0
Departamento;Santa Fe;3;2;1;100;10500.0;3237.5;0.0
Departamento;Condesa;2;0;0;92;10500.0;2534.0;521.5
Departamento;Santa Fe;1;1;0;80;7000.0;7000.0;0.0
Departamento;Tlalpan;2;0;0;75;9450.0;2502.5;0.0
Departamento;Condesa;3;0;0;74;8750.0;2625.0;532.0
Departamento;Del Valle;2;1;1;87;9800.0;3976.0;609.0
Departamento;Villa de Cortés;2;0;0;80;3850.0;927.5;0.0
Departamento;Santa Fe;2;1;1;85;8400.0;3661.0;0.0
Departamento;Santa Fe;2;1;1;84;7875.0;4571.0;0.0
Departamento;Nativitas;2;1;0;80;3850.0;1225.0;0.0
Departamento;Condesa;3;0;0;75;7000.0;1995.0;0.0
Departamento;Condesa;2;0;0;76;7000.0;3150.0;350.0
Departamento;Condesa;2;1;0;75;9800.0;3325.0;455.0
Departamento;Polanco;1;1;0;72;10500.0;3283.0;0.0
Departamento;Santa Fe;2;1;1;70;5950.0;3850.0;0.0
Departamento;Narvarte;2;1;1;89;7700.0;2870.0;0.0
Departamento;Lomas de Chapultepec;2;1;0;110;10500.0;4550.0;700.0
Departamento;San Rafael;2;1;0;75;5250.0;2268.0;343.0
Departamento;Santa Fe;2;1;1;70;8050.0;3430.0;0.0
Departamento;Nativitas;2;1;0;72;7000.0;2460.5;339.5
Departamento;Bosques de las Lomas;1;1;0;70;10500.0;3972.5;910.0
Departamento;Condesa;3;0;1;189;8750.0;4921.0;1015.0
Departamento;Condesa;2;0;0;95;7000.0;805.0;0.0
Departamento;San Ángel;3;0;1;112;10500.0;3836.0;0.0
Departamento;Narvarte;3;2;1;180;5250.0;7000.0;994.0
Departamento;Santa Fe;2;1;1;83;6300.0;4900.0;0.0
Departamento;Del Valle;3;0;0;108;9100.0;2835.0;0.0
Departamento;Santa Fe;2;1;1;72;7000.0;3710.0;931.0
Departamento;Santa Fe;2;1;1;78;10500.0;3150.0;507.5
Departamento;Condesa;1;1;0;70;8750.0;2677.5;0.0
Departamento;Napoles;2;0;0;88;10500.0;2502.5;787.5
Departamento;San Ángel;2;0;0;84;9450.0;2688.0;462.0
Departamento;Polanco;4;3;2;150;8050.0;6709.5;0.0
Departamento;Santa Fe;2;1;1;93;8750.0;4725.0;875.0
Departamento;Condesa;2;0;1;100;8050.0;4690.0;556.5
Departamento;Narvarte;2;0;0;80;5950.0;1592.5;98.0
Departamento;Narvarte;2;1;1;87;9800.0;3325.0;574.0
Departamento;Santa Fe;3;2;3;104;9100.0;2590.0;840.0
Departamento;Santa Fe;2;2;1;168;7696.5;5600.0;0.0
Departamento;Roma Norte;2;1;1;75;4550.0;2975.0;0.0
Departamento;Santa Fe;3;1;1;105;8750.0;6212.5;910.0
Departamento;San Miguel Chapultepec;2;1;1;86;5250.0;2919.0;301.0
Departamento;Centro Histórico;2;0;0;75;8750.0;2317.0;280.0
Departamento;Santa Fe;3;2;1;96;9800.0;4200.0;35.0
Departamento;San Miguel Chapultepec;2;1;1;76;5250.0;2940.0;248.5
Departamento;San Pedro de los Pinos;2;1;1;86;5950.0;2940.0;420.0
Departamento;Roma Norte;2;0;0;70;5250.0;840.0;45.5
Departamento;Santa Fe;3;2;3;110;9450.0;5197.5;917.0
Departamento;Santa Fe;2;1;1;70;7000.0;3465.0;0.0
Departamento;Roma;3;1;0;94;10500.0;5250.0;535.5
Departamento;Condesa;2;0;0;80;7700.0;2292.5;350.0
Departamento;Condesa;3;0;0;113;8050.0;3850.0;0.0
Departamento;Villa de Cortés;3;0;0;75;3850.0;647.5;0.0
Departamento;Santa Fe;2;1;1;70;7350.0;4441.5;742.0
Departamento;Centro Histórico;2;0;0;90;7350.0;1995.0;140.0
Departamento;Narvarte;3;2;1;125;9975.0;3395.0;525.0
Departamento;Condesa;3;1;1;240;9100.0;3304.0;1809.5
Departamento;San Miguel Chapultepec;3;0;0;75;5950.0;1848.0;259.0
Departamento;Del Valle;2;0;0;80;5775.0;3150.0;280.0
Departamento;Santa Fe;3;1;1;87;6650.0;4557.0;0.0
Departamento;Santa Fe;3;1;1;82;8750.0;4305.0;941.5
Departamento;Tlalnepantla;3;0;1;106;6300.0;2275.0;0.0
Departamento;Polanco;2;1;1;79;10500.0;5064.5;787.5
Departamento;Santa Fe;2;1;0;71;5600.0;4214.0;742.0
Departamento;Peralvillo;2;1;0;78;3850.0;1995.0;63.0
Departamento;Condesa;3;1;0;148;9100.0;5005.0;0.0
Departamento;Santa Fe;2;1;1;82;7350.0;4725.0;3850.0
Departamento;Condesa;2;0;0;79;10500.0;3265.5;497.0
Departamento;Santa Fe;3;2;1;77;5950.0;4200.0;7108.5
Departamento;Narvarte;2;1;0;76;7350.0;3615.5;434.0
Departamento;Santa Fe;3;1;1;96;10500.0;4305.0;350.0
Departamento;Santa Fe;1;1;1;90;8225.0;4550.0;955.5
Departamento;Napoles;3;1;0;103;10500.0;3780.0;777.0
Departamento;Narvarte;4;2;1;125;10325.0;5355.0;689.5
Departamento;Narvarte;3;1;1;120;6300.0;4158.0;595.0
Departamento;Santa Fe;3;1;0;72;7700.0;2100.0;0.0
Departamento;Santa Fe;2;1;2;94;7700.0;3325.0;840.0
Departamento;Santa Fe;3;2;1;113;9800.0;5425.0;630.0
Departamento;Polanco;2;1;0;70;10500.0;4490.5;675.5
Departamento;Del Valle;3;1;1;127;8750.0;3367.0;0.0
Departamento;Narvarte;3;0;0;90;6300.0;3055.5;262.5
Departamento;Narvarte;4;2;1;188;7000.0;7000.0;1081.5
Departamento;San Pedro de los Pinos;2;1;0;75;10500.0;3325.0;0.0
Departamento;Santa Fe;2;1;1;100;10500.0;2800.0;0.0
Departamento;Narvarte;2;1;0;112;6300.0;1172.5;469.0
Departamento;Roma;3;1;0;109;10500.0;3829.0;609.0
Departamento;La Florida;3;2;2;91;4200.0;1837.5;371.0
Departamento;Santa Fe;3;2;1;100;7700.0;5600.0;1225.0
Departamento;Condesa;2;0;0;80;7000.0;2800.0;525.0
Departamento;Santa Fe;3;2;1;140;10500.0;8050.0;1473.5
Departamento;Narvarte;2;1;0;75;7000.0;2065.0;262.5
Departamento;Coyoacán;2;0;0;70;8750.0;2334.5;448.0
Departamento;Narvarte;2;1;1;103;9100.0;1925.0;525.0
Departamento;Narvarte;3;2;1;132;9800.0;4256.0;700.0
Departamento;Condesa;2;0;0;80;10500.0;2030.0;420.0
Departamento;Bosques de las Lomas;2;0;0;90;7350.0;6300.0;1400.0
Departamento;Narvarte;2;0;0;70;4550.0;2030.0;105.0
Departamento;Del Valle;3;0;1;120;7700.0;2100.0;0.0
Departamento;Santa Fe;2;1;1;90;10325.0;5005.0;700.0
Departamento;Juárez;3;0;0;128;10500.0;2800.0;735.0
Departamento;Las Águilas;4;2;2;230;8400.0;2863.0;1067.5
Departamento;Narvarte;2;1;1;70;7000.0;2100.0;262.5
Departamento;Del Valle;3;0;0;90;10500.0;3500.0;80.5
Departamento;Santa Fe;3;1;1;90;6650.0;4200.0;343.0
Departamento;Condesa;3;1;0;122;9450.0;4907.0;654.5
Departamento;Arboledas;2;1;1;73;4200.0;2558.5;45.5
Departamento;Santa Fe;2;1;1;75;5425.0;2765.0;0.0
Departamento;Narvarte;2;1;0;90;9800.0;2800.0;245.0
Departamento;Santa Fe;2;1;1;85;7700.0;4025.0;892.5
Departamento;Condesa;3;0;1;156;8750.0;3444.0;868.0
Departamento;Santa Fe;1;1;0;73;5250.0;4200.0;829.5
Departamento;Condesa;2;0;0;71;9800.0;2992.5;476.0
Departamento;Condesa;3;0;1;90;8225.0;4329.5;430.5
Departamento;Narvarte;3;2;0;126;7000.0;1925.0;3850.0
Departamento;Santa Fe;2;1;1;75;8050.0;2856.0;784.0
Departamento;Napoles;2;0;0;75;8400.0;3073.0;0.0
Departamento;Santa Fe;3;1;1;70;6300.0;2450.0;210.0
Departamento;Santa Fe;1;1;0;84;7000.0;4550.0;0.0
Departamento;Santa Fe;2;1;1;90;7700.0;4900.0;0.0
Departamento;Coyoacán;3;1;1;100;10500.0;4690.0;560.0
Departamento;Narvarte;3;0;1;75;8050.0;2100.0;525.0
Departamento;Santa Fe;1;1;1;73;4550.0;3552.5;521.5
Departamento;Santa Fe;2;1;1;77;4200.0;4469.5;0.0
Departamento;Santa Fe;2;1;1;70;10500.0;3500.0;1750.0
Departamento;Nativitas;2;1;0;75;4550.0;1715.0;0.0
Departamento;Narvarte;3;1;1;99;6300.0;2485.0;0.0
Departamento;Santa Fe;3;2;1;172;8050.0;5600.0;1575.0
Departamento;Coyoacán;2;1;0;70;10500.0;3150.0;717.5
Departamento;Juárez;2;1;0;71;7700.0;2537.5;381.5
Departamento;Peralvillo;3;1;0;86;3500.0;2345.0;294.0
Departamento;Condesa;2;1;0;80;5250.0;2583.0;805.0
Departamento;Roma;2;1;0;70;9100.0;2450.0;0.0
Departamento;Santa Fe;2;2;1;90;9800.0;3500.0;350.0
Departamento;Santa Fe;3;2;1;120;10150.0;6300.0;0.0
Departamento;Narvarte;3;0;1;110;8750.0;2450.0;525.0
Departamento;Roma;3;0;0;146;10500.0;2975.0;0.0
Departamento;Santa Fe;2;1;1;74;9100.0;4655.0;770.0
Departamento;Condesa;2;0;0;80;7700.0;2380.0;605.5
Departamento;San Miguel Chapultepec;2;1;0;75;5250.0;1610.0;315.0
Departamento;Roma;3;1;1;108;9800.0;4060.0;826.0
Departamento;Narvarte;3;2;1;120;9030.0;3241.0;654.5
Departamento;San Miguel Chapultepec;2;1;0;80;4900.0;2191.0;178.5
Departamento;Santa Fe;3;2;1;172;8050.0;5600.0;1575.0
Departamento;Santa Fe;2;1;2;80;8400.0;4550.0;6300.0
Departamento;Narvarte;3;1;1;81;6125.0;2086.0;311.5
Departamento;Juárez;2;0;1;70;8050.0;2026.5;266.0
Departamento;Santa Fe;2;1;1;78;7350.0;3115.0;490.0
Departamento;Santa Fe;2;1;1;90;9800.0;3850.0;420.0
Departamento;Santa Fe;1;1;0;70;6300.0;3384.5;749.0
Departamento;Santa Fe;3;2;1;140;8050.0;5600.0;1575.0
Departamento;Santa Fe;2;1;1;100;9100.0;5950.0;815.5
Departamento;La Condesa;2;0;0;112;8050.0;2737.0;679.0
Departamento;El Contadero;3;1;1;90;7000.0;1330.0;3493.0
Departamento;San Pedro de los Pinos;2;1;0;72;4550.0;2765.0;0.0
Departamento;San Rafael;2;2;1;88;6300.0;2380.0;350.0
Departamento;Santa Fe;2;1;1;95;9100.0;6300.0;980.0
Departamento;Condesa;2;1;0;127;8750.0;3958.5;882.0
Departamento;La Condesa;3;0;0;92;8750.0;1645.0;0.0
Departamento;San Pedro de los Pinos;3;1;0;84;6300.0;5250.0;0.0
Departamento;Santa Fe;1;1;0;70;9450.0;3150.0;602.0
Departamento;Santa Fe;2;1;1;84;9450.0;4487.0;0.0
Departamento;Condesa;2;0;0;100;8400.0;3290.0;0.0
Departamento;Narvarte;1;0;1;70;4200.0;1050.0;87.5
Departamento;Culhuacán CTM;2;0;0;70;2450.0;1085.0;0.0
Departamento;La Loma;2;0;0;70;7000.0;1505.0;0.0
Departamento;Santa Fe;2;1;1;72;7350.0;4200.0;805.0
Departamento;Roma;2;1;1;90;7000.0;4200.0;437.5
Departamento;San Miguel Chapultepec;2;0;0;71;3850.0;1837.5;73.5
Departamento;Santa Fe;2;1;1;98;10150.0;3780.0;581.0
Departamento;Condesa;3;0;0;125;10150.0;2870.0;469.0
Departamento;Santa Fe;2;1;0;100;8750.0;6002.5;1186.5
Departamento;Roma Norte;3;2;1;110;6650.0;3115.0;301.0
Departamento;Santa Fe;2;1;1;70;5250.0;3955.0;1074.5
Departamento;Condesa;2;0;0;75;9625.0;2800.0;122.5
Departamento;Condesa;2;1;0;70;8750.0;2565.5;455.0
Departamento;Santa Fe;2;1;1;94;10500.0;4200.0;315.0
Departamento;Arboledas;2;0;0;90;3850.0;1120.0;45.5
Departamento;Condesa;2;0;0;80;6300.0;2194.5;0.0
Departamento;Santa Fe;2;1;1;88;9625.0;3885.0;938.0
Departamento;Nativitas;3;1;2;80;5250.0;2275.0;2296.0
Departamento;Del Valle;3;1;0;120;10500.0;3510.5;455.0
Departamento;Narvarte;3;0;0;80;5950.0;1750.0;175.0
Departamento;Santa Fe;2;1;0;85;6300.0;4032.0;822.5
Departamento;Centro Histórico;3;1;0;100;8400.0;2275.0;231.0
Departamento;Narvarte;2;0;0;90;6125.0;2537.5;105.0
Departamento;Narvarte;2;0;0;80;5600.0;2415.0;80.5
Departamento;San Andrés Tetepilco;4;2;1;121;8050.0;2100.0;0.0
Departamento;Condesa;3;1;0;78;8750.0;3262.0;612.5
Departamento;Coyoacán;1;0;0;70;9450.0;2852.5;8102.5
Departamento;Coyoacán;2;0;0;70;7700.0;5376.0;0.0
Departamento;Centro Histórico;1;0;0;96;8750.0;2310.0;350.0
Departamento;Condesa;2;0;0;110;8750.0;3647.0;420.0
Departamento;San Miguel Chapultepec;2;1;0;75;4200.0;2100.0;0.0
Departamento;Nativitas;2;1;0;81;3500.0;1172.5;105.0
Departamento;Santa Fe;2;1;1;84;8750.0;7297.5;927.5
Departamento;El Contadero;2;1;1;100;8750.0;1750.0;0.0
Departamento;San Pedro de los Pinos;2;1;1;75;8750.0;4725.0;0.0
Departamento;Santa Fe;3;1;1;85;7700.0;2390.5;315.0
Departamento;Narvarte;3;1;1;85;7350.0;2205.0;406.0
Departamento;El Contadero;2;1;1;86;6300.0;1417.5;325.5
Departamento;Peralvillo;2;1;0;77;4550.0;1764.0;252.0
Departamento;Peralvillo;2;1;0;70;4550.0;1995.0;70.0
Departamento;Santa Fe;3;1;1;82;7700.0;2905.0;0.0
Departamento;Narvarte;2;1;1;86;4200.0;1869.0;336.0
Departamento;Santa Fe;2;0;1;80;10500.0;4830.0;1050.0
Departamento;Santa Fe;2;1;1;86;9100.0;5173.0;528.5
Departamento;Santa Fe;2;1;1;70;8046.5;2240.0;623.0
Departamento;Santa Fe;2;1;1;90;9800.0;4207.0;931.0
Departamento;Santa Fe;2;1;1;70;9800.0;2450.0;4200.0
Departamento;Narvarte;2;1;1;85;5950.0;2730.0;350.0
Departamento;Narvarte;2;1;0;97;8050.0;2922.5;364.0
Departamento;Santa Fe;3;1;1;105;10500.0;3500.0;476.0
Departamento;Narvarte;2;1;0;86;6650.0;2527.0;521.5
Departamento;Narvarte;3;0;0;84;5950.0;2765.0;6405.0
Departamento;Coyoacán;3;2;0;100;10500.0;5302.5;1277.5
Departamento;Roma;2;1;1;73;10500.0;2621.5;563.5
Departamento;Narvarte;3;0;1;91;9800.0;1575.0;0.0
Departamento;Lomas de Chapultepec;1;1;1;75;10500.0;3388.0;539.0
Departamento;Santa Fe;3;2;1;95;5600.0;4375.0;0.0
Departamento;Condesa;2;0;0;83;9450.0;2096.5;598.5
Departamento;Condesa;2;0;0;80;8750.0;2730.0;787.5
Departamento;Condesa;2;1;1;95;10500.0;4200.0;609.0
Departamento;Santa Fe;3;1;1;80;8750.0;4333.0;679.0
Departamento;Condesa;3;0;0;120;9100.0;4161.5;539.0
Departamento;Santa Fe;2;1;1;70;5250.0;2275.0;525.0
Departamento;San Rafael;2;1;1;77;4900.0;2275.0;367.5
Departamento;Santa Fe;2;1;1;81;5950.0;4025.0;525.0
Departamento;Narvarte;3;1;0;73;6650.0;2233.0;0.0
Departamento;Condesa;3;1;0;101;7700.0;5145.0;770.0
Departamento;Narvarte;2;0;0;71;5670.0;1050.0;0.0
Departamento;Narvarte;2;1;0;90;5250.0;2800.0;273.0
Departamento;Roma Norte;2;0;1;110;4200.0;1050.0;0.0
Departamento;Condesa;2;1;0;72;7875.0;2800.0;140.0
Departamento;Villa de Guadalupe;3;1;1;85;5950.0;1960.0;525.0
Departamento;Santa Fe;3;2;1;180;10500.0;4025.0;0.0
Departamento;Roma;3;0;0;157;9450.0;3395.0;700.0
Departamento;Coyoacán;2;1;0;72;10500.0;2870.0;0.0
Departamento;Santa Fe;3;2;2;210;10500.0;6139.0;1792.0
Departamento;Peralvillo;4;1;2;178;6650.0;3850.0;945.0
Departamento;Condesa;3;0;0;120;9450.0;2800.0;0.0
Departamento;Narvarte;2;0;0;80;4550.0;2992.5;0.0
Departamento;San Ángel;1;1;0;71;8750.0;2975.0;630.0
Departamento;Santa Fe;2;1;1;92;9100.0;4375.0;0.0
Departamento;San Miguel Chapultepec;2;0;0;80;5250.0;1155.0;0.0
Departamento;Santa Fe;2;1;1;90;7875.0;3874.5;773.5
Departamento;Narvarte;3;1;0;100;7700.0;3272.5;0.0
Departamento;Narvarte;3;1;1;120;7700.0;3150.0;5320.0
Departamento;San Miguel Chapultepec;3;1;1;98;4550.0;1851.5;353.5
Departamento;Santa Fe;2;1;1;82;8750.0;4550.0;0.0
Departamento;Santa Fe;2;1;1;83;10500.0;3055.5;686.0
Departamento;Nueva Santa María;2;0;0;89;3675.0;875.0;84.0
Departamento;San Miguel Chapultepec;2;0;1;80;3850.0;2975.0;0.0
Departamento;Vallejo;2;1;1;85;4550.0;1540.0;0.0
Departamento;Condesa;2;0;0;80;9450.0;2415.0;619.5
Departamento;Roma;3;1;0;94;10500.0;5040.0;479.5
Departamento;San Miguel Chapultepec;3;1;0;71;6300.0;2205.0;245.0
Departamento;Santa Fe;3;1;1;72;7350.0;2310.0;385.0
Departamento;Bosques de las Lomas;2;1;1;85;9800.0;3010.0;710.5
Departamento;Centro Histórico;2;0;0;80;4200.0;1788.5;0.0
Departamento;Del Valle;4;0;0;101;8050.0;2684.5;0.0
Departamento;Villa Coapa;3;0;0;85;2975.0;700.0;45.5
Departamento;Narvarte;3;0;1;90;8050.0;2275.0;350.0
Departamento;Ciudad de los Deportes;3;1;2;123;4900.0;2450.0;0.0
Departamento;San Rafael;2;1;0;72;5250.0;1645.0;0.0
Departamento;La Virgen;2;1;0;79;3850.0;1900.5;0.0
Departamento;Santa Fe;2;1;1;99;7000.0;2730.0;647.5
Departamento;Santa Fe;1;1;0;76;7000.0;4550.0;665.0
Departamento;Las Águilas;2;2;1;70;5600.0;1575.0;0.0
Departamento;Narvarte;3;1;1;74;8750.0;3087.0;416.5
Departamento;Santa Fe;2;1;1;95;7700.0;3850.0;938.0
Departamento;Santa Fe;2;1;1;70;5950.0;2205.0;385.0
Departamento;Condesa;3;0;0;103;8750.0;4704.0;574.0
Departamento;Santa Fe;2;1;1;70;9100.0;2800.0;0.0
Departamento;Ciudad de los Deportes;3;0;0;85;4550.0;1295.0;472.5
Departamento;Condesa;2;1;0;70;8750.0;2275.0;0.0
Departamento;Polanco;3;1;0;90;8750.0;4025.0;4900.0
Departamento;Santa Fe;3;2;1;126;9800.0;5250.0;815.5
Departamento;Condesa;2;0;0;111;9100.0;4077.5;0.0
Departamento;Santa Fe;2;1;1;70;5250.0;3374.0;7059.5
Departamento;Nativitas;2;0;0;84;3500.0;2135.0;315.0
Departamento;San Rafael;3;0;0;86;6300.0;1260.0;367.5
Departamento;Condesa;2;0;0;70;7700.0;2100.0;241.5
Departamento;Santa Fe;3;1;1;80;9800.0;4550.0;490.0
Departamento;San Miguel Chapultepec;2;1;0;76;4550.0;1890.0;70.0
Departamento;Santa Fe;2;1;1;72;5250.0;2625.0;1925.0
Departamento;Santa Fe;2;1;1;70;8750.0;3395.0;245.0
Departamento;Santa Fe;2;1;1;75;8400.0;3713.5;756.0
Departamento;Peralvillo;3;1;0;73;4900.0;1925.0;273.0
Departamento;San Jerónimo;2;1;0;85;8400.0;2660.0;500.5
Departamento;Condesa;2;1;0;80;8750.0;2261.0;0.0
Departamento;San Miguel Chapultepec;2;1;1;70;5950.0;1102.5;350.0
Departamento;Condesa;2;1;1;70;7700.0;2100.0;0.0
Departamento;Santa Fe;2;1;1;80;9800.0;3080.0;0.0
Departamento;Santa Fe;1;1;1;78;6650.0;3850.0;630.0
Departamento;San Ángel;2;1;1;86;10500.0;2800.0;717.5
Departamento;Narvarte;2;1;1;75;6650.0;2093.0;0.0
Departamento;Las Águilas;2;0;2;85;6650.0;3913.0;0.0
Departamento;Narvarte;3;1;1;90;7000.0;3430.0;0.0
Departamento;Napoles;2;1;1;82;9100.0;3199.0;448.0
Departamento;Santa Fe;2;1;1;70;9625.0;4550.0;700.0
Departamento;Napoles;2;0;0;75;9450.0;3073.0;0.0
Departamento;Iztacalco;2;0;0;70;2450.0;3.5;0.0
Departamento;Condesa;3;0;1;115;10150.0;6650.0;665.0
Departamento;Santa Fe;3;2;3;105;10500.0;5250.0;945.0
Departamento;Condesa;2;1;0;70;9450.0;3045.0;619.5
Departamento;Lomas de Chapultepec;2;0;0;70;9450.0;3745.0;0.0
Departamento;Santa Fe;2;1;1;80;7000.0;4102.0;262.5
Departamento;Napoles;2;1;1;80;9450.0;2922.5;759.5
Departamento;Polanco;2;1;1;71;7000.0;3339.0;745.5
Departamento;Peralvillo;2;1;1;70;4200.0;2275.0;192.5
Departamento;Narvarte;2;1;1;70;5250.0;2800.0;0.0
Departamento;Santa Fe;3;2;3;120;9800.0;4480.0;1260.0
Departamento;Santa Fe;1;1;0;70;5775.0;3675.0;528.5
Departamento;Condesa;3;0;1;110;10500.0;3500.0;70.0
Departamento;Narvarte;3;1;0;86;6650.0;2362.5;385.0
Departamento;Condesa;2;0;0;81;8330.0;1400.0;0.0
Departamento;Nativitas;2;1;0;81;7700.0;3307.5;329.0
Departamento;Santa Fe;2;1;1;72;9100.0;2789.5;2352.0
Departamento;Santa Fe;2;1;0;80;10500.0;7000.0;770.0
Departamento;Santa Fe;2;1;1;80;7350.0;4077.5;399.0
Departamento;Polanco;2;1;1;80;10500.0;5250.0;560.0
Departamento;Santa Fe;2;2;1;83;8050.0;3440.5;1218.0
Departamento;Polanco;2;2;1;74;10325.0;4980.5;878.5
Departamento;Del Valle;3;0;0;80;7700.0;1155.0;311.5
Departamento;San Miguel Chapultepec;2;1;0;87;5600.0;1760.5;70.0
Departamento;Santa Fe;2;1;1;82;7000.0;4270.0;665.0
Departamento;Santa Fe;2;2;1;86;6650.0;4550.0;402.5
Departamento;Nativitas;2;1;0;91;3150.0;1190.0;0.0
Departamento;Santa Fe;2;1;1;71;6650.0;1715.0;280.0
Departamento;Narvarte;3;1;1;115;8750.0;4200.0;0.0
Departamento;Peralvillo;3;2;1;108;4550.0;2793.0;406.0
Departamento;Santa Fe;2;1;1;89;8050.0;5075.0;717.5
Departamento;Peralvillo;2;1;0;80;3500.0;1330.0;0.0
Departamento;Del Valle;2;1;1;88;8750.0;2929.5;658.0
Departamento;Roma;3;0;0;100;10500.0;3202.5;682.5
Departamento;Santa Fe;2;2;1;105;5250.0;7402.5;0.0
Departamento;Polanco;3;0;1;110;9450.0;5250.0;0.0
Departamento;Santa Fe;3;1;1;96;9800.0;3430.0;315.0
Departamento;Centro Histórico;3;1;1;94;5950.0;3010.0;269.5
Departamento;Narvarte;2;1;0;80;8050.0;2317.0;0.0
Departamento;Polanco;2;1;1;80;10150.0;4725.0;560.0
Departamento;Doctores;2;0;1;70;4550.0;1148.0;0.0
Departamento;Santa Fe;2;1;1;78;7000.0;2975.0;707.0
Departamento;Tlalpan;2;0;0;80;9100.0;1855.0;294.0
Departamento;Iztacalco;2;1;0;70;3500.0;1925.0;0.0
Departamento;Peralvillo;3;1;1;76;5250.0;2450.0;2800.0
Departamento;Santa Fe;2;1;1;70;7000.0;3325.0;280.0
Departamento;Condesa;3;0;0;110;9450.0;3500.0;70.0
Departamento;Napoles;2;0;0;87;9100.0;2520.0;710.5
Departamento;Narvarte;3;1;1;140;9800.0;4410.0;0.0
Departamento;Napoles;3;1;0;97;9800.0;3685.5;654.5
Departamento;Santa Fe;1;1;1;70;7700.0;3325.0;420.0
Departamento;Napoles;2;0;0;75;9450.0;3073.0;0.0
Departamento;Del Valle;2;1;0;80;8050.0;2516.5;325.5
Departamento;Santa Fe;2;1;1;85;8750.0;3773.0;591.5
Departamento;Condesa;3;1;1;100;10500.0;2663.5;332.5
Departamento;Narvarte;3;1;0;77;7350.0;2667.0;318.5
Departamento;Juárez;2;1;0;71;7700.0;2537.5;381.5
Departamento;Narvarte;3;0;0;110;5250.0;2380.0;297.5
Departamento;Santa Fe;2;1;1;70;5950.0;3850.0;0.0
Departamento;Condesa;2;1;1;93;10500.0;3034.5;861.0
Departamento;El Contadero;3;2;1;200;6825.0;1960.0;682.5
Departamento;Napoles;2;0;0;77;10500.0;2205.0;4525.5
Departamento;Bosques de las Lomas;2;1;1;70;9100.0;5439.0;815.5
Departamento;Condesa;2;1;0;80;9800.0;2975.0;420.0
Departamento;La Condesa;2;0;0;90;7350.0;2800.0;458.5
Departamento;Narvarte;2;1;0;75;8050.0;1750.0;0.0
Departamento;Roma;2;0;1;82;9100.0;2905.0;0.0
Departamento;Del Valle;3;0;0;108;9100.0;3150.0;0.0
Departamento;Santa Fe;1;1;0;74;5600.0;3734.5;0.0
Departamento;Santa Fe;2;1;1;70;8400.0;3395.0;269.5
Departamento;Condesa;2;0;0;84;9800.0;2387.0;402.5
Departamento;Santa Fe;2;1;1;74;9800.0;4410.0;756.0
Departamento;Santa Fe;2;1;1;93;9100.0;2800.0;787.5
Departamento;Condesa;2;1;0;74;10325.0;4025.0;479.5
Departamento;Santa Fe;2;1;0;78;8400.0;4200.0;269.5
Departamento;La Florida;3;2;1;154;5950.0;2625.0;878.5
Departamento;San Pedro de los Pinos;2;1;1;91;10500.0;3510.5;1050.0
Departamento;Santa Fe;3;2;1;114;5250.0;4945.5;0.0
Departamento;Santa Fe;2;1;1;90;7350.0;5215.0;4763.5
Departamento;Santa Fe;2;2;1;180;8050.0;5600.0;0.0
Departamento;San Rafael;1;1;1;80;5250.0;2394.0;297.5
Departamento;Condesa;2;1;1;100;10500.0;4550.0;630.0
Departamento;Santa Fe;2;1;1;82;6300.0;2940.0;385.0
Departamento;Santa Fe;2;1;1;70;8750.0;3395.0;245.0
Departamento;Condesa;2;0;0;90;8225.0;3374.0;371.0
Departamento;Santa Fe;3;2;1;80;8225.0;4154.5;612.5
Departamento;Narvarte;2;0;0;75;4900.0;2275.0;238.0
Departamento;Ciudad de los Deportes;2;1;1;79;5250.0;2030.0;273.0
Departamento;Santa Fe;2;1;2;95;7525.0;8568.0;1522.5
Departamento;Condesa;4;0;0;130;10500.0;3650.5;2698.5
Departamento;Narvarte;3;0;1;80;6300.0;2275.0;4025.0
Departamento;Santa Fe;2;1;1;80;7700.0;4200.0;875.0
Departamento;Santa Fe;3;2;1;100;9800.0;5250.0;875.0
Departamento;Santa Fe;2;1;1;75;8575.0;4375.0;679.0
Departamento;Roma;3;1;1;120;8750.0;4200.0;700.0
Departamento;El Contadero;3;1;1;110;9800.0;1925.0;630.0
Departamento;Narvarte;2;1;1;81;5250.0;3080.0;227.5
Departamento;Roma;2;1;1;75;7700.0;4620.0;574.0
Departamento;Santa Fe;3;2;1;95;8050.0;2975.0;672.0
Departamento;Santa Fe;2;1;1;81;9450.0;4574.5;815.5
Departamento;Narvarte;3;0;0;80;6475.0;2065.0;350.0
Departamento;Santa Fe;2;1;1;78;9800.0;3675.0;0.0
Departamento;Narvarte;3;1;0;80;6300.0;2975.0;315.0
Departamento;Narvarte;2;0;0;71;4550.0;2082.5;185.5
Departamento;Santa Fe;3;3;1;84;7700.0;3850.0;6730.5
Departamento;Santa Fe;2;1;1;78;8750.0;4200.0;262.5
Departamento;Condesa;3;0;1;100;10150.0;3115.0;0.0
Departamento;Narvarte;2;0;0;90;5250.0;1680.0;0.0
Departamento;Álvaro Obregón;3;1;1;85;4550.0;1050.0;0.0
Departamento;Santa Fe;2;1;1;101;5250.0;8067.5;1067.5
Departamento;Coyoacán;2;1;1;97;10500.0;2768.5;682.5
Departamento;Del Valle;2;1;0;105;9800.0;2852.5;525.0
Departamento;Santa Fe;2;1;1;85;8050.0;4112.5;728.0
Departamento;Roma;3;0;0;78;9625.0;1435.0;427.0
Departamento;Bosques de las Lomas;2;0;2;82;8750.0;3710.0;0.0
Departamento;Narvarte;2;1;1;75;6300.0;2345.0;175.0
Departamento;Santa Fe;3;1;1;95;7000.0;4900.0;0.0
Departamento;Narvarte;3;1;1;100;5600.0;1120.0;315.0
Departamento;Santa Fe;3;1;1;90;9100.0;4200.0;0.0
Departamento;Zacatenco;4;2;1;144;7700.0;1662.5;350.0
Departamento;Roma;3;1;1;81;9800.0;3080.0;658.0
Departamento;Narvarte;2;2;1;90;7000.0;3850.0;0.0
Departamento;Santa Fe;2;1;2;90;9100.0;4550.0;0.0
Departamento;Del Valle;1;1;0;82;5250.0;3955.0;0.0
Departamento;Polanco;3;1;0;80;10500.0;2205.0;87.5
Departamento;Nueva Santa María;2;0;0;70;3150.0;385.0;0.0
Departamento;La Condesa;2;0;0;85;7000.0;2803.5;360.5
Departamento;Roma;2;0;0;70;8400.0;2100.0;0.0
Departamento;Condesa;2;0;0;79;9450.0;2905.0;472.5
Departamento;Narvarte;2;1;1;75;6300.0;2170.0;525.0
Departamento;Santa Fe;2;1;1;72;8750.0;3500.0;0.0
Departamento;Condesa;2;0;0;72;7700.0;2653.0;0.0
Departamento;San Miguel Chapultepec;2;1;0;75;6300.0;875.0;70.0
Departamento;Santa Fe;3;1;1;97;8050.0;2625.0;0.0
Departamento;Santa Fe;2;2;1;73;9100.0;4550.0;4900.0
Departamento;Narvarte;2;1;1;86;8750.0;2474.5;0.0
Departamento;Narvarte;3;0;0;72;4550.0;1876.0;245.0
Departamento;Iztapalapa;3;1;1;115;7000.0;2030.0;560.0
Departamento;Condesa;2;1;0;95;8750.0;5285.0;696.5
Departamento;La Condesa;2;1;1;70;10500.0;1470.0;161.0
Departamento;Santa Fe;3;1;1;95;8400.0;4200.0;8445.5
Departamento;Narvarte;2;0;0;85;5145.0;1925.0;273.0
Departamento;Roma;3;1;1;130;9100.0;4200.0;455.0
Departamento;Condesa;2;1;1;93;10500.0;3034.5;1008.0
Departamento;San Pedro de los Pinos;2;0;1;70;7000.0;2730.0;374.5
Departamento;La Florida;2;2;1;90;4200.0;1326.5;308.0
Departamento;Condesa;2;0;0;75;8750.0;2674.0;91.0
Departamento;Narvarte;2;1;1;80;9800.0;3325.0;367.5
Departamento;Narvarte;3;1;0;107;7700.0;2100.0;504.0
Departamento;Narvarte;3;0;0;80;8750.0;3150.0;0.0
Departamento;Santa Fe;2;1;1;76;8400.0;4550.0;6650.0
Departamento;Peralvillo;2;1;0;70;4900.0;1400.0;0.0
Departamento;Narvarte;3;0;0;100;6300.0;2695.0;542.5
Departamento;Narvarte;3;1;0;99;6300.0;2352.0;399.0
Departamento;San Miguel Chapultepec;2;2;1;70;9275.0;2177.0;357.0
Departamento;Narvarte;2;1;1;87;9450.0;2450.0;707.0
Departamento;Narvarte;3;1;0;102;5950.0;2191.0;0.0
Departamento;Condesa;2;1;1;70;8400.0;2625.0;465.5
Departamento;Santa Fe;2;1;2;80;4550.0;3815.0;248.5
Departamento;Narvarte;2;0;0;70;6300.0;2765.0;350.0
Departamento;Narvarte;3;2;1;84;8225.0;3325.0;3115.0
Departamento;San Miguel Chapultepec;2;0;0;80;5250.0;1204.0;84.0
Departamento;San Miguel Chapultepec;3;2;0;200;8750.0;5250.0;455.0
Departamento;Napoles;2;0;0;77;8400.0;1785.0;248.5
Departamento;Coyoacán;3;0;0;70;10500.0;1015.0;598.5
Departamento;Santa Fe;2;1;1;80;9800.0;4550.0;476.0
Departamento;Narvarte;3;1;1;79;8400.0;3524.5;0.0
Departamento;Del Valle;3;0;0;89;8750.0;1225.0;0.0
Departamento;Narvarte;2;1;1;90;4900.0;3150.0;630.0
Departamento;Condesa;2;0;0;80;10500.0;2660.0;84.0
Departamento;Santa Fe;1;0;1;80;9100.0;3500.0;0.0
Departamento;San Miguel Chapultepec;3;2;1;140;7000.0;4550.0;507.5
Departamento;Narvarte;3;1;1;112;7700.0;2835.0;0.0
Departamento;Condesa;3;1;0;86;10500.0;3780.0;455.0
Departamento;El Contadero;3;3;1;120;10500.0;2800.0;0.0
Departamento;Santa Fe;2;1;1;70;7350.0;3150.0;560.0
Departamento;San Miguel Chapultepec;2;1;1;70;8050.0;2275.0;490.0
Departamento;Condesa;1;1;0;70;9450.0;2275.0;875.0
Departamento;Napoles;2;1;1;82;10500.0;3675.0;514.5
Departamento;Santa Fe;1;1;1;75;8750.0;3850.0;931.0
Departamento;Santa Fe;3;0;0;91;7700.0;4900.0;3675.0
Departamento;Roma Norte;3;0;0;75;3500.0;1050.0;115.5
Departamento;Roma;3;1;1;90;9800.0;5250.0;630.0
Departamento;Nativitas;3;2;1;105;6650.0;1365.0;420.0
Departamento;Condesa;3;0;0;110;10500.0;4900.0;350.0
Departamento;Narvarte;2;0;0;90;6300.0;2187.5;402.5
Departamento;Narvarte;3;0;0;137;4200.0;3255.0;637.0
Departamento;Álvaro Obregón;3;1;0;70;2975.0;1260.0;0.0
Departamento;Polanco;2;2;2;86;10500.0;5705.0;686.0
Departamento;Narvarte;2;1;0;120;10500.0;2887.5;0.0
Departamento;Nueva Santa María;2;1;0;75;3500.0;1060.5;59.5
Departamento;San Miguel Chapultepec;2;1;0;90;5600.0;1767.5;311.5
Departamento;Santa Fe;1;1;0;70;6650.0;3444.0;980.0
Departamento;San Miguel Chapultepec;2;0;0;70;4200.0;1925.0;70.0
Departamento;Condesa;2;0;0;87;9800.0;2992.5;0.0
Departamento;Condesa;2;0;0;70;9100.0;2058.0;455.0
Departamento;Santa Fe;1;1;1;70;7700.0;4900.0;1214.5
Departamento;El Rosedal;2;1;0;70;4550.0;630.0;0.0
Departamento;San Jerónimo;3;1;0;110;10500.0;4200.0;0.0
Departamento;Roma;2;1;1;81;10500.0;2975.0;700.0
Departamento;Roma Norte;3;1;1;79;7350.0;3150.0;0.0
Departamento;Narvarte;2;1;0;70;7350.0;245.0;0.0
Departamento;Santa Fe;2;2;1;86;9275.0;5309.5;959.0
Departamento;Santa Fe;3;2;1;110;9800.0;4172.0;0.0
Departamento;Narvarte;3;1;0;80;5600.0;1575.0;0.0
Departamento;San Miguel Chapultepec;2;1;0;70;5950.0;2905.0;0.0
Departamento;Narvarte;3;0;0;79;7350.0;2674.0;0.0
Departamento;Roma;2;1;0;100;10150.0;3083.5;451.5
Departamento;Del Valle;2;1;1;72;8750.0;2625.0;315.0
Departamento;Santa Fe;2;1;2;93;8750.0;4725.0;983.5
Departamento;Roma;3;1;0;95;8750.0;2894.5;588.0
Departamento;Santa Fe;2;1;2;80;8050.0;3332.0;0.0
Departamento;Narvarte;2;0;0;101;4900.0;2194.5;318.5
Departamento;Del Valle;3;0;0;130;9800.0;3202.5;465.5
Departamento;Narvarte;3;2;1;98;10500.0;4938.5;637.0
Departamento;Narvarte;3;0;0;105;6300.0;2660.0;448.0
Departamento;Santa Fe;3;1;1;90;10500.0;3500.0;700.0
Departamento;Nativitas;2;1;0;75;4550.0;1715.0;0.0
Departamento;Narvarte;2;0;0;80;5600.0;777.0;87.5
Departamento;Narvarte;3;1;1;80;10150.0;3867.5;0.0
Departamento;Narvarte;3;1;1;85;7000.0;4585.0;329.0
Departamento;Peralvillo;3;1;1;76;5075.0;2380.0;332.5
Departamento;Santa Fe;2;1;2;85;8750.0;7000.0;10850.0
Departamento;Nativitas;2;0;1;76;5600.0;2450.0;0.0
Departamento;Narvarte;2;1;1;70;5950.0;2037.0;63.0
Departamento;Santa Fe;3;1;1;73;7350.0;2170.0;0.0
Departamento;Narvarte;2;0;0;102;7000.0;2450.0;0.0
Departamento;Narvarte;3;1;0;91;7000.0;3104.5;427.0
Departamento;Nueva Santa María;2;1;0;70;4200.0;1505.0;73.5
Departamento;Santa Fe;2;1;2;83;8365.0;5355.0;966.0
Departamento;Ciudad de los Deportes;2;1;0;74;2100.0;875.0;56.0
Departamento;Centro Histórico;3;0;0;90;7350.0;1925.0;175.0
Departamento;Santa Fe;3;2;1;140;9450.0;5600.0;15750.0
Departamento;Arboledas;2;1;0;70;4200.0;1750.0;0.0
Departamento;Condesa;3;1;0;110;9975.0;5250.0;595.0
Departamento;Santa Fe;2;2;1;107;10150.0;4364.5;9821.0
Departamento;Condesa;2;0;1;130;10150.0;4900.0;665.0
Departamento;Condesa;3;0;0;110;10500.0;2625.0;595.0
Departamento;Narvarte;3;1;1;98;8400.0;2310.0;395.5
Departamento;Coyoacán;1;0;0;85;7000.0;2117.5;630.0
Departamento;Napoles;2;0;0;75;9100.0;3073.0;0.0
Departamento;Condesa;3;1;0;100;8750.0;4214.0;0.0
Departamento;Santa Fe;4;2;1;158;8750.0;5677.0;1414.0
Departamento;San Miguel Chapultepec;2;2;0;90;7350.0;1050.0;329.0
Departamento;Del Valle;2;1;0;75;7000.0;3132.5;374.5
Departamento;Narvarte;2;1;0;74;5600.0;3010.0;290.5
Departamento;Roma;2;1;1;103;10325.0;3591.0;752.5
Departamento;Santa Fe;2;1;1;90;8575.0;4914.0;9866.5
Departamento;Narvarte;2;1;1;84;6300.0;2852.5;374.5
Departamento;Condesa;2;0;0;75;9800.0;4200.0;315.0
Departamento;Santa Fe;1;1;0;70;6650.0;3850.0;5075.0
Departamento;Del Valle;2;0;0;84;8050.0;3514.0;0.0
Departamento;Santa Fe;2;1;1;70;9800.0;3395.0;245.0
Departamento;Narvarte;3;1;1;98;8400.0;2880.5;605.5
Departamento;Santa Fe;2;1;1;77;6475.0;3713.5;0.0
Departamento;Condesa;2;0;0;80;7000.0;3150.0;5194.0
Departamento;Condesa;2;0;0;101;10115.0;4305.0;525.0
Departamento;Santa Fe;2;1;1;99;8400.0;5400.5;1183.0
Departamento;San Miguel Chapultepec;2;0;0;70;5600.0;2128.0;0.0
Departamento;Narvarte;2;1;1;82;5250.0;2625.0;231.0
Departamento;Narvarte;2;1;0;75;5950.0;3080.0;420.0
Departamento;Narvarte;3;1;0;193;5950.0;2975.0;406.0
Departamento;Santa Fe;2;1;1;80;8750.0;4686.5;654.5
Departamento;San Miguel Chapultepec;2;1;0;80;5600.0;2205.0;227.5
Departamento;Santa Fe;3;2;1;106;8750.0;6202.0;871.5
Departamento;San Pedro de los Pinos;2;0;0;70;8400.0;2450.0;602.0
Departamento;Santa Fe;1;1;1;109;10500.0;5250.0;8011.5
Departamento;Condesa;2;0;0;70;7700.0;2555.0;518.0
Departamento;Peralvillo;2;1;0;75;2800.0;1697.5;0.0
Departamento;Narvarte;3;1;1;150;10500.0;5523.0;630.0
Departamento;Narvarte;2;0;0;95;4550.0;2380.0;451.5
Departamento;Santa Fe;3;1;1;120;10150.0;7525.0;1358.0
Departamento;Narvarte;2;1;2;121;8050.0;3500.0;0.0
Departamento;Santa Fe;2;1;1;72;6300.0;3122.0;654.5
Departamento;San Miguel Chapultepec;2;1;0;72;5250.0;1575.0;315.0
Departamento;Condesa;2;0;0;70;5250.0;1785.0;0.0
Departamento;Narvarte;3;0;0;116;7000.0;2555.0;4060.0
Departamento;San Rafael;3;0;1;85;5950.0;1330.0;122.5
Departamento;Santa Fe;2;1;1;70;7000.0;4305.0;945.0
Departamento;Juárez;2;0;0;70;7700.0;2100.0;315.0
Departamento;Condesa;2;0;0;73;8050.0;2450.0;0.0
Departamento;Santa Fe;2;1;1;80;8750.0;3500.0;420.0
Departamento;Santa Fe;2;1;1;93;8925.0;3465.0;595.0
Departamento;Napoles;3;1;0;79;10500.0;4725.0;700.0
Departamento;Narvarte;2;0;0;70;4550.0;1470.0;87.5
Departamento;Santa Fe;2;1;1;73;7000.0;3101.0;0.0
Departamento;Santa Fe;1;1;1;82;7700.0;4917.5;84.0
Departamento;Santa Fe;2;1;1;78;7350.0;4725.0;490.0
Departamento;Polanco;3;1;1;110;10500.0;3972.5;840.0
Departamento;Del Valle;2;0;0;74;8050.0;2072.0;350.0
Departamento;Condesa;3;1;0;105;8750.0;4900.0;770.0
Departamento;Narvarte;3;0;0;86;8750.0;1963.5;395.5
Departamento;Santa Fe;3;0;1;86;5600.0;3248.0;878.5
Departamento;Roma Norte;3;0;0;86;5600.0;1225.0;0.0
Departamento;Narvarte;3;1;2;116;8750.0;3150.0;770.0
Departamento;Peralvillo;2;1;1;70;5425.0;1750.0;0.0
Departamento;Santa Fe;2;1;1;70;6125.0;2222.5;45.5
Departamento;Coyoacán;2;1;0;100;9800.0;2852.5;854.0
Departamento;Narvarte;2;0;0;70;5250.0;3066.0;339.5
Departamento;Santa Fe;2;1;1;98;10150.0;3780.0;0.0
Departamento;Santa Fe;2;1;1;72;7700.0;4865.0;420.0
Departamento;Atlampa;2;1;0;82;5775.0;763.0;0.0
Departamento;Santa Fe;2;1;1;74;8050.0;4725.0;0.0
Departamento;Roma Norte;3;0;0;86;6300.0;1855.0;266.0
Departamento;Condesa;2;0;0;85;10500.0;3458.0;371.0
Departamento;Narvarte;2;0;0;74;4200.0;2789.5;0.0
Departamento;Narvarte;2;0;0;70;7000.0;2450.0;280.0
Departamento;Polanco;2;2;1;75;10150.0;4980.5;679.0
Departamento;Narvarte;2;1;1;73;6300.0;3157.0;0.0
Departamento;Narvarte;4;1;1;140;9450.0;4294.5;1004.5
Departamento;Roma;3;1;1;130;10500.0;3850.0;665.0
Departamento;Condesa;2;0;0;70;8750.0;4116.0;0.0
Departamento;Condesa;2;0;0;75;7700.0;1960.0;3500.0
Departamento;Santa Fe;2;1;1;70;5600.0;3360.0;0.0
Departamento;San Miguel Chapultepec;2;2;1;70;4550.0;2275.0;73.5
Departamento;Roma;3;0;1;91;8050.0;1067.5;581.0
Departamento;Santa Fe;3;1;1;110;9450.0;5950.0;980.0
Departamento;Roma;1;0;0;70;5425.0;1120.0;315.0
Departamento;San Pedro de los Pinos;2;0;0;70;7350.0;2170.0;350.0
Departamento;Narvarte;2;1;1;80;10500.0;2625.0;486.5
Departamento;Roma;2;1;1;76;10325.0;3307.5;546.0
Departamento;Santa Fe;3;1;1;90;8575.0;5131.0;581.0
Departamento;Santa Fe;3;2;1;74;8750.0;2177.0;224.0
Departamento;San Miguel Chapultepec;2;1;0;120;7700.0;1365.0;700.0
Departamento;Narvarte;2;1;1;78;8050.0;1960.0;287.0
Departamento;Santa Fe;2;1;1;78;8050.0;3307.5;455.0
Departamento;Santa Fe;2;1;2;86;9800.0;4900.0;875.0
Departamento;Santa Fe;1;1;0;75;7700.0;4060.0;1165.5
Departamento;Peralvillo;3;1;1;75;5250.0;2065.0;0.0
Departamento;Santa Fe;2;1;2;88;8225.0;5110.0;7766.5
Departamento;Condesa;2;2;1;86;9800.0;2289.0;945.0
Departamento;Santa Fe;3;2;1;70;5950.0;2975.0;385.0
Departamento;Santa Fe;2;1;1;74;8750.0;2786.0;777.0
Departamento;San Ángel;2;0;0;80;9450.0;2450.0;455.0
Departamento;San Miguel Chapultepec;2;0;0;71;3150.0;1680.0;0.0
Departamento;Santa Fe;2;1;1;84;8050.0;4375.0;710.5
Departamento;Santa Fe;2;1;1;70;5950.0;4025.0;6646.5
Departamento;Santa Fe;2;1;2;84;8750.0;5285.0;976.5
Departamento;Narvarte;2;1;1;70;5600.0;2800.0;0.0
Departamento;San Miguel Chapultepec;2;1;0;70;4900.0;2520.0;280.0
Departamento;Narvarte;3;1;1;125;8750.0;3850.0;700.0
Departamento;Narvarte;2;0;0;83;6300.0;1946.0;283.5
Departamento;San Miguel Chapultepec;2;1;1;80;5250.0;3080.0;322.0
Departamento;Del Valle;2;0;0;80;9100.0;2964.5;332.5
Departamento;Santa Fe;2;1;0;70;7700.0;4438.0;556.5
Departamento;Narvarte;2;1;1;100;7700.0;3115.0;0.0
Departamento;Condesa;2;0;0;70;8050.0;2590.0;0.0
Departamento;Roma;2;0;0;90;10500.0;3185.0;490.0
Departamento;Santa Fe;3;2;1;115;9450.0;5890.5;917.0
Departamento;Roma;1;1;0;70;10325.0;2625.0;315.0
Departamento;Santa Fe;3;2;1;200;10500.0;6139.0;1739.5
Departamento;Villa de Cortés;3;1;0;85;4200.0;1400.0;0.0
Departamento;Narvarte;3;0;0;85;6650.0;2450.0;262.5
Departamento;Roma;2;1;0;85;9450.0;2747.5;420.0
Departamento;Santa Fe;3;2;1;140;10500.0;4907.0;0.0
Departamento;Reforma Política;2;0;0;83;3500.0;875.0;87.5
Departamento;La Florida;1;0;0;75;3850.0;2187.5;49.0
Departamento;El Contadero;2;1;0;75;7700.0;1400.0;416.5
Departamento;Condesa;3;0;0;100;10500.0;3150.0;0.0
Departamento;Santa Fe;3;1;1;120;10150.0;5600.0;1085.0
Departamento;Mixcoac;2;0;0;84;2975.0;276.5;0.0
Departamento;Santa Fe;3;1;1;120;10150.0;7665.0;0.0
Departamento;Coyoacán;2;0;0;80;10500.0;2345.0;661.5
Departamento;Santa Fe;2;1;1;100;10150.0;6062.0;812.0
Departamento;Santa Fe;2;1;1;95;5950.0;5180.0;0.0
Departamento;Narvarte;2;1;0;81;5425.0;2100.0;304.5
Departamento;Condesa;2;1;0;107;9800.0;2352.0;77.0
Departamento;Narvarte;2;1;0;88;4200.0;2240.0;0.0
Departamento;Ciudad de los Deportes;2;2;1;165;3500.0;3850.0;6699.0
Departamento;Narvarte;3;1;0;94;7000.0;2436.0;332.5
Departamento;Juárez;2;0;0;85;5950.0;1470.0;539.0
Departamento;San Pedro de los Pinos;3;1;1;100;10500.0;3969.0;630.0
Departamento;Narvarte;2;0;0;80;4900.0;2975.0;0.0
Departamento;Polanco;3;1;0;84;8050.0;2408.0;567.0
Departamento;La Virgen;3;1;0;73;3850.0;1820.0;52.5
Departamento;Narvarte;3;1;1;86;9275.0;2520.0;560.0
Departamento;Santa Fe;1;2;1;70;5775.0;3465.0;780.5
Departamento;Roma;3;1;1;110;9800.0;3500.0;0.0
Departamento;San Miguel Chapultepec;2;1;0;85;4900.0;2450.0;0.0
Departamento;Santa Fe;2;1;1;70;5250.0;2884.0;259.0
Departamento;Santa Fe;2;1;1;70;5950.0;2782.5;602.0
Departamento;Nueva Santa María;2;1;0;80;4200.0;1610.0;56.0
Departamento;Santa Fe;3;0;0;88;9450.0;1225.0;35.0
Departamento;Del Valle;3;0;1;115;8750.0;1365.0;203.0
Departamento;Nativitas;3;1;1;110;5600.0;1190.0;0.0
Departamento;Del Valle;3;0;0;70;3150.0;630.0;0.0
Departamento;Santa Fe;3;2;2;89;8750.0;3325.0;0.0
Departamento;Condesa;2;0;0;110;8050.0;4494.0;588.0
Departamento;Villa de Cortés;3;0;1;110;2975.0;3220.0;0.0
Departamento;Roma;2;0;0;70;6825.0;2877.0;336.0
Departamento;Santa Fe;3;2;1;114;10500.0;5740.0;0.0
Departamento;Condesa;2;1;1;78;8750.0;2534.0;735.0
Departamento;Narvarte;3;1;0;70;7350.0;2100.0;0.0
Departamento;Juárez;2;1;1;75;7350.0;2537.5;483.0
Departamento;Narvarte;3;2;1;97;8050.0;3045.0;0.0
Departamento;Santa Fe;3;1;1;86;7000.0;2975.0;420.0
Departamento;Santa Fe;1;1;0;70;7000.0;3521.0;560.0
Departamento;Centro Histórico;2;0;0;80;7350.0;2030.0;77.0
Departamento;Condesa;2;0;1;98;9450.0;3010.0;385.0
Departamento;Condesa;2;0;0;78;10500.0;2275.0;0.0
Departamento;Santa Fe;2;1;1;100;9275.0;5355.0;980.0
Departamento;Santa Fe;2;1;1;102;10150.0;4970.0;1015.0
Departamento;Narvarte;3;1;0;150;5600.0;2275.0;315.0
Departamento;Condesa;3;0;0;85;10150.0;3500.0;560.0
Departamento;Santa Fe;4;2;1;158;8750.0;5677.0;1417.5
Departamento;Roma;2;1;1;90;9100.0;3150.0;0.0
Departamento;Santa Fe;3;2;1;98;8925.0;4235.0;367.5
Departamento;Condesa;2;1;1;105;9800.0;2572.5;0.0
Departamento;Santa Fe;2;1;1;94;7175.0;5460.0;759.5
Departamento;Condesa;2;0;0;75;9100.0;4200.0;315.0
Departamento;Narvarte;3;0;0;90;6996.5;2100.0;0.0
Departamento;Narvarte;3;1;1;140;9800.0;4410.0;0.0
Departamento;San Rafael;2;0;0;80;4550.0;2418.5;231.0
Departamento;Narvarte;2;0;0;73;6300.0;1925.0;0.0
Departamento;Narvarte;2;1;0;91;5950.0;2310.0;500.5
Departamento;Ciudad de los Deportes;4;2;3;245;9450.0;4830.0;507.5
Departamento;Condesa;3;0;0;100;7700.0;3545.5;749.0
Departamento;Narvarte;3;2;1;130;10500.0;4550.0;717.5
Departamento;Lomas de Chapultepec;3;0;0;93;9800.0;3934.0;0.0
Departamento;Condesa;2;0;0;75;9450.0;2030.0;626.5
Departamento;Condesa;3;0;0;100;8750.0;3150.0;731.5
Departamento;Narvarte;3;0;0;95;5600.0;2789.5;0.0
Departamento;Santa Fe;3;2;1;180;10500.0;4025.0;0.0
Departamento;Del Valle;2;0;0;80;9100.0;2975.0;0.0
Departamento;Del Valle;3;1;0;96;10500.0;3010.0;511.0
Departamento;Narvarte;3;1;0;100;7000.0;3500.0;343.0
Departamento;Condesa;2;1;0;97;7700.0;5180.0;630.0
Departamento;Santa Fe;3;2;1;91;10500.0;3500.0;518.0
Departamento;Santa Fe;2;1;1;102;8750.0;5075.0;889.0
Departamento;Del Valle;2;1;0;74;8750.0;2338.0;343.0
Departamento;Nueva Santa María;3;1;1;79;4550.0;2352.0;402.5
Departamento;La Condesa;2;0;0;112;8050.0;2415.0;0.0
Departamento;San Rafael;3;0;0;70;4200.0;1225.0;70.0
Departamento;Roma;2;1;0;70;3500.0;997.5;0.0
Departamento;Santa Fe;2;1;1;90;10325.0;4725.0;906.5
Departamento;Condesa;3;0;0;103;8750.0;4707.5;791.0
Departamento;Santa Fe;3;1;1;80;8050.0;2100.0;304.5
Departamento;Santa Fe;2;1;1;70;9800.0;2625.0;560.0
Departamento;Narvarte;3;1;2;140;10150.0;770.0;637.0
Departamento;Santa Fe;2;1;1;72;5600.0;4060.0;266.0
Departamento;Juárez;3;0;1;97;9800.0;2492.0;556.5
Departamento;San Pedro de los Pinos;2;1;1;77;9100.0;3836.0;420.0
Departamento;San Miguel Chapultepec;2;1;1;80;4550.0;2450.0;231.0
Departamento;Del Valle;2;1;0;70;7700.0;2800.0;297.5
Departamento;San Miguel Chapultepec;2;1;1;85;7000.0;1578.5;350.0
Departamento;Santa Fe;4;2;1;200;9800.0;5950.0;875.0
Departamento;Condesa;3;0;0;127;8750.0;4077.5;0.0
Departamento;San Rafael;2;0;0;70;5250.0;980.0;0.0
Departamento;Condesa;2;1;0;80;10500.0;4200.0;682.5
Departamento;Narvarte;2;1;0;85;7000.0;2100.0;0.0
Departamento;Álvaro Obregón;3;1;0;90;4200.0;980.0;0.0
Departamento;Santa Fe;3;2;1;79;5250.0;4200.0;770.0
Departamento;Condesa;3;1;0;90;7700.0;4732.0;455.0
Departamento;Santa Fe;3;1;1;90;8750.0;5075.0;5250.0
Departamento;Santa Fe;2;1;1;80;7000.0;4242.0;682.5
Departamento;Santa Fe;2;1;1;106;9030.0;4200.0;850.5
Departamento;Narvarte;3;0;0;130;9660.0;875.0;80.5
Departamento;Condesa;3;0;0;108;8750.0;6352.5;938.0
Departamento;Santa Fe;2;1;1;84;8750.0;4959.5;630.0
Departamento;Narvarte;2;1;1;80;8400.0;2450.0;0.0
Departamento;Condesa;3;0;0;85;10500.0;5736.5;448.0
Departamento;Narvarte;2;1;1;73;7700.0;2275.0;4900.0
Departamento;Roma;2;1;0;81;9800.0;2625.0;2905.0
Departamento;Peralvillo;2;1;1;83;5075.0;1050.0;3598.0
Departamento;Condesa;2;0;0;75;10500.0;2310.0;0.0
Departamento;Santa Fe;2;2;1;100;10500.0;5670.0;1120.0
Departamento;Santa Fe;1;1;1;70;9800.0;2975.0;735.0
Departamento;Nativitas;2;1;1;85;5250.0;1032.5;0.0
Departamento;Santa Fe;2;1;1;94;7175.0;5330.5;0.0
Departamento;Narvarte;2;0;1;70;8750.0;1575.0;168.0
Departamento;Nueva Santa María;3;1;0;98;3850.0;2800.0;350.0
Departamento;Narvarte;2;0;1;70;6300.0;1225.0;332.5
Departamento;Narvarte;2;0;0;75;4550.0;3115.0;0.0
Departamento;Narvarte;3;0;0;110;7350.0;2870.0;385.0
Departamento;Narvarte;2;1;1;85;7700.0;3174.5;483.0
Departamento;Narvarte;2;1;0;73;7700.0;2450.0;0.0
Departamento;Narvarte;3;2;1;110;9450.0;3412.5;598.5
Departamento;Narvarte;2;1;0;78;5180.0;1750.0;2275.0
Departamento;Narvarte;3;1;1;90;7350.0;2975.0;437.5
Departamento;Narvarte;3;1;1;93;8050.0;3811.5;427.0
Departamento;Bosques de las Lomas;2;2;1;83;8050.0;5075.0;0.0
Departamento;San Miguel Chapultepec;3;2;0;142;8750.0;4998.0;0.0
Departamento;Narvarte;2;0;0;96;6300.0;2450.0;339.5
Departamento;Nativitas;3;2;1;98;6650.0;1400.0;0.0
Departamento;Condesa;2;0;0;70;6650.0;2450.0;528.5
Departamento;Roma;2;0;0;90;7000.0;1785.0;315.0
Departamento;Santa Fe;2;1;1;90;8050.0;3773.0;805.0
Departamento;Santa Fe;2;1;1;103;10500.0;6125.0;689.5
Departamento;Santa Fe;2;1;2;100;10500.0;10150.0;1750.0
Departamento;Condesa;2;0;0;107;9450.0;2100.0;493.5
Departamento;Narvarte;3;1;0;100;7000.0;1925.0;420.0
Departamento;Narvarte;3;0;1;100;10500.0;700.0;273.0
Departamento;Narvarte;2;1;0;88;7000.0;1697.5;346.5
Departamento;Roma;2;1;1;75;9800.0;3454.5;0.0
Departamento;Santa Fe;2;1;1;70;7700.0;5250.0;0.0
Departamento;Narvarte;2;0;0;70;7350.0;2450.0;0.0
Departamento;Nueva Santa María;2;1;1;176;3080.0;3150.0;535.5
Departamento;Santa Fe;4;2;1;140;10500.0;4907.0;0.0
Departamento;Santa Fe;4;3;2;290;8750.0;12775.0;2698.5
Departamento;San Rafael;2;1;0;71;3500.0;1260.0;87.5
Departamento;Nativitas;2;0;1;78;4550.0;1575.0;0.0
Departamento;Condesa;2;0;0;90;9100.0;2649.5;724.5
Departamento;Roma;2;1;1;70;9800.0;2467.5;4088.0
Departamento;San Jerónimo;2;1;1;86;9100.0;2502.5;0.0
Departamento;Santa Fe;2;1;1;88;8050.0;3325.0;896.0
Departamento;Centro Histórico;2;0;0;90;7350.0;1995.0;140.0
Departamento;Narvarte;3;2;1;84;8225.0;3325.0;3115.0
Departamento;Lomas de Chapultepec;1;1;0;82;6650.0;5950.0;1218.0
Departamento;Santa Fe;2;1;0;70;4025.0;2275.0;301.0
Departamento;Centro Histórico;2;0;0;76;5250.0;2446.5;808.5
Departamento;Santa Fe;2;2;1;72;5075.0;3412.5;584.5
Departamento;Narvarte;2;1;0;90;4550.0;2691.5;0.0
Departamento;Santa Fe;2;1;1;90;8400.0;4042.5;0.0
Departamento;Condesa;3;0;0;130;9800.0;4375.0;1102.5
Departamento;Santa Fe;2;1;1;100;6300.0;1848.0;668.5
Departamento;Del Valle;3;0;0;83;8050.0;3101.0;458.5
Departamento;Santa Fe;2;1;1;90;9800.0;4581.5;0.0
Departamento;Villa de Guadalupe;3;1;1;82;5600.0;2135.0;2975.0
Departamento;Del Valle;2;1;0;75;6650.0;2870.0;392.0
Departamento;Bosques de las Lomas;2;1;1;80;10500.0;9100.0;0.0
Departamento;San Jerónimo;2;1;0;87;7700.0;2520.0;595.0
Departamento;Santa Fe;2;1;1;78;9450.0;3115.0;8400.0
Departamento;Roma;2;1;1;84;8750.0;4900.0;700.0
Departamento;Santa Fe;3;2;1;140;8400.0;5600.0;15750.0
Departamento;Narvarte;3;1;0;115;8400.0;1834.0;385.0
Departamento;Roma;3;1;0;105;8750.0;3794.0;724.5
Departamento;Santa Fe;2;1;1;78;10500.0;10227.0;1225.0
Departamento;Condesa;1;0;0;150;10500.0;6125.0;752.5
Departamento;Narvarte;2;0;0;70;6300.0;3286.5;220.5
Departamento;Condesa;2;0;0;71;7700.0;2030.0;0.0
Departamento;Santa Fe;3;1;1;85;8400.0;3430.0;896.0
Departamento;Roma;2;0;1;85;10500.0;2450.0;507.5
Departamento;Coyoacán;2;0;0;100;9450.0;5530.0;630.0
Departamento;Santa Fe;2;1;1;75;10500.0;4200.0;700.0
Departamento;Nueva Santa María;2;1;0;92;3150.0;2310.0;325.5
Departamento;Las Águilas;3;2;1;161;5250.0;3150.0;9450.0
Departamento;Narvarte;3;0;1;85;5250.0;2670.5;479.5
Departamento;Condesa;3;0;0;100;10500.0;2275.0;0.0
Departamento;Juárez;3;1;1;94;10500.0;4294.5;0.0
Departamento;Narvarte;2;1;0;99;6300.0;2310.0;493.5
Departamento;Santa Fe;1;1;0;70;8750.0;3500.0;700.0
Departamento;Condesa;2;1;1;85;9100.0;2866.5;476.0
Departamento;Condesa;3;0;0;96;9100.0;1568.0;0.0
Departamento;Narvarte;2;0;0;70;5950.0;2415.0;280.0
Departamento;Narvarte;2;0;0;75;6300.0;2009.0;84.0
Departamento;Narvarte;3;1;0;100;7000.0;2800.0;0.0
Departamento;Santa Fe;2;2;1;84;8050.0;4578.0;749.0
Departamento;Peralvillo;3;1;1;90;4025.0;2929.5;406.0
Departamento;Narvarte;3;1;1;100;10500.0;3080.0;458.5
Departamento;El Contadero;3;2;1;120;7875.0;1578.5;889.0
Departamento;Santa Fe;3;1;1;85;6300.0;4200.0;0.0
Departamento;Del Valle;3;1;1;93;10500.0;3850.0;0.0
Departamento;Santa Fe;2;2;1;80;10500.0;4200.0;875.0
Departamento;Narvarte;2;0;0;84;5950.0;2415.0;0.0
Departamento;Santa Fe;2;1;1;77;10500.0;4725.0;630.0
Departamento;Condesa;2;0;0;90;8050.0;2702.0;668.5
Departamento;Tepalcatlalpan;3;1;1;100;4900.0;2117.5;0.0
Departamento;San Miguel Chapultepec;3;2;0;95;5600.0;2450.0;0.0
Departamento;Santa Fe;2;2;2;82;9100.0;6125.0;525.0
Departamento;La Condesa;2;0;0;74;7700.0;1904.0;283.5
Departamento;Condesa;2;0;1;108;8750.0;3570.0;0.0
Departamento;Villa Coapa;2;1;0;70;3500.0;525.0;472.5
Departamento;Santa Fe;3;1;1;70;7700.0;2152.5;280.0
Departamento;Narvarte;2;1;1;80;7700.0;3465.0;364.0
Departamento;Santa Fe;2;2;1;98;8750.0;6300.0;700.0
Departamento;Roma;3;1;0;105;9800.0;3710.0;353.5
Departamento;Santa Fe;2;1;1;80;7525.0;4644.5;0.0
Departamento;Condesa;3;1;0;100;8050.0;5078.5;868.0
Departamento;San Miguel Chapultepec;2;0;0;83;5950.0;910.0;283.5
Departamento;Santa Fe;2;1;1;100;9450.0;5250.0;980.0
Departamento;Narvarte;3;0;0;80;4550.0;1400.0;602.0
Departamento;Santa Fe;3;1;1;110;9800.0;9397.5;2558.5
Departamento;Del Valle;2;1;0;70;8400.0;2870.0;329.0
Departamento;Condesa;2;0;1;70;10150.0;2625.0;875.0
Departamento;Condesa;3;1;0;171;9100.0;5950.0;1347.5
Departamento;Condesa;3;0;0;90;7000.0;5950.0;6716.5
Departamento;Santa Fe;2;1;1;82;8050.0;4410.0;927.5
Departamento;Mixcoac;3;0;0;77;4900.0;1925.0;175.0
Departamento;Santa Fe;2;1;1;70;6125.0;4200.0;525.0
Departamento;Santa Fe;2;1;2;74;10500.0;6062.0;717.5
Departamento;San Miguel Chapultepec;2;1;0;70;5600.0;1974.0;84.0
Departamento;Napoles;2;0;0;84;9450.0;2520.0;5656.0
Departamento;Santa Fe;2;1;1;76;7000.0;3430.0;735.0
Departamento;Narvarte;3;1;1;84;8225.0;3150.0;0.0
Departamento;Nativitas;2;1;0;90;4585.0;770.0;112.0
Departamento;Del Valle;2;1;0;75;7700.0;3185.0;374.5
Departamento;Narvarte;3;1;1;110;5600.0;3150.0;5159.0
Departamento;Condesa;2;1;0;79;9800.0;2443.0;357.0
Departamento;San Miguel Chapultepec;2;1;0;70;5600.0;1865.5;84.0
Departamento;Polanco;2;1;1;85;8750.0;5250.0;360.5
Departamento;Juárez;2;1;0;71;7700.0;2537.5;381.5
Departamento;La Condesa;2;0;0;70;6650.0;2338.0;234.5
Departamento;Santa Fe;3;0;1;80;10500.0;4060.0;4550.0
Departamento;Santa Fe;2;1;1;70;8750.0;6650.0;1400.0
Departamento;Polanco;2;1;1;74;10500.0;3850.0;710.5
Departamento;Condesa;3;0;2;94;10500.0;3430.0;770.0
Departamento;Condesa;2;0;0;110;10500.0;2800.0;763.0
Departamento;San Rafael;2;1;1;80;5250.0;2100.0;0.0
Departamento;Napoles;2;0;1;75;9100.0;3073.0;0.0
Departamento;Narvarte;3;0;0;90;6300.0;1400.0;245.0
Departamento;Santa Fe;2;1;1;80;4900.0;4550.0;1400.0
Departamento;Lomas de Chapultepec;2;0;0;79;10500.0;2835.0;420.0
Departamento;Santa Fe;2;0;1;103;10500.0;6125.0;7000.0
Departamento;Narvarte;3;1;1;120;7000.0;3500.0;490.0
Departamento;Santa Fe;2;2;1;110;9450.0;6650.0;0.0
Departamento;Nueva Santa María;2;0;0;76;3500.0;595.0;59.5
Departamento;Narvarte;3;0;0;125;6300.0;2205.0;514.5
Departamento;Condesa;2;1;0;80;8050.0;2450.0;910.0
Departamento;Narvarte;2;1;0;88;4200.0;2240.0;0.0
Departamento;Santa Fe;2;1;1;70;8050.0;3325.0;3850.0
Departamento;Narvarte;3;0;0;80;4550.0;2618.0;262.5
Departamento;Santa Fe;2;1;1;98;10150.0;3780.0;945.0
Departamento;Condesa;3;0;1;100;7875.0;1470.0;175.0
Departamento;Narvarte;2;0;0;70;6650.0;875.0;210.0
Departamento;Juárez;2;0;1;71;7000.0;2537.5;0.0
Departamento;Mixcoac;3;0;1;73;5250.0;1050.0;0.0
Departamento;Santa Fe;2;1;1;80;6300.0;4760.0;1190.0
Departamento;Coyoacán;2;1;0;75;10150.0;2625.0;567.0
Departamento;Las Águilas;3;1;1;75;5950.0;2100.0;280.0
Departamento;Santa Fe;2;1;1;80;8050.0;3500.0;0.0
Departamento;Narvarte;3;1;1;149;8750.0;3850.0;0.0
Departamento;Condesa;4;0;0;130;10500.0;3650.5;2698.5
Departamento;Roma Norte;3;1;0;110;7000.0;1750.0;0.0
Departamento;Del Valle;3;1;1;93;10500.0;5250.0;0.0
Departamento;Nueva Santa María;2;0;0;86;5250.0;980.0;262.5
Departamento;Narvarte;3;1;0;100;8050.0;2681.0;0.0
Departamento;Del Valle;2;1;0;82;7700.0;2485.0;0.0
Departamento;Doctores;3;1;1;89;5075.0;1414.0;525.0
Departamento;Condesa;2;0;0;90;8330.0;2527.0;693.0
Departamento;Roma;2;1;1;86;9100.0;3430.0;0.0
Departamento;Condesa;3;0;0;94;7525.0;4200.0;794.5
Departamento;Narvarte;2;1;1;90;6650.0;3675.0;378.0
Departamento;Del Valle;3;0;0;115;9100.0;2625.0;675.5
Departamento;Condesa;2;0;0;79;9800.0;2905.0;395.5
Departamento;Narvarte;2;0;0;75;4725.0;1400.0;73.5
Departamento;Condesa;3;0;0;80;10500.0;2100.0;560.0
Departamento;Santa Fe;2;1;1;83;8050.0;3850.0;735.0
Departamento;Roma Norte;3;1;0;92;5600.0;1330.0;238.0
Departamento;Del Valle;1;2;0;82;10500.0;4868.5;455.0
Departamento;San Pedro de los Pinos;3;0;1;100;9800.0;5460.0;367.5
Departamento;Condesa;2;0;0;85;9800.0;2457.0;703.5
Departamento;Condesa;2;1;0;72;8750.0;2625.0;0.0
Departamento;Napoles;2;0;1;85;10500.0;2625.0;574.0
Departamento;Del Valle;2;1;1;85;10150.0;2975.0;651.0
Departamento;San Miguel Chapultepec;3;1;0;70;5950.0;455.0;238.0
Departamento;Polanco;3;0;1;89;7700.0;4375.0;560.0
Departamento;Santa Fe;2;2;1;145;9100.0;5250.0;0.0
Departamento;Santa Fe;3;2;1;86;9800.0;4777.5;808.5
Departamento;Napoles;2;0;0;75;8750.0;3073.0;0.0
Departamento;Condesa;2;0;0;88;8050.0;3850.0;350.0
Departamento;San Miguel Chapultepec;3;0;0;90;5950.0;1400.0;0.0
Departamento;San Miguel Chapultepec;3;1;0;98;6300.0;1225.0;273.0
Departamento;Santa Fe;2;1;1;70;7350.0;2635.5;0.0
Departamento;Del Valle;2;0;0;75;8400.0;2450.0;308.0
Departamento;Narvarte;3;0;1;100;4900.0;1400.0;0.0
Departamento;Condesa;2;0;1;110;10500.0;2800.0;465.5
Departamento;La Virgen;3;1;0;79;4900.0;1960.0;0.0
Departamento;Santa Fe;2;0;1;100;9450.0;3500.0;805.0
Departamento;Condesa;2;0;0;75;9100.0;2117.5;308.0
Departamento;Santa Fe;2;1;1;70;10500.0;3003.0;525.0
Departamento;Bosques de las Lomas;3;1;1;100;10150.0;1680.0;700.0
Departamento;San Ángel;3;0;1;120;9450.0;3080.0;833.0
Departamento;Santa Fe;2;2;1;100;7700.0;6065.5;819.0
Departamento;Roma Norte;2;1;0;88;4200.0;2425.5;0.0
Departamento;Narvarte;2;2;1;95;8750.0;2450.0;805.0
Departamento;Narvarte;4;2;1;188;7000.0;7000.0;1081.5
Departamento;Coyoacán;2;0;0;85;8750.0;3150.0;0.0
Departamento;San Miguel Chapultepec;2;1;1;76;5950.0;2089.5;0.0
Departamento;El Contadero;3;1;2;110;9450.0;1750.0;0.0
Departamento;Iztacalco;3;1;1;90;4200.0;1750.0;210.0
Departamento;Santa Fe;2;0;1;78;10500.0;4420.5;0.0
Departamento;Santa Fe;2;1;1;70;6650.0;4550.0;0.0
Departamento;San Miguel Chapultepec;2;1;0;138;7000.0;2065.0;805.0
Departamento;Condesa;2;1;0;81;8750.0;2835.0;318.5
Departamento;Santa Fe;2;1;1;184;9450.0;6300.0;1207.5
Departamento;Iztacalco;3;1;0;82;3850.0;1925.0;98.0
Departamento;Santa Fe;1;1;0;71;6300.0;2800.0;0.0
Departamento;Narvarte;2;1;0;70;5950.0;1848.0;322.0
Departamento;Narvarte;2;1;0;71;5250.0;2310.0;1942.5
Departamento;Villa de Guadalupe;3;1;1;70;5600.0;2100.0;280.0
Departamento;Mixcoac;2;1;0;70;5250.0;1575.0;1225.0
Departamento;Napoles;2;0;0;75;9800.0;3213.0;0.0
Departamento;Santa Fe;2;0;1;90;10500.0;3678.5;9012.5
Departamento;San Miguel Chapultepec;2;0;0;100;5250.0;1470.0;70.0
Departamento;Iztacalco;3;2;0;121;5950.0;2145.5;0.0
Departamento;Santa Fe;2;1;1;70;7700.0;3325.0;0.0
Departamento;Narvarte;2;1;1;100;7700.0;3479.0;675.5
Departamento;Del Valle;3;0;0;90;9100.0;2352.0;336.0
Departamento;Narvarte;3;2;1;132;7700.0;3850.0;0.0
Departamento;Narvarte;2;1;1;89;6300.0;3199.0;479.5
Departamento;Condesa;2;0;0;74;8750.0;2905.0;2520.0
Departamento;Narvarte;3;1;1;170;10500.0;4200.0;700.0
Departamento;Centro Histórico;2;0;0;80;8400.0;1347.5;612.5
Departamento;San Miguel Chapultepec;2;1;0;70;5250.0;1750.0;157.5
Departamento;Polanco;3;2;1;156;10325.0;5075.0;0.0
Departamento;Condesa;2;0;1;70;9450.0;1400.0;70.0
Departamento;Condesa;2;0;0;95;7350.0;2380.0;192.5
Departamento;San Miguel Chapultepec;2;0;0;75;4200.0;2327.5;0.0
Departamento;Condesa;2;0;0;76;8050.0;2457.0;577.5
Departamento;Del Valle;2;1;0;75;7700.0;3115.0;374.5
Departamento;Condesa;1;0;0;70;6300.0;3465.0;0.0
Departamento;San Miguel Chapultepec;2;1;1;95;5950.0;2625.0;0.0
Departamento;San Rafael;3;1;1;74;6650.0;1575.0;0.0
Departamento;Santa Fe;2;1;0;71;5950.0;5054.0;0.0
Departamento;San Miguel Chapultepec;3;0;0;82;5250.0;1435.0;290.5
Departamento;Condesa;2;1;1;75;9446.5;5670.0;385.0
Departamento;Peralvillo;2;1;0;70;3850.0;1750.0;0.0
Departamento;Narvarte;2;1;1;80;7350.0;2625.0;420.0
Departamento;San Miguel Chapultepec;2;1;0;80;5600.0;1589.0;395.5
Departamento;San Jerónimo;2;1;0;87;10500.0;2772.0;0.0
Departamento;Narvarte;3;1;0;80;5250.0;1575.0;0.0
Departamento;Narvarte;2;0;1;84;7350.0;4025.0;1428.0
Departamento;Moctezuma;3;1;1;74;6300.0;1767.5;224.0
Departamento;Juárez;3;0;0;70;9450.0;2100.0;252.0
Departamento;Santa Fe;3;2;1;74;9800.0;2177.0;224.0
Departamento;Santa Fe;2;1;1;72;8400.0;4200.0;777.0
Departamento;Narvarte;3;1;0;92;6650.0;2292.5;0.0
Departamento;Narvarte;3;1;1;95;8050.0;4900.0;413.0
Departamento;Santa Fe;3;1;1;107;7350.0;4403.0;504.0
Departamento;Santa Fe;2;1;1;70;6125.0;2625.0;273.0
Departamento;San Jerónimo;3;1;1;130;9100.0;3619.0;840.0
Departamento;Condesa;2;0;0;78;9450.0;2590.0;105.0
Departamento;El Contadero;3;3;1;140;8050.0;2800.0;0.0
Departamento;Santa Fe;2;1;1;80;8750.0;4616.5;525.0
Departamento;Villa Coapa;2;0;0;73;3465.0;892.5;0.0
Departamento;Del Valle;2;1;1;71;9450.0;3202.5;458.5
Departamento;Condesa;4;1;0;180;7000.0;6734.0;1480.5
Departamento;Santa Fe;2;1;1;77;7350.0;3500.0;350.0
Departamento;Santa Fe;2;1;1;85;7700.0;4550.0;1155.0
Departamento;Narvarte;3;1;1;90;8750.0;4725.0;0.0
Departamento;Santa Fe;2;1;1;80;10500.0;7000.0;770.0
Departamento;Narvarte;3;1;1;100;8050.0;2415.0;0.0
Departamento;Santa Fe;1;1;0;76;5600.0;3524.5;633.5
Departamento;Narvarte;3;1;0;90;8750.0;2765.0;336.0
Departamento;Santa Fe;2;1;1;70;8050.0;3325.0;245.0
Departamento;Santa Fe;2;1;1;70;8050.0;3150.0;0.0
Departamento;Santa Fe;2;1;1;80;7875.0;4025.0;483.0
Departamento;San Pedro de los Pinos;2;1;1;85;9800.0;3150.0;679.0
Departamento;Santa Fe;3;1;1;70;7906.5;2100.0;2590.0
Departamento;Condesa;3;0;0;110;6300.0;3101.0;245.0
Departamento;Narvarte;2;1;1;100;6300.0;2544.5;357.0
Departamento;Roma;2;1;1;80;8750.0;3220.0;525.0
Departamento;Narvarte;3;0;0;122;5250.0;2432.5;602.0
Departamento;Santa Fe;2;1;0;70;4900.0;2415.0;0.0
Departamento;Narvarte;2;1;0;83;7700.0;2625.0;290.5
Departamento;Villa de Guadalupe;2;0;0;80;4200.0;280.0;0.0
Departamento;Narvarte;2;1;1;80;6300.0;2100.0;73.5
Departamento;Santa Fe;3;2;1;126;10500.0;5250.0;815.5
Departamento;Narvarte;3;1;1;80;7700.0;2450.0;700.0
Departamento;Polanco;2;0;0;70;8050.0;2842.0;514.5
Departamento;Del Valle;2;1;0;88;3850.0;1400.0;154.0
Departamento;Condesa;2;0;0;75;7000.0;2369.5;458.5
Departamento;Narvarte;3;1;1;80;6650.0;3437.0;395.5
Departamento;Narvarte;2;1;0;72;7350.0;3062.5;420.0
Departamento;Narvarte;2;1;1;86;8750.0;2499.0;0.0
Departamento;Santa Fe;2;1;1;70;7000.0;4532.5;665.0
Departamento;Doctores;3;0;0;99;3430.0;1487.5;45.5
Departamento;Santa Fe;3;2;1;106;7875.0;6202.0;8820.0
Departamento;Del Valle;2;1;1;82;9800.0;3339.0;364.0
Departamento;Narvarte;2;1;1;80;7000.0;1750.0;329.0
Departamento;Condesa;2;0;0;85;8750.0;3909.5;581.0
Departamento;Santa Fe;2;1;1;95;8750.0;3815.0;973.0
Departamento;Narvarte;2;1;1;70;8750.0;2691.5;0.0
Departamento;Roma;2;1;0;96;10430.0;2432.5;626.5
Departamento;Condesa;2;0;0;80;9100.0;2674.0;0.0
Departamento;Condesa;3;1;1;100;10500.0;4200.0;0.0
Departamento;Santa Fe;3;1;1;80;9800.0;4725.0;661.5
Departamento;San Ángel;3;0;1;115;9450.0;3080.0;623.0
Departamento;San Miguel Chapultepec;2;0;0;76;5250.0;875.0;164.5
Departamento;Del Valle;3;0;0;80;6300.0;3430.0;360.5
Departamento;Condesa;2;1;0;79;9100.0;2579.5;654.5
Departamento;Santa Fe;2;2;2;75;7000.0;4886.0;4690.0
Departamento;Santa Fe;2;1;1;85;8750.0;4830.0;0.0
Departamento;Condesa;2;1;1;85;10325.0;2170.0;556.5
Departamento;Narvarte;3;1;1;145;9800.0;3325.0;539.0
Departamento;Narvarte;2;0;0;80;4900.0;2975.0;0.0
Departamento;Narvarte;3;1;0;96;6125.0;3325.0;413.0
Departamento;Centro Histórico;2;0;0;70;4200.0;2450.0;175.0
Departamento;Condesa;2;0;1;75;9100.0;2170.0;630.0
Departamento;Santa Fe;3;2;1;117;10500.0;62881.0;9677.5
Departamento;Santa Fe;3;1;1;82;8050.0;2975.0;490.0
Departamento;Condesa;3;0;1;120;10500.0;2870.0;525.0
Departamento;Santa Fe;3;1;1;92;9800.0;4200.0;0.0
Departamento;Santa Fe;2;1;1;75;8750.0;7927.5;1788.5
Departamento;Del Valle;2;0;0;95;7350.0;2681.0;0.0
Departamento;Condesa;2;0;0;80;10500.0;2439.5;409.5
Departamento;Narvarte;3;2;0;108;7000.0;3500.0;0.0
Departamento;Del Valle;3;0;0;120;10500.0;1540.0;0.0
Departamento;Santa Fe;2;2;1;100;10500.0;4900.0;0.0
Departamento;Napoles;2;1;0;84;9100.0;2740.5;0.0
Departamento;Del Valle;2;1;0;75;7700.0;2026.5;0.0
Departamento;Del Valle;3;0;0;130;9100.0;2555.0;0.0
Departamento;Santa Fe;2;2;0;70;6650.0;4900.0;0.0
Departamento;Condesa;2;0;0;84;8050.0;3675.0;409.5
Departamento;Santa Fe;2;1;1;77;7000.0;3381.0;0.0
Departamento;Condesa;2;0;0;72;7000.0;2537.5;0.0
Departamento;Condesa;2;0;0;73;8750.0;2555.0;0.0
Departamento;Bosques de las Lomas;2;1;1;100;10150.0;5071.5;1470.0
Departamento;Narvarte;2;0;0;80;4900.0;2975.0;0.0
Departamento;Santa Fe;2;1;1;82;8050.0;4410.0;927.5
Departamento;San Rafael;3;2;1;103;5950.0;2240.0;0.0
Departamento;Ciudad de los Deportes;2;0;0;70;2450.0;406.0;0.0
Departamento;Condesa;2;1;0;80;6300.0;1575.0;770.0
Departamento;Condesa;3;1;0;177;7350.0;6496.0;0.0
Departamento;Coyoacán;2;1;0;70;10150.0;3710.0;707.0
Departamento;Santa Fe;1;1;1;72;6300.0;3220.0;693.0
Departamento;Narvarte;2;1;1;120;5600.0;3059.0;665.0
Departamento;Villa de Cortés;3;0;0;88;3850.0;455.0;0.0
Departamento;Condesa;2;0;0;90;8925.0;2345.0;455.0
Departamento;Santa Fe;1;1;0;82;5950.0;7399.0;0.0
Departamento;Santa Fe;2;1;2;77;3500.0;3864.0;252.0
Departamento;Santa Fe;1;1;0;70;7000.0;5425.0;1225.0
Departamento;Narvarte;2;0;0;90;5950.0;1855.0;0.0
Departamento;Juárez;2;0;0;70;7350.0;1977.5;346.5
Departamento;Napoles;4;0;1;185;6300.0;7000.0;945.0
Departamento;Narvarte;2;1;0;70;8050.0;2940.0;0.0
Departamento;Condesa;3;0;0;106;9800.0;3682.0;595.0
Departamento;Roma;3;0;0;100;8050.0;2345.0;444.5
Departamento;Santa Fe;3;1;1;109;9800.0;5306.0;6366.5
Departamento;Condesa;3;1;0;95;10150.0;4200.0;560.0
Departamento;Condesa;3;0;1;110;10500.0;4900.0;0.0
Departamento;Condesa;2;1;0;70;8750.0;3311.0;437.5
Departamento;Narvarte;3;1;1;90;7700.0;2506.0;0.0
Departamento;Santa Fe;3;2;3;105;10500.0;5250.0;980.0
Departamento;Condesa;3;1;1;90;9800.0;3255.0;280.0
Departamento;Peralvillo;2;1;1;75;5600.0;2205.0;0.0
Departamento;Santa Fe;2;1;2;86;9100.0;4200.0;875.0
Departamento;Roma;2;0;1;122;10500.0;2562.0;0.0
Departamento;Narvarte;2;1;1;70;7350.0;25931.5;0.0
Departamento;Santa Fe;2;1;0;70;5600.0;2632.0;350.0
Departamento;Doctores;2;0;0;73;3150.0;1225.0;59.5
Departamento;Santa Fe;2;1;1;75;8750.0;2625.0;525.0
Departamento;San Miguel Chapultepec;3;0;0;96;4900.0;2495.5;0.0
Departamento;Condesa;2;0;0;74;10500.0;2310.0;567.0
Departamento;Los Reyes Coyoacán;2;1;0;76;3850.0;2275.0;45.5
Departamento;Roma;3;1;1;108;8750.0;4200.0;0.0
Departamento;Condesa;4;0;0;160;10500.0;700.0;297.5
Departamento;Ciudad de los Deportes;2;1;0;74;2450.0;875.0;45.5
Departamento;Narvarte;3;1;0;80;9100.0;2800.0;0.0
Departamento;Santa Fe;2;1;1;70;8750.0;3955.0;5250.0
Departamento;Roma;2;0;0;70;7350.0;1925.0;339.5
Departamento;Santa Fe;3;2;1;95;10500.0;3237.5;770.0
Departamento;La Florida;3;1;1;73;4550.0;2744.0;294.0
Departamento;Reforma Política;3;0;0;90;9450.0;5600.0;602.0
Departamento;Nativitas;2;0;0;70;3255.0;420.0;105.0
Departamento;Bosques de las Lomas;2;1;1;93;9450.0;5684.0;997.5
Departamento;San Rafael;3;2;0;80;6289.5;2278.5;245.0
Departamento;Nueva Santa María;3;0;0;95;3150.0;875.0;52.5
Departamento;Narvarte;4;2;1;188;7000.0;7000.0;10815.0
Departamento;Santa Fe;2;1;1;80;10500.0;3734.5;1641.5
Departamento;Culhuacán CTM;3;1;0;120;4200.0;700.0;192.5
Departamento;Santa Fe;3;2;1;110;10500.0;4900.0;9485.0
Departamento;Santa Fe;2;1;2;93;8050.0;4550.0;983.5
Departamento;Centro Histórico;2;0;0;79;6650.0;1750.0;122.5
Departamento;Santa Fe;2;1;2;93;9450.0;4595.5;0.0
Departamento;Santa Fe;2;1;1;85;8050.0;3860.5;584.5
Departamento;Santa Fe;2;1;1;98;10150.0;3850.0;665.0
Departamento;Narvarte;3;2;1;150;9800.0;4900.0;777.0
Departamento;Narvarte;2;0;0;73;4200.0;2450.0;105.0
Departamento;Condesa;2;0;0;90;10500.0;2800.0;556.5
Departamento;Narvarte;3;1;0;90;8050.0;2614.5;0.0
Departamento;Santa Fe;2;1;1;70;5425.0;2656.5;420.0
Departamento;Condesa;2;0;1;70;7000.0;2100.0;210.0
Departamento;Condesa;2;0;0;74;4900.0;3969.0;472.5
Departamento;Santa Fe;2;2;0;98;9800.0;2800.0;910.0
Departamento;Condesa;2;0;0;78;9100.0;2135.0;434.0
Departamento;Santa Fe;3;2;1;125;9100.0;5617.5;1193.5
Departamento;Roma;2;1;1;93;7000.0;4550.0;595.0
Departamento;Condesa;2;0;1;80;10150.0;3430.0;665.0
Departamento;Peralvillo;3;1;0;153;7700.0;3850.0;6835.5
Departamento;Santa Fe;2;2;1;144;7700.0;5950.0;0.0
Departamento;Santa Fe;3;2;1;120;10150.0;5250.0;1085.0
Departamento;San Miguel Chapultepec;2;0;1;85;5250.0;1330.0;287.0
Departamento;Villa de Cortés;2;1;0;120;2975.0;1400.0;0.0
Departamento;Santa Fe;3;1;1;86;10500.0;3850.0;420.0
Departamento;Peralvillo;3;1;1;85;3500.0;3437.0;3850.0
Departamento;Bosques de las Lomas;2;0;0;70;7350.0;3010.0;885.5
Departamento;Narvarte;3;0;0;80;6300.0;2660.0;416.5
Departamento;La Florida;3;1;1;93;4550.0;3031.0;0.0
Departamento;Roma Norte;2;0;0;90;6125.0;787.5;0.0
Departamento;Santa Fe;4;0;1;120;10500.0;7934.5;1074.5
Departamento;Del Valle;2;1;0;87;9100.0;2912.0;448.0
Departamento;Juárez;2;1;0;70;7560.0;2681.0;399.0
Departamento;Álvaro Obregón;2;0;0;70;2100.0;707.0;0.0
Departamento;Roma;1;1;0;70;7350.0;3052.0;567.0
Departamento;Santa Fe;2;1;1;74;7000.0;3500.0;630.0
Departamento;Santa Fe;2;1;1;85;8400.0;5022.5;626.5
Departamento;Las Águilas;3;1;1;190;6475.0;4812.5;665.0
Departamento;Santa Fe;3;2;1;100;9800.0;5197.5;9100.0
Departamento;Santa Fe;3;1;1;94;7350.0;4550.0;413.0
Departamento;Narvarte;3;1;0;120;4900.0;2446.5;525.0
Departamento;San Pedro de los Pinos;3;0;1;90;10500.0;2730.0;374.5
Departamento;Roma;2;1;1;80;8610.0;3080.0;686.0
Departamento;Coyoacán;2;0;0;76;7000.0;2352.0;0.0
Departamento;Napoles;2;0;0;75;9800.0;3213.0;0.0
Departamento;Santa Fe;2;1;0;92;9275.0;5701.5;2065.0
Departamento;Villa de Cortés;2;0;0;90;2450.0;630.0;0.0
Departamento;Santa Fe;3;2;1;150;8750.0;5250.0;1393.0
Departamento;Santa Fe;2;1;1;76;8050.0;3489.5;0.0
Departamento;Santa Fe;3;2;1;76;4550.0;3066.0;0.0
Departamento;Del Valle;1;0;0;90;9100.0;2555.0;350.0
Departamento;Iztacalco;3;0;0;90;4725.0;332.5;0.0
Departamento;Condesa;2;0;1;90;10500.0;4025.0;493.5
Departamento;Narvarte;3;0;0;92;5250.0;2257.5;297.5
Departamento;Narvarte;4;2;2;182;8750.0;5670.0;1039.5
Departamento;Casa Blanca;2;0;0;70;2625.0;651.0;52.5
Departamento;Napoles;2;1;1;86;8750.0;2873.5;514.5
Departamento;Santa Fe;2;1;1;80;8750.0;4945.5;0.0
Departamento;Santa Fe;1;1;1;70;8750.0;4900.0;1214.5
Departamento;Roma;2;0;0;80;7700.0;3500.0;434.0
Departamento;Santa Fe;2;1;1;90;8400.0;4550.0;682.5
Departamento;Arboledas;3;1;1;76;3850.0;2159.5;472.5
Departamento;Condesa;3;1;0;114;8750.0;5302.5;1004.5
Departamento;Condesa;2;1;0;70;8750.0;2464.0;560.0
Departamento;Condesa;3;1;1;100;10150.0;3850.0;752.5
Departamento;Del Valle;3;1;1;105;8750.0;4046.0;756.0
Departamento;San Andrés Tetepilco;2;0;0;80;3150.0;1162.0;0.0
Departamento;Condesa;3;1;0;95;10500.0;3850.0;0.0
Departamento;Narvarte;2;1;0;75;5250.0;1505.0;0.0
Departamento;Álvaro Obregón;3;1;1;140;4200.0;1400.0;0.0
Departamento;Coyoacán;1;1;0;80;9450.0;2800.0;280.0
Departamento;Lomas de Chapultepec;2;0;0;94;8400.0;2775.5;623.0
Departamento;Condesa;3;0;0;100;7350.0;1295.0;525.0
Departamento;Condesa;2;0;0;82;10066.0;2436.0;0.0
Departamento;Santa Fe;3;2;2;98;10150.0;4858.0;644.0
Departamento;Nativitas;2;0;1;103;3500.0;2275.0;325.5
Departamento;Juárez;2;1;0;71;7000.0;2625.0;483.0
Departamento;Narvarte;4;2;1;150;8750.0;4550.0;1102.5
Departamento;Tlalpan;2;0;0;70;9450.0;2502.5;315.0
Departamento;Condesa;1;0;1;74;10150.0;2450.0;640.5
Departamento;El Contadero;2;1;0;84;7700.0;2100.0;437.5
Departamento;Santa Fe;2;1;1;70;9450.0;2800.0;486.5
Departamento;Narvarte;2;1;0;73;5880.0;1750.0;280.0
Departamento;Narvarte;3;1;0;90;7000.0;2170.0;196.0
Departamento;Narvarte;2;1;0;84;6300.0;1753.5;0.0
Departamento;Narvarte;3;1;1;90;7000.0;3104.5;430.5
Departamento;Santa Fe;3;1;1;85;8400.0;3430.0;896.0
Departamento;Narvarte;3;2;1;118;8400.0;3395.0;0.0
Departamento;Condesa;2;0;0;80;9275.0;1764.0;0.0
Departamento;Santa Fe;3;1;1;75;7700.0;2887.5;325.5
Departamento;Peralvillo;2;1;1;83;4200.0;1995.0;273.0
Departamento;Condesa;3;0;0;147;9450.0;3237.5;994.0
Departamento;Narvarte;3;2;0;82;9100.0;2730.0;0.0
Departamento;Condesa;2;0;0;70;8400.0;2341.5;392.0
Departamento;La Condesa;2;0;0;80;6650.0;2450.0;276.5
Departamento;Del Valle;3;1;0;88;10500.0;3850.0;486.5
Departamento;Narvarte;2;0;0;75;4550.0;1613.5;217.0
Departamento;San Miguel Chapultepec;3;0;0;72;6650.0;1120.0;234.5
Departamento;Del Valle;2;0;0;70;8050.0;1855.0;332.5
Departamento;Santa Fe;3;2;3;110;10500.0;6139.0;812.0
Departamento;Narvarte;3;1;1;108;6300.0;2450.0;504.0
Departamento;Del Valle;3;1;0;114;10500.0;4200.0;0.0
Departamento;Narvarte;3;0;0;100;9100.0;2170.0;455.0
Departamento;Del Valle;2;1;0;87;10150.0;2912.0;448.0
Departamento;Santa Fe;2;1;0;70;5250.0;4550.0;553.0
Departamento;Centro Histórico;1;0;0;71;6300.0;1400.0;231.0
Departamento;Peralvillo;2;1;1;82;4550.0;2030.0;245.0
Departamento;Santa Fe;4;2;1;140;9450.0;8050.0;0.0
Departamento;Narvarte;2;2;1;80;7350.0;2625.0;350.0
Departamento;Tlalpan;2;0;0;75;8750.0;2100.0;0.0
Departamento;San Pedro de los Pinos;3;2;1;167;10150.0;8050.0;1365.0
Departamento;Del Valle;2;2;0;81;8750.0;4410.0;0.0
Departamento;Santa Fe;2;1;1;80;9625.0;4123.0;1071.0
Departamento;Narvarte;2;0;0;75;7000.0;2502.5;0.0
Departamento;San Miguel Chapultepec;2;1;0;74;4550.0;2520.0;255.5
Departamento;Condesa;3;0;1;90;10500.0;2135.0;647.5
Departamento;San Ángel;2;1;1;86;10465.0;1848.0;843.5
Departamento;Condesa;3;0;0;120;8750.0;2100.0;0.0
Departamento;Las Águilas;3;1;1;130;5600.0;2520.0;448.0
Departamento;Nueva Santa María;2;1;0;115;3325.0;2975.0;437.5
Departamento;San Miguel Chapultepec;2;1;0;75;7000.0;1750.0;420.0
Departamento;Santa Fe;2;1;1;80;7875.0;4025.0;483.0
Departamento;Roma;1;1;1;85;9450.0;2912.0;735.0
Departamento;Santa Fe;3;2;1;115;9800.0;6300.0;875.0
Departamento;Narvarte;2;0;1;110;7000.0;1575.0;448.0
Departamento;Roma;2;1;1;85;9100.0;4900.0;4900.0
Departamento;Santa Fe;3;1;1;78;6825.0;2082.5;416.5
Departamento;Narvarte;3;1;1;125;7700.0;3822.0;518.0
Departamento;Condesa;2;0;0;73;9450.0;2250.5;567.0
Departamento;Roma;2;1;1;85;9625.0;2590.0;476.0
Departamento;San Miguel Chapultepec;3;2;1;90;5600.0;3871.0;367.5
Departamento;Coyoacán;1;0;0;70;9100.0;3220.0;0.0
Departamento;Narvarte;3;0;1;104;6300.0;2625.0;525.0
Departamento;Narvarte;3;0;0;100;6300.0;700.0;0.0
Departamento;Roma;3;2;1;102;10500.0;4550.0;966.0
Departamento;San Pedro de los Pinos;2;0;0;70;8400.0;2485.0;430.5
Departamento;Coyoacán;2;0;0;76;10500.0;1907.5;567.0
Departamento;Del Valle;2;0;0;78;10500.0;1757.0;0.0
Departamento;Santa Fe;3;1;1;82;5950.0;2660.0;5320.0
Departamento;Narvarte;3;1;1;76;8400.0;2975.0;129.5
Departamento;San José Insurgentes;2;1;0;71;2730.0;1645.0;0.0
Departamento;Condesa;3;0;0;120;8750.0;3675.0;700.0
Departamento;Condesa;2;1;0;100;9975.0;3430.0;0.0
Departamento;Narvarte;2;1;1;92;5950.0;2345.0;483.0
Departamento;Napoles;3;1;0;103;10500.0;3776.5;595.0
Departamento;Condesa;2;0;0;72;10150.0;2625.0;105.0
Departamento;Condesa;3;3;0;90;8750.0;4200.0;350.0
Departamento;Santa Fe;3;1;1;83;7700.0;3283.0;497.0
Departamento;Condesa;3;0;0;85;10500.0;3790.5;752.5
Departamento;Napoles;3;0;1;110;10500.0;4081.0;518.0
Departamento;Del Valle;2;0;0;71;8750.0;2667.0;0.0
Departamento;Condesa;2;0;0;80;9450.0;3132.5;434.0
Departamento;Peralvillo;3;2;1;165;8050.0;3850.0;7000.0
Departamento;Coyoacán;2;1;0;80;10325.0;5530.0;378.0
Departamento;Santa Fe;2;1;1;70;5250.0;5075.0;507.5
Departamento;Del Valle;2;2;0;91;9450.0;2257.5;0.0
Departamento;Narvarte;3;0;0;78;5250.0;1925.0;339.5
Departamento;Santa Fe;2;1;1;72;8050.0;4151.0;714.0
Departamento;Roma Norte;2;0;0;80;3850.0;1277.5;52.5
Departamento;Santa Fe;2;1;2;80;9800.0;2660.0;896.0
Departamento;Santa Fe;2;1;1;87;8750.0;4655.0;0.0
Departamento;Santa Fe;2;1;1;73;9100.0;4620.0;0.0
Departamento;Narvarte;2;1;0;88;8750.0;2170.0;0.0
Departamento;Nativitas;3;4;1;183;9450.0;4480.0;0.0
Departamento;Del Valle;2;1;0;95;8750.0;2800.0;227.5
Departamento;Las Águilas;4;1;1;96;4725.0;2614.5;0.0
Departamento;Santa Fe;3;1;1;92;8750.0;4900.0;0.0
Departamento;Narvarte;2;1;1;83;5950.0;3780.0;367.5
Departamento;Santa Fe;3;1;1;80;5250.0;3675.0;770.0
Departamento;Santa Fe;2;1;1;98;9800.0;2800.0;910.0
Departamento;Napoles;2;0;0;75;9800.0;3213.0;0.0
Departamento;Condesa;3;0;0;100;8750.0;3493.0;833.0
Departamento;Narvarte;3;2;1;82;7700.0;3290.0;294.0
Departamento;Narvarte;3;2;1;115;6300.0;2450.0;619.5
Departamento;Roma;2;1;1;75;10150.0;2915.5;514.5
Departamento;San Miguel Chapultepec;2;2;1;91;4200.0;3045.0;381.5
Departamento;Narvarte;2;1;0;85;6300.0;1606.5;283.5
Departamento;Narvarte;3;1;1;122;10150.0;3185.0;0.0
Departamento;Narvarte;2;0;0;89;5600.0;2457.0;339.5
Departamento;Narvarte;2;1;0;87;5600.0;2205.0;276.5
Departamento;Santa Fe;2;1;1;70;9450.0;2625.0;560.0
Departamento;Santa Fe;1;1;0;70;6300.0;3675.0;525.0
Departamento;Santa Fe;2;2;1;75;5075.0;3500.0;350.0
Departamento;Condesa;3;0;0;100;7700.0;4200.0;87500.0
Departamento;Santa Fe;2;1;1;70;7000.0;3395.0;350.0
Departamento;Narvarte;3;1;1;88;7000.0;2450.0;472.5
Departamento;Narvarte;2;1;1;85;6300.0;2135.0;402.5
Departamento;Santa Fe;1;1;0;72;5600.0;3500.0;700.0
Departamento;Santa Fe;1;1;1;82;5600.0;4886.0;843.5
Departamento;Roma Norte;3;1;0;120;5950.0;2450.0;290.5
Departamento;Santa Fe;1;2;0;71;10150.0;4942.0;0.0
Departamento;Santa Fe;2;1;1;85;8050.0;3850.0;5540.5
Departamento;Condesa;3;0;1;110;10150.0;2800.0;0.0
Departamento;San Miguel Chapultepec;1;1;1;75;4550.0;2348.5;350.0
Departamento;Condesa;3;0;0;100;8750.0;3850.0;623.0
Departamento;Villa de Cortés;3;2;0;75;6650.0;2100.0;56.0
Departamento;Santa Fe;3;2;1;110;10500.0;5757.5;1295.0
Departamento;Santa Fe;2;1;1;80;9100.0;5173.0;528.5
Departamento;Santa Fe;3;2;1;140;10500.0;6296.5;1865.5
Departamento;Santa Fe;3;2;1;120;10500.0;5950.0;1169.0
Departamento;Narvarte;3;0;0;85;6300.0;2100.0;406.0
Departamento;Roma;2;1;0;73;9800.0;3010.0;336.0
Departamento;Santa Fe;3;2;1;100;8050.0;5775.0;903.0
Departamento;Centro Histórico;3;1;0;130;6650.0;2450.0;413.0
Departamento;Condesa;2;0;0;88;6300.0;3762.5;472.5
Departamento;San Miguel Chapultepec;3;1;0;80;6300.0;2100.0;252.0
Departamento;Santa Fe;2;1;1;94;7700.0;4826.5;882.0
Departamento;Santa Fe;1;1;0;70;9800.0;4375.0;766.5
Departamento;San Ángel;3;1;0;109;10500.0;5250.0;833.0
Departamento;Santa Fe;2;1;1;83;7700.0;4592.0;927.5
Departamento;Narvarte;3;1;0;110;5600.0;3325.0;427.0
Departamento;Santa Fe;2;1;1;70;8750.0;3325.0;350.0
Departamento;Tlalpan;2;0;0;70;9800.0;1575.0;504.0
Departamento;Santa Fe;3;2;3;120;10500.0;6650.0;1319.5
Departamento;Santa Fe;2;1;1;82;8750.0;4375.0;8400.0
Departamento;Roma;3;2;1;108;9800.0;4042.5;913.5
Departamento;Santa Fe;2;1;1;74;8050.0;3325.0;227.5
Departamento;Santa Fe;2;1;1;78;8750.0;3605.0;259.0
Departamento;Santa Fe;2;1;1;72;7000.0;4200.0;8750.0
Departamento;Santa Fe;3;2;1;175;8400.0;5600.0;1575.0
Departamento;Centro Histórico;3;1;1;130;5600.0;2520.0;448.0
Departamento;Santa Fe;2;1;2;90;8750.0;3465.0;0.0
Departamento;Coyoacán;3;0;0;95;10500.0;3097.5;1200.5
Departamento;Condesa;3;1;0;80;8750.0;3132.5;731.5
Departamento;Santa Fe;4;3;4;148;5600.0;6181.0;0.0
Departamento;Del Valle Centro;2;0;0;70;2450.0;1382.5;56.0
Departamento;Centro Histórico;2;1;0;90;3850.0;3150.0;2870.0
Departamento;Santa Fe;3;1;1;115;9100.0;5950.0;0.0
Departamento;Napoles;2;0;0;75;9450.0;3073.0;0.0
Departamento;Villa Coapa;3;1;0;80;3150.0;1050.0;0.0
Departamento;El Contadero;2;1;0;75;5250.0;945.0;301.0
Departamento;Santa Fe;3;1;1;80;6650.0;3552.5;626.5
Departamento;Las Águilas;3;1;1;150;3500.0;5705.0;0.0
Departamento;Narvarte;3;2;0;80;7910.0;2800.0;0.0
Departamento;Roma;2;0;0;70;7700.0;1435.0;245.0
Departamento;Condesa;3;1;1;120;10150.0;3920.0;724.5
Departamento;Santa Fe;2;1;1;106;9800.0;5250.0;875.0
Departamento;Santa Fe;2;1;0;72;5950.0;2870.0;0.0
Departamento;San Miguel Chapultepec;2;1;0;75;5600.0;2275.0;262.5
Departamento;Santa Fe;2;2;1;156;10325.0;4725.0;0.0
Departamento;San Miguel Chapultepec;2;1;0;80;4200.0;1540.0;70.0
Departamento;Condesa;3;1;1;130;8750.0;6363.0;0.0
Departamento;Ciudad de los Deportes;2;0;0;88;2800.0;1942.5;220.5
Departamento;Lomas de Chapultepec;3;0;0;90;10500.0;3850.0;0.0
Departamento;Condesa;3;1;0;122;9450.0;5250.0;654.5
Departamento;Narvarte;2;1;1;82;6300.0;2793.0;462.0
Departamento;Narvarte;3;1;1;83;8050.0;4354.0;668.5
Departamento;Nativitas;2;1;0;76;4200.0;70.0;42.0
Departamento;Condesa;2;1;0;75;9100.0;3612.0;455.0
Departamento;Narvarte;2;0;0;70;5600.0;1820.0;0.0
Departamento;Juárez;2;0;0;80;6300.0;1816.5;311.5
Departamento;Narvarte;3;0;0;70;7000.0;1547.0;245.0
Departamento;Nueva Santa María;2;1;0;78;2625.0;3157.0;147.0
Departamento;Narvarte;2;1;0;70;6650.0;2940.0;0.0
Departamento;Narvarte;3;1;1;150;8400.0;3381.0;0.0
Departamento;Santa Fe;4;2;1;120;10500.0;7525.0;10850.0
Departamento;Polanco;3;1;1;169;6300.0;3500.0;1050.0
Departamento;San Pedro de los Pinos;3;1;0;90;7700.0;3465.0;630.0
Departamento;Ciudad de los Deportes;2;1;0;92;4725.0;2030.0;2103.5
Departamento;Santa Fe;2;1;1;70;6125.0;2222.5;45.5
Departamento;Narvarte;3;1;1;120;7350.0;2695.0;549.5
Departamento;La Virgen;2;1;0;71;3500.0;1183.0;0.0
Departamento;Santa Fe;3;2;1;113;9450.0;5740.0;966.0
Departamento;Santa Fe;2;2;1;97;9450.0;5316.5;927.5
Departamento;Del Valle;2;1;1;90;9100.0;4042.5;490.0
Departamento;Narvarte;2;0;0;70;7700.0;1862.0;157.5
Departamento;Del Valle;3;1;0;120;10500.0;3500.0;595.0
Departamento;Narvarte;3;0;0;90;5775.0;3500.0;602.0
Departamento;Santa Fe;2;1;1;84;8050.0;4452.0;6489.0
Departamento;Roma;2;1;0;73;7350.0;2768.5;448.0
Departamento;Napoles;2;0;0;75;9800.0;3073.0;0.0
Departamento;Santa Fe;2;1;1;78;3850.0;3395.0;3.5
Departamento;Del Valle;3;1;1;105;10500.0;4200.0;672.0
Departamento;Narvarte;4;3;2;130;9100.0;3850.0;840.0
Departamento;Santa Fe;3;2;2;175;10500.0;6961.5;2264.5
Departamento;Las Águilas;1;1;1;84;10500.0;4179.0;297.5
Departamento;Narvarte;2;1;1;110;10150.0;2618.0;70.0
Departamento;Condesa;2;0;0;72;8050.0;2975.0;350.0
Departamento;Santa Fe;2;2;1;80;7700.0;5225.5;11550.0
Departamento;La Condesa;2;1;0;72;7700.0;2135.0;416.5
Departamento;Napoles;2;0;0;80;9100.0;2520.0;717.5
Departamento;Condesa;3;0;0;120;9800.0;3850.0;420.0
Departamento;Narvarte;2;1;1;86;7000.0;2502.5;584.5
Departamento;Condesa;3;0;0;120;10500.0;4375.0;1050.0
Departamento;Santa Fe;3;2;3;145;10150.0;6300.0;1225.0
Departamento;El Contadero;3;1;1;100;7000.0;2187.5;4830.0
Departamento;Condesa;3;1;0;152;10500.0;4690.0;1102.5
Departamento;Santa Fe;2;1;1;90;8750.0;3850.0;455.0
Departamento;Bosques de las Lomas;2;1;1;75;10500.0;3150.0;0.0
Departamento;Santa Fe;2;1;1;79;7000.0;2800.0;490.0
Departamento;Roma;2;1;0;90;10150.0;3255.0;679.0
Departamento;Santa Fe;2;1;0;72;5600.0;6457.5;623.0
Departamento;La Condesa;3;0;1;90;9800.0;2135.0;409.5
Departamento;Condesa;3;0;0;148;10500.0;4830.0;1001.0
Departamento;Pueblo Culhuacán;3;0;0;80;2800.0;910.0;0.0
Departamento;Narvarte;2;1;1;98;9450.0;3545.5;0.0
Departamento;Condesa;2;0;0;76;8050.0;3657.5;427.0
Departamento;San Miguel Chapultepec;2;1;1;80;6650.0;3325.0;280.0
Departamento;Narvarte;3;1;1;99;6300.0;2800.0;210.0
Departamento;Condesa;2;2;1;71;8050.0;2257.5;0.0
Departamento;Narvarte;3;1;0;90;6300.0;2880.5;455.0
Departamento;Del Valle;2;1;0;75;7700.0;3132.5;374.5
Departamento;Del Valle;3;1;0;84;8750.0;2663.5;535.5
Departamento;Roma Norte;3;0;0;160;7000.0;2975.0;4200.0
Departamento;Santa Fe;2;2;1;140;7350.0;4200.0;0.0
Departamento;Narvarte;2;1;1;80;6650.0;2940.0;420.0
Departamento;Del Valle;3;1;0;90;10500.0;3139.5;507.5
Departamento;Narvarte;3;1;1;70;6650.0;2450.0;273.0
Departamento;San Rafael;2;1;1;73;5250.0;2607.5;290.5
Departamento;Del Valle;2;0;0;90;7700.0;2275.0;490.0
Departamento;Narvarte;3;0;1;124;9800.0;3237.5;0.0
Departamento;Ciudad de los Deportes;2;1;0;80;3500.0;1365.0;70.0
Departamento;Santa Fe;3;2;3;128;10150.0;5687.5;1225.0
Departamento;Peralvillo;2;1;1;76;6650.0;1743.0;318.5
Departamento;Iztacalco;2;1;0;71;4550.0;595.0;0.0
Departamento;Narvarte;2;0;0;80;4900.0;2275.0;0.0
Departamento;Santa Fe;2;1;1;88;8050.0;4550.0;6790.0
Departamento;Santa Fe;3;2;1;105;9450.0;5320.0;11550.0
Departamento;Narvarte;3;0;0;87;6300.0;2100.0;444.5
Departamento;Santa Fe;2;1;1;87;8050.0;4480.0;4452.0
Departamento;Narvarte;2;1;0;140;8750.0;2835.0;294.0
Departamento;Narvarte;1;1;0;70;5600.0;2408.0;0.0
Departamento;Coyoacán;2;0;0;70;9100.0;3745.0;367.5
Departamento;San Ángel;3;0;0;120;9450.0;3080.0;833.0
Departamento;Narvarte;3;1;0;180;9800.0;4725.0;420.0
Departamento;Narvarte;3;1;1;94;8050.0;2110.5;346.5
Departamento;Narvarte;2;1;0;75;5600.0;2030.0;304.5
Departamento;Roma;2;1;0;75;9100.0;3045.0;0.0
Departamento;Santa Fe;2;1;1;70;4550.0;875.0;73.5
Departamento;Narvarte;2;1;0;72;5250.0;2296.0;381.5
Departamento;Condesa;2;2;0;90;10500.0;2800.0;763.0
Departamento;San Miguel Chapultepec;3;0;0;120;7000.0;700.0;0.0
Departamento;Narvarte;3;1;1;100;6300.0;3038.0;294.0
Departamento;Roma;3;1;1;130;9800.0;4200.0;542.5
Departamento;Ciudad de los Deportes;3;1;0;80;2800.0;455.0;0.0
Departamento;Condesa;2;0;0;100;9275.0;3706.5;0.0
Departamento;Nativitas;3;1;1;197;8750.0;1631.0;0.0
Departamento;Santa Fe;4;2;0;115;10150.0;6650.0;0.0
Departamento;Roma;2;0;0;77;10500.0;1575.0;0.0
Departamento;Santa Fe;2;1;1;70;6300.0;2730.0;0.0
Departamento;Condesa;3;0;0;80;7700.0;1015.0;70.0
Departamento;Roma;2;0;0;90;7000.0;1676.5;280.0
Departamento;San Rafael;2;0;0;70;3500.0;1925.0;238.0
Departamento;Santa Fe;2;1;1;77;8750.0;2450.0;0.0
Departamento;Narvarte;3;1;1;116;3500.0;2849.0;423.5
Departamento;Condesa;3;1;1;92;8750.0;4200.0;6702.5
Departamento;Santa Fe;2;1;1;70;7700.0;4088.0;654.5
Departamento;Del Valle;3;1;0;130;9800.0;4200.0;679.0
Departamento;Santa Fe;2;2;1;74;9450.0;4620.0;4424.0
Departamento;Del Valle;2;1;1;85;9450.0;2905.0;0.0
Departamento;Villa de Guadalupe;3;2;0;72;4900.0;525.0;1225.0
Departamento;Santa Fe;2;0;1;80;7700.0;4200.0;546.0
Departamento;Santa Fe;4;2;1;115;9800.0;6300.0;875.0
Departamento;Peralvillo;2;1;0;75;5950.0;2362.5;0.0
Departamento;Narvarte;3;1;0;125;8750.0;3850.0;700.0
Departamento;Del Valle;2;0;0;88;8400.0;2275.0;367.5
Departamento;Condesa;2;1;0;100;8750.0;4277.0;528.5
Departamento;La Virgen;3;0;0;72;3850.0;700.0;49.0
Departamento;Santa Fe;2;1;1;72;5600.0;3398.5;0.0
Departamento;Santa Fe;2;1;2;78;5950.0;3437.0;640.5
Departamento;Santa Fe;2;1;1;85;6650.0;4672.5;399.0
Departamento;Condesa;2;1;0;75;10150.0;2555.0;462.0
Departamento;Santa Fe;2;1;1;90;9100.0;3500.0;847.0
Departamento;Santa Fe;3;1;1;78;6650.0;4105.5;0.0
Departamento;Narvarte;3;0;0;110;6300.0;2800.0;686.0
Departamento;Condesa;2;1;0;77;9100.0;2359.0;549.5
Departamento;Napoles;2;0;0;75;9800.0;3213.0;0.0
Departamento;Bosques de las Lomas;2;0;0;70;6300.0;2737.0;0.0
Departamento;Narvarte;3;2;1;110;9800.0;3850.0;0.0
Departamento;Santa Fe;2;1;1;70;5250.0;2114.0;206.5
Departamento;Santa Fe;2;1;1;90;8750.0;3619.0;724.5
Departamento;San Pedro de los Pinos;2;1;0;90;10500.0;2870.0;560.0
Departamento;Santa Fe;2;1;1;90;4900.0;4340.0;5600.0
Departamento;San Miguel Chapultepec;3;0;0;95;5600.0;1260.0;294.0
Departamento;Roma;2;0;0;85;8400.0;2604.0;532.0
Departamento;Roma;2;1;1;92;7700.0;5005.0;826.0
Departamento;Condesa;3;1;0;100;7000.0;5159.0;707.0
Departamento;Santa Fe;3;2;1;150;8050.0;4550.0;0.0
Departamento;San Gregorio Atlapulco;2;1;0;70;2800.0;122.5;0.0
Departamento;Roma Norte;1;1;0;99;3500.0;2719.5;238.0
Departamento;Santa Fe;2;1;1;83;5600.0;4725.0;0.0
Departamento;Santa Fe;1;1;1;70;7700.0;3913.0;826.0
Departamento;San Andrés Tetepilco;2;1;0;80;4200.0;1050.0;0.0
Departamento;Condesa;3;0;1;115;10500.0;4375.0;595.0
Departamento;Santa Fe;2;1;0;80;5600.0;2789.5;385.0
Departamento;San Pedro de los Pinos;2;1;0;70;5180.0;2310.0;42.0
Departamento;Santa Fe;1;1;1;70;8050.0;4375.0;630.0
Departamento;Narvarte;2;0;1;72;6300.0;1872.5;0.0
Departamento;Roma;2;0;0;75;6300.0;2327.5;315.0
Departamento;San Pedro de los Pinos;2;0;0;90;8400.0;2852.5;0.0
Departamento;Santa Fe;2;1;1;83;5250.0;4571.0;703.5
Departamento;Narvarte;3;1;1;110;8400.0;2800.0;0.0
Departamento;Polanco;2;1;0;90;6300.0;3115.0;731.5
Departamento;San Miguel Chapultepec;2;1;1;84;5600.0;1890.0;322.0
Departamento;Santa Fe;2;1;2;80;10500.0;4480.0;0.0
Departamento;Condesa;3;1;1;90;8050.0;4588.5;525.0
Departamento;San Pedro de los Pinos;2;1;0;80;5600.0;3045.0;52.5
Departamento;Condesa;2;0;1;76;4550.0;980.0;42.0
Departamento;Condesa;2;0;0;80;5600.0;8165.5;749.0
Departamento;San Miguel Chapultepec;2;1;0;83;5600.0;1995.0;227.5
Departamento;Narvarte;2;0;0;73;4900.0;1911.0;0.0
Departamento;Villa de Guadalupe;3;2;1;161;9100.0;2625.0;0.0
Departamento;Narvarte;3;0;0;80;4900.0;2975.0;0.0
Departamento;San Miguel Chapultepec;2;0;0;72;4550.0;875.0;161.0
Departamento;Santa Fe;2;1;1;79;4725.0;4550.0;0.0
Departamento;Santa Fe;3;1;1;101;9450.0;5085.5;0.0
Departamento;San Miguel Chapultepec;3;1;0;90;9100.0;2555.0;0.0
Departamento;Santa Fe;3;1;1;104;9100.0;5722.5;700.0
Departamento;Del Valle;2;0;0;83;9450.0;1767.5;472.5
Departamento;Condesa;2;1;1;76;10500.0;3307.5;556.5
Departamento;Roma;2;1;1;102;9100.0;2870.0;878.5
Departamento;Condesa;2;2;1;90;10500.0;5075.0;815.5
Departamento;El Contadero;3;2;3;136;9100.0;1400.0;0.0
Departamento;Narvarte;2;0;0;81;5600.0;1662.5;297.5
Departamento;El Contadero;3;1;1;100;5950.0;2450.0;3325.0
Departamento;Narvarte;3;0;0;125;4200.0;3178.0;514.5
Departamento;Narvarte;2;0;0;74;5250.0;2730.0;269.5
Departamento;Condesa;2;1;0;75;8050.0;2800.0;273.0
Departamento;Del Valle;2;1;1;73;7350.0;3286.5;5127.5
Departamento;Coyoacán;2;1;0;80;10500.0;2975.0;630.0
Departamento;Del Valle;2;1;1;86;9100.0;2870.0;0.0
Departamento;Del Valle;3;0;0;87;9800.0;3150.0;528.5
Departamento;Condesa;3;0;0;110;10500.0;2730.0;770.0
Departamento;Santa Fe;2;1;2;80;7700.0;3325.0;420.0
Departamento;Narvarte;3;1;0;129;5950.0;2975.0;406.0
Departamento;Condesa;2;0;0;83;9450.0;2345.0;371.0
Departamento;Condesa;2;0;0;90;8050.0;3220.0;420.0
Departamento;Narvarte;2;0;0;70;5600.0;1610.0;70.0
Departamento;Napoles;2;1;1;130;10500.0;3570.0;511.0
Departamento;Santa Fe;2;1;1;74;8400.0;4200.0;0.0
Departamento;Narvarte;3;1;1;91;6650.0;3206.0;0.0
Departamento;Santa Fe;2;1;1;73;3850.0;4336.5;521.5
Departamento;Condesa;2;0;0;70;8575.0;2975.0;0.0
Departamento;Nativitas;2;1;0;80;8050.0;2450.0;2800.0
Departamento;Condesa;2;1;1;77;8750.0;1834.0;409.5
Departamento;Narvarte;3;2;1;149;9800.0;3937.5;721.0
Departamento;San Miguel Chapultepec;2;1;0;80;4550.0;1480.5;168.0
Departamento;El Contadero;2;1;0;70;4550.0;875.0;196.0
Departamento;Santa Fe;2;1;1;87;8750.0;3360.0;1393.0
Departamento;Narvarte;2;1;1;99;5950.0;5250.0;490.0
Departamento;Narvarte;3;1;0;100;8750.0;3097.5;595.0
Departamento;Narvarte;2;1;0;90;4200.0;3549.0;465.5
Departamento;Narvarte;2;0;0;80;4550.0;3010.0;315.0
Departamento;Roma;2;1;1;80;10500.0;2905.0;560.0
Departamento;Nueva Santa María;2;1;0;90;2975.0;1872.5;210.0
Departamento;Santa Fe;2;1;1;80;9800.0;3080.0;525.0
Departamento;Lindavista Sur;3;1;2;170;5250.0;4088.0;0.0
Departamento;San Pedro de los Pinos;2;1;1;84;10500.0;4900.0;0.0
Departamento;Santa Fe;2;1;1;80;7000.0;4200.0;525.0
Departamento;Santa Fe;2;1;1;85;8750.0;4550.0;700.0
Departamento;Narvarte;3;1;0;99;7000.0;2415.0;0.0
Departamento;Narvarte;3;2;1;84;8225.0;3325.0;4151.0
Departamento;Del Valle;2;1;1;90;9450.0;3997.0;493.5
Departamento;Santa Fe;3;2;1;86;9100.0;1750.0;0.0
Departamento;Narvarte;2;0;0;74;6300.0;2100.0;350.0
Departamento;Narvarte;4;1;1;150;8400.0;2520.0;70.0
Departamento;Santa Fe;2;1;1;97;10500.0;5075.0;980.0
Departamento;Ciudad de los Deportes;3;1;0;114;4200.0;2306.5;0.0
Departamento;Narvarte;3;1;1;86;10500.0;3843.0;784.0
Departamento;Roma;3;1;0;97;8050.0;3195.5;644.0
Departamento;Santa Fe;2;1;1;75;5950.0;2100.0;262.5
Departamento;Santa Fe;2;1;1;100;7700.0;4518.5;0.0
Departamento;Lomas de Chapultepec;3;1;0;82;10150.0;3850.0;0.0
Departamento;Santa Fe;2;1;1;78;8750.0;4340.0;0.0
Departamento;San Rafael;3;0;0;104;5600.0;2380.0;476.0
Departamento;Condesa;2;0;0;72;8400.0;2975.0;87.5
Departamento;El Contadero;3;3;1;148;8750.0;2716.0;0.0
Departamento;Narvarte;2;1;1;74;6125.0;2450.0;178.5
Departamento;Santa Fe;2;1;1;70;5600.0;2835.0;332.5
Departamento;Santa Fe;1;1;0;70;7000.0;6125.0;0.0
Departamento;Narvarte;1;1;0;72;5600.0;2002.0;0.0
Departamento;Narvarte;3;1;1;100;7700.0;2100.0;245.0
Departamento;Condesa;2;0;0;73;8750.0;2450.0;539.0
Departamento;Narvarte;3;2;1;122;10500.0;3972.5;0.0
Departamento;Del Valle;3;0;0;107;9800.0;3395.0;658.0
Departamento;San Miguel Chapultepec;2;1;0;70;4550.0;350.0;224.0
Departamento;Narvarte;3;1;1;108;8750.0;4676.0;0.0
Departamento;San Pedro de los Pinos;3;0;0;82;7700.0;1351.0;493.5
Departamento;Coyoacán;1;0;0;70;10150.0;1750.0;203.0
Departamento;Narvarte;2;1;1;85;5250.0;4060.0;308.0
Departamento;Peralvillo;2;1;1;86;4550.0;2072.0;332.5
Departamento;Napoles;2;0;0;75;9800.0;3213.0;0.0
Departamento;Santa Fe;2;1;1;90;7700.0;3780.0;696.5
Departamento;Narvarte;2;1;1;85;5600.0;2800.0;2698.5
Departamento;Narvarte;2;1;0;70;4900.0;2100.0;409.5
Departamento;Santa Fe;3;2;1;100;8750.0;5197.5;899.5
Departamento;Santa Fe;3;2;3;114;5600.0;4679.5;0.0
Departamento;Narvarte;3;1;1;130;5600.0;2520.0;448.0
Departamento;San Miguel Chapultepec;2;0;1;90;3150.0;700.0;157.5
Departamento;Condesa;2;0;0;79;9450.0;2695.0;87.5
Departamento;San Ángel;3;0;1;120;9450.0;3080.0;833.0
Departamento;Santa Fe;4;2;1;115;9800.0;6300.0;875.0
Departamento;Santa Fe;3;1;1;100;5600.0;875.0;280.0
Departamento;Santa Fe;2;1;1;78;6300.0;4550.0;385.0
Departamento;Condesa;2;2;1;78;10500.0;2499.0;280.0
Departamento;Condesa;3;1;0;100;9800.0;3850.0;525.0
Departamento;San Pedro de los Pinos;3;0;0;88;7350.0;3150.0;420.0
Departamento;Juárez;2;0;0;70;8050.0;1050.0;0.0
Departamento;Condesa;3;0;0;100;8400.0;4375.0;549.5
Departamento;Santa Fe;3;2;1;116;10500.0;5180.0;10731.0
Departamento;Condesa;3;1;0;92;8330.0;3850.0;0.0
Departamento;Roma;2;1;0;75;7350.0;1750.0;441.0
Departamento;Nativitas;3;1;0;125;4935.0;962.5;0.0
Departamento;Santa Fe;2;1;1;85;7350.0;4200.0;588.0
Departamento;Santa Fe;1;2;1;71;7350.0;6055.0;560.0
Departamento;El Contadero;2;1;0;87;4025.0;1995.0;0.0
Departamento;Del Valle;2;0;0;73;7000.0;2275.0;437.5
Departamento;Santa Fe;3;1;1;93;9800.0;5008.5;952.0
Departamento;Santa Fe;2;1;1;94;8750.0;4550.0;10850.0
Departamento;Santa Fe;2;2;2;131;6300.0;5617.5;1375.5
Departamento;La Florida;3;1;1;78;5250.0;2408.0;0.0
Departamento;Santa Fe;2;1;1;88;7700.0;4945.5;805.0
Departamento;Peralvillo;3;1;1;107;5600.0;3150.0;574.0
Departamento;Narvarte;2;1;0;90;5950.0;2611.0;350.0
Departamento;Narvarte;2;1;0;72;5950.0;1568.0;0.0
Departamento;Santa Fe;2;1;1;184;10500.0;5775.0;924.0
Departamento;Condesa;3;1;0;77;6125.0;1897.0;119.0
Departamento;Condesa;2;0;0;90;7350.0;2800.0;339.5
Departamento;Roma;2;0;0;80;8750.0;3850.0;0.0
Departamento;Narvarte;2;1;1;85;4550.0;2226.0;308.0
Departamento;San Miguel Chapultepec;2;1;0;85;6300.0;1596.0;353.5
Departamento;Santa Fe;2;1;2;80;9800.0;3955.0;0.0
Departamento;Juárez;2;0;0;80;7700.0;1575.0;245.0
Departamento;San Miguel Chapultepec;2;0;0;81;4200.0;1715.0;168.0
Departamento;Lomas de Padierna;2;1;0;80;7000.0;525.0;322.0
Departamento;Condesa;3;1;0;140;8750.0;5425.0;1008.0
Departamento;San Miguel Chapultepec;2;1;0;77;4375.0;1680.0;220.5
Departamento;Del Valle;2;0;1;79;9100.0;1743.0;0.0
Departamento;Santa Fe;2;1;1;80;10500.0;4830.0;1050.0
Departamento;Condesa;2;1;1;76;8750.0;2677.5;455.0
Departamento;Santa Fe;2;0;0;101;9800.0;5330.5;1204.0
Departamento;Narvarte;2;1;0;73;5600.0;2380.0;0.0
Departamento;San Jerónimo;2;1;0;96;9100.0;2975.0;651.0
Departamento;San Jerónimo;2;5;0;150;9450.0;700.0;700.0
Departamento;Narvarte;4;2;1;188;7000.0;7000.0;1330.0
Departamento;Santa Fe;3;1;1;90;8750.0;3850.0;805.0
Departamento;Santa Fe;3;2;1;85;6650.0;4025.0;0.0
Departamento;Condesa;2;0;0;120;10150.0;4900.0;875.0
Departamento;Santa Fe;2;1;1;70;8750.0;3395.0;280.0
Departamento;Roma;2;1;0;80;9100.0;2310.0;332.5
Departamento;Reforma Política;2;0;0;120;3850.0;1575.0;0.0
Departamento;Centro Histórico;2;0;0;77;5775.0;805.0;0.0
Departamento;Santa Fe;2;2;2;98;10500.0;4364.5;0.0
Departamento;Santa Fe;2;1;1;70;6300.0;2824.5;0.0
Departamento;Roma;2;1;1;100;9450.0;3675.0;815.5
Departamento;Napoles;2;0;0;75;8750.0;3073.0;0.0
Departamento;Santa Fe;2;1;1;94;8750.0;5075.0;7000.0
Departamento;San Miguel Chapultepec;3;0;0;95;5250.0;1400.0;175.0
Departamento;Condesa;2;1;0;80;8750.0;4550.0;308.0
Departamento;Santa Fe;2;2;1;107;8750.0;10500.0;2100.0
Departamento;Narvarte;3;1;0;100;8050.0;2625.0;0.0
Departamento;Santa Fe;1;1;0;70;7000.0;4550.0;759.5
Departamento;Lomas de Chapultepec;2;0;0;70;9800.0;2450.0;451.5
Departamento;Santa Fe;2;1;1;84;7700.0;4644.5;0.0
Departamento;Santa Fe;3;0;1;312;10500.0;8417.5;0.0
Departamento;Santa Fe;2;1;1;76;10500.0;4270.0;0.0
Departamento;San Pedro de los Pinos;3;0;1;100;9800.0;5460.0;367.5
Departamento;San Pedro de los Pinos;2;1;0;71;4900.0;2240.0;220.5
Departamento;Condesa;3;0;1;115;5425.0;1050.0;0.0
Departamento;Roma Norte;2;1;0;82;5950.0;1802.5;0.0
Departamento;Santa Fe;1;1;1;80;7700.0;3713.5;563.5
Departamento;Condesa;2;1;0;105;7000.0;4529.0;798.0
Departamento;Santa Fe;1;1;1;80;7000.0;3937.5;1214.5
Departamento;Polanco;1;1;0;80;10500.0;2975.0;801.5
Departamento;Roma;2;1;0;103;9100.0;3325.0;815.5
Departamento;Del Valle;3;1;0;120;10500.0;3507.0;0.0
Departamento;Del Valle;2;0;0;88;8400.0;2275.0;367.5
Departamento;Santa Fe;3;1;1;70;8750.0;3237.5;0.0
Departamento;Narvarte;2;0;0;70;6300.0;2257.5;182.0
Departamento;Narvarte;3;1;1;108;4900.0;2394.0;325.5
Departamento;Del Valle;3;0;0;90;8050.0;2450.0;451.5
Departamento;Santa Fe;3;2;1;101;9450.0;5033.0;420.0
Departamento;Ciudad de los Deportes;2;1;0;86;2800.0;2541.0;238.0
Departamento;Condesa;2;0;0;85;8050.0;2317.0;399.0
Departamento;Santa Fe;2;1;1;88;8050.0;4420.5;763.0
Departamento;San Miguel Chapultepec;2;2;1;114;9800.0;2800.0;644.0
Departamento;Condesa;2;0;0;105;9800.0;2380.0;560.0
Departamento;Narvarte;3;0;1;120;7000.0;1470.0;420.0
Departamento;Condesa;2;0;0;79;7700.0;2320.5;0.0
Departamento;Peralvillo;2;1;1;70;7000.0;2572.5;304.5
Departamento;San Pedro de los Pinos;2;1;1;90;10500.0;2940.0;665.0
Departamento;Roma;2;0;0;83;8746.5;1925.0;462.0
Departamento;Santa Fe;3;2;1;86;9450.0;2030.0;0.0
Departamento;Del Valle;2;1;0;70;8050.0;2702.0;500.5
Departamento;Napoles;2;0;0;75;9100.0;3073.0;0.0
Departamento;Santa Fe;2;1;1;80;9800.0;4550.0;525.0
Departamento;Santa Fe;2;1;1;70;7000.0;3325.0;315.0
Departamento;Santa Fe;3;2;1;90;7700.0;4133.5;0.0
Departamento;San Miguel Chapultepec;3;1;1;103;5950.0;4063.5;574.0
Departamento;Narvarte;3;1;0;180;5250.0;4200.0;700.0
Departamento;Bosques de las Lomas;2;1;1;96;9796.5;6125.0;1050.0
Departamento;Santa Fe;2;2;2;80;9800.0;4200.0;0.0
Departamento;Atlalilco;2;1;0;82;4900.0;700.0;0.0
Departamento;Santa Fe;2;1;1;70;6300.0;3248.0;5085.5
Departamento;Del Valle;3;1;1;96;10150.0;4235.0;546.0
Departamento;Roma;2;2;0;84;3150.0;1855.0;0.0
Departamento;Narvarte;2;1;1;97;6650.0;3290.0;682.5
Departamento;Roma;3;1;0;120;7700.0;3797.5;661.5
Departamento;Napoles;2;0;0;75;9800.0;1505.0;0.0
Departamento;Villa de Guadalupe;4;2;3;191;8750.0;3654.0;934.5
Departamento;Del Valle;2;1;0;87;8400.0;2513.0;455.0
Departamento;Coyoacán;2;0;0;100;9450.0;5600.0;854.0
Departamento;Santa Fe;2;1;1;86;8750.0;4550.0;595.0
Departamento;San Ángel;2;1;1;100;9100.0;4305.0;0.0
Departamento;Narvarte;2;1;1;87;7700.0;3048.5;507.5
Departamento;Del Valle;2;1;0;75;9800.0;3080.0;0.0
Departamento;Santa Fe;2;1;1;80;9450.0;5250.0;700.0
Departamento;Narvarte;3;1;0;100;4900.0;3024.0;392.0
Departamento;Las Águilas;3;2;1;73;6650.0;2660.0;276.5
Departamento;Roma;2;1;0;80;9100.0;2922.5;420.0
Departamento;El Contadero;3;0;1;80;6650.0;1680.0;2625.0
Departamento;Narvarte;2;1;0;73;6825.0;2450.0;245.0
Departamento;Nueva Santa María;2;0;0;80;4900.0;717.5;122.5
Departamento;Condesa;3;0;0;105;10500.0;4375.0;0.0
Departamento;Santa Fe;1;1;0;70;5215.0;2765.0;840.0
Departamento;Narvarte;2;1;1;75;6650.0;2100.0;171.5
Departamento;Santa Fe;3;1;1;85;5600.0;3248.0;0.0
Departamento;Santa Fe;2;1;1;73;8750.0;4182.5;745.5
Departamento;Atlampa;3;0;0;78;4830.0;700.0;0.0
Departamento;Napoles;3;1;0;114;10430.0;1960.0;0.0
Departamento;Arboledas;2;1;1;75;4550.0;2366.0;182.0
Departamento;Narvarte;3;1;0;98;8050.0;3115.0;371.0
Departamento;Santa Fe;3;2;2;112;10150.0;6475.0;980.0
Departamento;Santa Fe;2;1;1;81;5950.0;4025.0;350.0
Departamento;Condesa;2;0;0;80;7000.0;3906.0;280.0
Departamento;Narvarte;2;1;0;91;6300.0;3538.5;182.0
Departamento;Nueva Santa María;2;1;1;70;4200.0;2800.0;910.0
Departamento;San Jerónimo;3;1;1;143;9800.0;3500.0;994.0
Departamento;Narvarte;2;0;0;73;3500.0;1330.0;213.5
Departamento;Santa Fe;3;2;1;114;9800.0;4627.0;567.0
Departamento;San Miguel Chapultepec;2;0;0;80;4900.0;1550.5;70.0
Departamento;Lomas de Chapultepec;2;1;1;73;10500.0;5180.0;724.5
Departamento;Santa Fe;2;1;1;85;8050.0;5250.0;812.0
Departamento;Condesa;3;1;1;100;9450.0;3500.0;756.0
Departamento;Condesa;3;0;0;117;8050.0;4277.0;0.0
Departamento;Condesa;2;1;0;85;7700.0;3209.5;451.5
Departamento;Santa Fe;3;1;1;80;9800.0;4550.0;630.0
Departamento;Santa Fe;2;2;1;130;7700.0;4375.0;595.0
Departamento;Santa Fe;1;1;1;71;8750.0;3850.0;0.0
Departamento;Santa Fe;2;1;1;100;10500.0;5075.0;805.0
Departamento;Roma Norte;4;1;0;110;5775.0;1750.0;0.0
Departamento;Ciudad de los Deportes;2;0;0;90;1750.0;903.0;45.5
Departamento;Santa Fe;2;1;1;70;9800.0;5075.0;840.0
Departamento;Narvarte;3;1;0;100;6300.0;2758.0;441.0
Departamento;Condesa;2;0;0;75;7700.0;2838.5;689.5
Departamento;Santa Fe;4;3;4;160;7350.0;5764.5;686.0
Departamento;Coyoacán;3;0;0;85;8750.0;6860.0;598.5
Departamento;Condesa;2;0;1;110;10500.0;3500.0;70.0
Departamento;Narvarte;3;1;0;100;5950.0;3325.0;532.0
Departamento;San Miguel Chapultepec;2;0;0;71;5250.0;350.0;0.0
Departamento;Santa Fe;2;1;1;77;9800.0;4550.0;4550.0
Departamento;Roma;2;1;1;90;10500.0;3552.5;595.0
Departamento;Narvarte;3;0;2;78;8050.0;2313.5;0.0
Departamento;San Ángel;2;1;0;80;10500.0;3444.0;567.0
Departamento;Santa Fe;2;1;1;77;10500.0;4550.0;0.0
Departamento;El Contadero;2;1;1;80;7000.0;1925.0;490.0
Departamento;Santa Fe;4;2;2;105;10500.0;2450.0;0.0
Departamento;Narvarte;2;1;1;82;7000.0;3384.5;0.0
Departamento;Condesa;3;0;0;132;9450.0;2856.0;686.0
Departamento;Nativitas;2;1;0;75;3500.0;700.0;0.0
Departamento;Del Valle;3;1;0;125;10150.0;4767.0;721.0
Departamento;Napoles;2;0;1;107;9100.0;3181.5;686.0
Departamento;Narvarte;3;2;1;125;9800.0;5495.0;738.5
Departamento;Napoles;2;1;1;77;10500.0;4200.0;4767.0
Departamento;Roma;2;1;1;90;8750.0;3780.0;654.5
Departamento;Peralvillo;2;1;1;70;4200.0;1834.0;0.0
Departamento;Condesa;3;0;0;98;6650.0;4200.0;798.0
Departamento;Condesa;3;2;1;126;9800.0;5614.0;857.5
Departamento;Santa Fe;2;1;1;70;5250.0;2625.0;402.5
Departamento;Condesa;3;1;1;105;10500.0;4259.5;665.0
Departamento;Condesa;2;0;0;80;8750.0;4025.0;525.0
Departamento;San Miguel Chapultepec;3;1;0;82;7350.0;875.0;311.5
Departamento;Centro Histórico;2;1;1;118;8750.0;2520.0;948.5
Departamento;Santa Fe;2;1;1;75;8400.0;3713.5;756.0
Departamento;Narvarte;3;1;0;90;7700.0;2800.0;420.0
Departamento;Del Valle;3;1;1;92;10500.0;3559.5;612.5
Departamento;Peralvillo;2;1;1;72;5600.0;1540.0;332.5
Departamento;Zacatenco;2;1;1;73;5075.0;1330.0;140.0
Departamento;Narvarte;3;0;0;85;7700.0;630.0;322.0
Departamento;San Pedro de los Pinos;2;1;1;100;8750.0;3780.0;0.0
Departamento;San Miguel Chapultepec;3;1;1;137;8750.0;1925.0;0.0
Departamento;Centro Histórico;3;0;0;100;8050.0;1750.0;77.0
Departamento;Santa Fe;1;1;1;80;5600.0;3325.0;595.0
Departamento;Narvarte;3;2;1;84;8225.0;3591.0;0.0
Departamento;Santa Fe;2;1;1;78;7000.0;4753.0;0.0
Departamento;Condesa;3;0;0;139;9450.0;5250.0;1155.0
Departamento;Condesa;3;0;1;105;10500.0;3500.0;577.5
Departamento;Santa Fe;2;1;1;84;9275.0;3556.0;875.0
Departamento;Santa Fe;3;0;1;80;10500.0;4060.0;4550.0
Departamento;Chapultepec;2;1;0;75;6300.0;122139.5;850.5
Departamento;San Andrés Tetepilco;2;0;0;90;3850.0;350.0;0.0
Departamento;Condesa;2;0;0;72;7700.0;3325.0;0.0
Departamento;Narvarte;2;0;0;80;6300.0;1925.0;0.0
Departamento;Santa Fe;2;1;0;85;5600.0;1288.0;0.0
Departamento;Santa Fe;4;2;1;154;10500.0;7350.0;1246.0
Departamento;Santa Fe;3;2;1;104;9800.0;4371.5;0.0
Departamento;Condesa;2;1;0;80;9450.0;3500.0;280.0
Departamento;Narvarte;4;1;1;128;8050.0;2590.0;420.0
Departamento;San Miguel Chapultepec;2;0;0;80;8050.0;1050.0;0.0
Departamento;Condesa;2;0;0;80;7700.0;2625.0;297.5
Departamento;San Miguel Chapultepec;2;1;0;80;6650.0;2100.0;2047.5
Departamento;Narvarte;2;1;0;85;7000.0;2100.0;0.0
Departamento;Condesa;2;0;0;80;10325.0;2730.0;70.0
Departamento;Santa Fe;2;1;1;76;7350.0;4900.0;315.0
Departamento;Centro Histórico;2;0;0;80;4550.0;1788.5;0.0
Departamento;Narvarte;2;1;0;72;5600.0;2450.0;87.5
Departamento;Santa Fe;2;1;1;82;8750.0;3500.0;700.0
Departamento;Roma;2;0;0;75;7700.0;1680.0;311.5
Departamento;Narvarte;3;1;0;94;7000.0;2432.5;336.0
Departamento;La Florida;3;1;1;70;5950.0;1330.0;245.0
Departamento;Roma;3;1;0;119;10500.0;4550.0;6226.5
Departamento;Narvarte;3;1;1;110;8750.0;2800.0;0.0
Departamento;San Miguel Chapultepec;2;1;0;75;4865.0;2625.0;143.5
Departamento;Chapultepec;2;1;1;85;7350.0;1750.0;4637.5
Departamento;San Pedro de los Pinos;2;0;0;79;9100.0;2513.0;276.5
Departamento;Condesa;3;0;0;149;7000.0;3115.0;182.0
Departamento;Napoles;3;0;0;124;9800.0;4725.0;630.0
Departamento;Napoles;2;0;0;75;8050.0;3073.0;0.0
Departamento;Condesa;3;1;0;100;10150.0;4200.0;0.0
Departamento;Roma;2;0;0;70;8050.0;2590.0;1540.0
Departamento;Santa Fe;2;1;1;95;9100.0;4970.0;696.5
Departamento;Santa Fe;1;1;0;71;6825.0;3395.0;840.0
Departamento;Narvarte;2;1;1;82;9100.0;2978.5;0.0
Departamento;Santa Fe;3;1;1;75;5600.0;3346.0;3500.0
Departamento;Condesa;3;0;0;136;10150.0;5267.5;350.0
Departamento;Culhuacán CTM;3;2;0;70;3850.0;1190.0;35.0
Departamento;Las Águilas;2;1;0;85;4550.0;2380.0;87.5
Departamento;Santa Fe;3;2;1;120;10150.0;5250.0;1085.0
Departamento;Bosques de las Lomas;3;0;1;72;9800.0;3325.0;0.0
Departamento;Ciudad de los Deportes;3;0;0;80;3500.0;630.0;45.5
Departamento;Santa Fe;3;2;1;76;8750.0;2520.0;217.0
Departamento;Narvarte;2;0;0;70;6300.0;1330.0;63.0
Departamento;Condesa;3;1;0;148;9100.0;5005.0;0.0
Departamento;Santa Fe;2;1;1;80;10150.0;4200.0;0.0
Departamento;Santa Fe;2;1;1;75;8575.0;3430.0;416.5
Departamento;Polanco;2;1;1;85;8750.0;5250.0;360.5
Departamento;San Jerónimo;2;0;0;75;7000.0;1645.0;280.0
Departamento;Narvarte;3;1;1;118;10500.0;3888.5;0.0
Departamento;Santa Fe;2;1;1;93;10150.0;3640.0;976.5
Departamento;Narvarte;3;1;0;89;8750.0;2100.0;206.5
Departamento;Del Valle;3;1;0;99;8750.0;3339.0;504.0
Departamento;Santa Fe;2;1;1;88;8050.0;4427.5;598.5
Departamento;Santa Fe;2;1;1;90;6300.0;6118.0;0.0
Departamento;Nativitas;2;1;0;86;8680.0;2100.0;0.0
Departamento;Iztacalco;2;2;0;90;4550.0;1893.5;0.0
Departamento;Condesa;2;2;1;80;9800.0;2695.0;105.0
Departamento;Condesa;2;0;1;100;9800.0;3325.0;700.0
Departamento;Santa Fe;2;1;1;76;5950.0;3150.0;0.0
Departamento;San Pedro de los Pinos;3;1;0;76;10500.0;2803.5;0.0
Departamento;Condesa;2;1;0;76;8750.0;2660.0;570.5
Departamento;Santa Fe;3;2;1;116;10500.0;5239.5;1130.5
Departamento;Tlalpan;2;0;0;90;10500.0;2205.0;1365.0
Departamento;Centro Histórico;3;0;1;80;5075.0;2800.0;227.5
Departamento;Narvarte;2;0;0;106;5600.0;2345.0;455.0
Departamento;Santa Fe;3;1;1;75;9450.0;2625.0;283.5
Departamento;Roma;2;1;1;70;10150.0;2730.0;598.5
Departamento;Santa Fe;2;1;1;70;7350.0;6212.5;486.5
Departamento;Roma;2;1;0;80;7000.0;4567.5;5250.0
Departamento;Santa Fe;2;1;1;75;8750.0;2100.0;654.5
Departamento;Nativitas;2;0;1;70;5775.0;70.0;0.0
Departamento;Condesa;2;1;0;70;10500.0;2663.5;301.0
Departamento;Del Valle;3;0;0;90;9100.0;2555.0;0.0
Departamento;Condesa;3;1;0;91;10150.0;3955.0;749.0
Departamento;Roma;2;0;0;90;7700.0;1785.0;315.0
Departamento;Santa Fe;3;2;1;242;9975.0;8050.0;1323.0
Departamento;Mixcoac;2;1;1;100;4200.0;3150.0;420.0
Departamento;Narvarte;2;1;1;74;4200.0;1750.0;0.0
Departamento;Narvarte;3;0;0;75;5600.0;2380.0;322.0
Departamento;Del Valle;2;1;1;70;5250.0;2534.0;192.5
Departamento;Narvarte;2;1;1;100;9100.0;2275.0;0.0
Departamento;Narvarte;2;0;0;82;5600.0;1295.0;0.0
Departamento;La Virgen;2;0;0;72;3500.0;700.0;45.5
Departamento;Narvarte;2;0;0;75;4200.0;3087.0;245.0
Departamento;Narvarte;3;0;1;153;5600.0;1988.0;448.0
Departamento;Condesa;2;0;0;75;9800.0;3500.0;525.0
Departamento;Narvarte;3;1;1;90;6650.0;3850.0;294.0
Departamento;Condesa;2;0;0;73;9450.0;3902.5;0.0
Departamento;Santa Fe;2;1;2;82;7000.0;2800.0;0.0
Departamento;Santa Fe;2;2;1;80;10500.0;4830.0;1050.0
Departamento;Coyoacán;2;1;0;75;10500.0;2852.5;297.5
Departamento;Narvarte;2;1;1;82;8050.0;3850.0;0.0
Departamento;Condesa;2;1;0;87;10500.0;3500.0;633.5
Departamento;Narvarte;2;1;1;89;7000.0;2117.5;77.0
Departamento;Roma Norte;3;1;1;89;5600.0;2593.5;133.0
Departamento;Santa Fe;3;2;3;120;10500.0;4200.0;1225.0
Departamento;Santa Fe;2;1;1;74;6650.0;4165.0;752.5
Departamento;Narvarte;3;0;0;90;4200.0;2898.0;0.0
Departamento;Roma;3;1;1;130;9275.0;4375.0;770.0
Departamento;Napoles;1;0;0;80;10500.0;2100.0;0.0
Departamento;Condesa;3;0;0;110;9450.0;3325.0;70.0
Departamento;San Miguel Chapultepec;2;1;0;75;7000.0;1750.0;378.0
Departamento;Santa Fe;2;1;1;83;10500.0;5904.5;675.5
Departamento;Santa Fe;3;1;1;92;8050.0;2100.0;532.0
Departamento;Narvarte;3;0;0;115;6300.0;1400.0;588.0
Departamento;Narvarte;3;0;0;96;8750.0;2499.0;3150.0
Departamento;Iztacalco;2;1;0;75;2800.0;1102.5;245.0
Departamento;Narvarte;3;2;0;140;8400.0;3395.0;0.0
Departamento;Polanco;3;1;0;90;8050.0;3720.5;763.0
Departamento;Roma;2;1;0;71;9450.0;2450.0;266.0
Departamento;Santa Fe;3;1;1;107;8750.0;4368.0;1148.0
Departamento;Santa Fe;3;2;1;110;9450.0;4725.0;87.5
Departamento;San Rafael;2;1;0;82;6650.0;2523.5;360.5
Departamento;Condesa;2;0;0;115;8750.0;4592.0;73.5
Departamento;Santa Fe;3;2;3;112;10500.0;5180.0;13300.0
Departamento;Santa Fe;2;1;2;80;8050.0;3430.0;609.0
Departamento;Santa Fe;3;1;1;80;10500.0;4760.0;0.0
Departamento;Narvarte;2;1;0;81;7000.0;3325.0;0.0
Departamento;Narvarte;2;1;1;126;7700.0;3027.5;535.5
Departamento;Roma;2;0;0;70;6650.0;2100.0;70.0
Departamento;Del Valle;3;0;1;127;8400.0;3920.0;0.0
Departamento;Condesa;3;0;0;160;9800.0;4354.0;0.0
Departamento;Nueva Santa María;3;1;0;90;4200.0;2030.0;70.0
Departamento;Condesa;2;0;0;70;9450.0;1960.0;0.0
Departamento;Narvarte;3;2;1;104;7700.0;2842.0;0.0
Departamento;Condesa;3;0;1;94;5950.0;4760.0;696.5
Departamento;San Miguel Chapultepec;2;2;1;91;6300.0;2450.0;280.0
Departamento;San Rafael;2;1;1;100;8750.0;3416.0;801.5
Departamento;Condesa;2;0;0;90;10500.0;2800.0;560.0
Departamento;Narvarte;3;1;1;125;8050.0;3412.5;595.0
Departamento;Narvarte;2;0;1;80;6300.0;2100.0;0.0
Departamento;Santa Fe;2;2;2;85;9800.0;9800.0;1400.0
Departamento;Santa Fe;1;1;1;70;5250.0;5600.0;770.0
Departamento;Condesa;2;0;0;80;10150.0;2660.0;630.0
Departamento;Narvarte;2;0;0;80;4900.0;2975.0;0.0
Departamento;Polanco;3;1;0;95;10150.0;3857.0;0.0
Departamento;Narvarte;3;0;0;91;7350.0;2502.5;276.5
Departamento;Santa Fe;2;1;2;80;10500.0;4900.0;0.0
Departamento;Napoles;2;0;0;83;8400.0;2058.0;388.5
Departamento;Santa Fe;2;1;2;90;9100.0;4900.0;1050.0
Departamento;Narvarte;3;1;0;96;7000.0;3360.0;3668.0
Departamento;Santa Fe;2;1;1;80;8400.0;4200.0;0.0
Departamento;Santa Fe;2;1;1;77;8750.0;2800.0;525.0
Departamento;Peralvillo;2;1;0;73;4550.0;2450.0;2747.5
Departamento;Polanco;3;1;0;84;10500.0;2275.0;528.5
Departamento;Condesa;2;0;0;80;9450.0;2100.0;0.0
Departamento;Santa Fe;3;1;1;72;7700.0;2310.0;385.0
Departamento;Narvarte;2;1;0;76;6300.0;2971.5;367.5
Departamento;Narvarte;3;0;1;111;8050.0;2520.0;0.0
Departamento;Coyoacán;3;0;1;130;8750.0;3958.5;0.0
Departamento;Del Valle;3;1;0;120;10500.0;4130.0;455.0
Departamento;Del Valle;2;0;0;70;7000.0;1855.0;0.0
Departamento;Narvarte;3;1;1;115;6650.0;2740.5;364.0
Departamento;Santa Fe;3;2;1;105;10150.0;6310.5;857.5
Departamento;Condesa;3;1;0;103;7000.0;4200.0;700.0
Departamento;Narvarte;2;1;1;70;6300.0;1995.0;0.0
Departamento;Condesa;3;1;1;138;10500.0;3650.5;857.5
Departamento;Condesa;3;0;0;100;9450.0;3237.5;532.0
Departamento;Narvarte;3;1;1;117;6650.0;2856.0;0.0
Departamento;Narvarte;2;0;0;78;4900.0;2905.0;234.5
Departamento;Narvarte;3;0;0;83;4865.0;2275.0;280.0
Departamento;Arboledas;3;0;0;81;4200.0;945.0;0.0
Departamento;Roma;2;0;0;70;7000.0;2628.5;308.0
Departamento;El Contadero;3;1;0;78;7000.0;1225.0;290.5
Departamento;Condesa;3;0;0;106;7700.0;3108.0;560.0
Departamento;Santa Fe;2;1;1;81;6650.0;4375.0;245.0
Departamento;Roma;2;0;0;76;10500.0;2166.5;0.0
Departamento;Santa Fe;1;1;1;75;7350.0;3650.5;857.5
Departamento;Del Valle;2;1;0;90;9275.0;2100.0;353.5
Departamento;Santa Fe;1;1;1;75;6650.0;3444.0;980.0
Departamento;Santa Fe;3;1;1;70;4900.0;2625.0;462.0
Departamento;Santa Fe;2;1;1;80;7875.0;3818.5;717.5
Departamento;Lomas de Chapultepec;2;1;1;105;9450.0;6650.0;1400.0
Departamento;Santa Fe;1;1;1;70;7000.0;3395.0;595.0
Departamento;Santa Fe;2;1;1;100;8050.0;5873.0;8750.0
Departamento;Condesa;3;0;0;110;10500.0;4550.0;700.0
Departamento;Juárez;2;1;0;81;8050.0;1855.0;462.0
Departamento;Narvarte;2;1;0;79;5600.0;2450.0;283.5
Departamento;Condesa;3;0;0;110;10150.0;4900.0;350.0
Departamento;Arboledas;3;1;1;182;6300.0;4924.5;630.0
Departamento;Nativitas;2;0;0;71;3850.0;1123.5;0.0
Departamento;Santa Fe;1;1;1;75;6300.0;4200.0;700.0
Departamento;Narvarte;2;1;1;98;9800.0;3150.0;385.0
Departamento;Condesa;3;0;1;110;9800.0;1750.0;395.5
Departamento;Iztacalco;3;1;0;96;4900.0;1925.0;175.0
Departamento;Del Valle;3;1;0;120;9800.0;3850.0;0.0
Departamento;San Miguel Chapultepec;2;1;0;72;5250.0;2730.0;266.0
Departamento;Villa de Cortés;2;0;0;80;2450.0;1260.0;0.0
Departamento;Coyoacán;2;1;0;70;10500.0;3325.0;717.5
Departamento;Bosques de las Lomas;1;1;0;75;7350.0;4375.0;1193.5
Departamento;Santa Fe;2;1;1;76;7350.0;4900.0;315.0
Departamento;Coyoacán;2;0;0;80;10500.0;2975.0;525.0
Departamento;Narvarte;2;1;1;78;7696.5;2054.5;0.0
Departamento;Del Valle;3;1;0;96;9450.0;2817.5;0.0
Departamento;Del Valle;2;1;0;81;7350.0;4301.5;0.0
Departamento;Narvarte;2;1;1;74;5250.0;3080.0;0.0
Departamento;Santa Fe;3;1;3;80;9800.0;4550.0;490.0
Departamento;San Pedro de los Pinos;2;0;1;78;10500.0;1995.0;322.0
Departamento;Narvarte;2;1;1;75;6300.0;2450.0;0.0
Departamento;Santa Fe;2;1;1;80;9100.0;4847.5;654.5
Departamento;Roma;2;1;1;86;10150.0;3325.0;0.0
Departamento;Condesa;3;0;1;110;10500.0;4900.0;350.0
Departamento;Santa Fe;2;1;1;100;8400.0;3244.5;0.0
Departamento;Doctores;2;0;0;80;3500.0;1697.5;0.0
Departamento;Condesa;3;0;0;110;9450.0;3500.0;87.5
Departamento;Santa Fe;3;2;1;100;8750.0;5320.0;1225.0
Departamento;Narvarte;3;0;0;92;7000.0;2908.5;0.0
Departamento;Condesa;2;0;0;80;9800.0;1606.5;619.5
Departamento;Narvarte;3;0;1;126;9800.0;2800.0;686.0
Departamento;Santa Fe;1;1;1;70;7525.0;3976.0;910.0
Departamento;Roma;2;1;0;74;10150.0;3325.0;490.0
Departamento;Condesa;2;0;0;75;10150.0;2975.0;525.0
Departamento;Narvarte;2;1;1;119;8750.0;4200.0;0.0
Departamento;Santa Fe;3;2;1;112;10325.0;5015.5;1165.5
Departamento;Roma;2;1;1;74;10500.0;3202.5;297.5
Departamento;Condesa;2;0;0;70;7350.0;2719.5;560.0
Departamento;Roma;3;1;1;110;10500.0;2800.0;350.0
Departamento;La Florida;3;1;1;75;4900.0;2275.0;0.0
Departamento;Narvarte;2;1;1;116;9100.0;2975.0;0.0
Departamento;Narvarte;3;1;0;129;5600.0;2975.0;406.0
Departamento;Narvarte;2;1;1;70;4550.0;4375.0;350.0
Departamento;Narvarte;2;0;0;80;4200.0;2030.0;0.0
Departamento;Narvarte;3;2;1;92;6650.0;3150.0;0.0
Departamento;Roma;3;1;0;112;10500.0;4298.0;570.5
Departamento;Santa Fe;2;0;1;85;8750.0;7000.0;1046.5
Departamento;La Condesa;1;1;0;75;6650.0;2800.0;658.0
Departamento;Santa Fe;3;2;2;100;9800.0;4900.0;735.0
Departamento;Santa Fe;2;1;1;84;7700.0;6076.0;910.0
Departamento;Condesa;2;0;0;82;9975.0;2275.0;525.0
Departamento;Santa Fe;3;1;1;90;6300.0;3255.0;819.0
Departamento;Santa Fe;2;1;0;80;8050.0;3430.0;602.0
Departamento;Roma;3;0;0;85;8750.0;1064.0;0.0
Departamento;San Miguel Chapultepec;2;2;0;145;8750.0;4672.5;696.5
Departamento;Nativitas;3;0;0;73;3150.0;945.0;0.0
Departamento;Narvarte;2;1;0;160;8750.0;4025.0;0.0
Departamento;Condesa;2;1;1;81;8050.0;3790.5;0.0
Departamento;Santa Fe;2;1;1;84;8750.0;5950.0;931.0
Departamento;Santa Fe;2;1;1;90;10500.0;2205.0;0.0
Departamento;Narvarte;3;2;1;110;6650.0;3594.5;0.0
Departamento;Napoles;3;0;1;124;10500.0;3500.0;924.0
Departamento;Napoles;2;0;0;75;9450.0;3073.0;0.0
Departamento;Santa Fe;3;1;1;90;8750.0;4550.0;343.0
Departamento;Santa Fe;3;2;1;86;8750.0;3850.0;941.5
Departamento;Chapultepec;3;2;1;110;8050.0;2156.0;525.0
Departamento;Santa Fe;1;1;0;79;6650.0;7444.5;836.5
Departamento;Peralvillo;3;2;2;152;6650.0;4028.5;6972.0
Departamento;Narvarte;2;1;0;75;5250.0;2233.0;0.0
Departamento;Peralvillo;2;1;0;96;5250.0;1750.0;2849.0
Departamento;Coyoacán;2;0;0;70;10150.0;3150.0;525.0
Departamento;Santa Fe;1;0;1;72;5250.0;3675.0;805.0
Departamento;Narvarte;3;2;1;85;6300.0;2649.5;227.5
Departamento;Iztapalapa;1;0;1;70;5250.0;525.0;0.0
Departamento;Santa Fe;3;2;1;120;10150.0;4480.0;1365.0
Departamento;Bosques de las Lomas;2;1;1;82;10500.0;3500.0;11900.0
Departamento;Condesa;2;0;0;72;7350.0;4375.0;490.0
Departamento;Santa Fe;2;1;1;70;8400.0;3850.0;455.0
Departamento;Chapultepec;2;1;0;70;3150.0;1400.0;0.0
Departamento;San Miguel Chapultepec;2;0;0;77;4900.0;2275.0;1400.0
Departamento;Condesa;2;0;0;110;10500.0;2800.0;556.5
Departamento;Santa Fe;2;1;1;85;6300.0;4539.5;374.5
Departamento;Juárez;2;0;0;70;6125.0;2625.0;280.0
Departamento;Santa Fe;1;1;1;70;7350.0;3976.0;910.0
Departamento;Santa Fe;3;2;1;90;10500.0;4025.0;738.5
Departamento;Del Valle;3;1;0;119;10500.0;3675.0;647.5
Departamento;Juárez;2;1;1;75;8050.0;2537.5;402.5
Departamento;Peralvillo;3;1;1;75;5250.0;2065.0;0.0
Departamento;Condesa;2;0;0;80;9450.0;2170.0;525.0
Departamento;Condesa;2;1;1;70;10500.0;2975.0;420.0
Departamento;Roma;3;2;1;130;10500.0;4235.0;0.0
Departamento;San Miguel Chapultepec;2;0;0;74;5075.0;840.0;77.0
Departamento;Condesa;3;1;1;95;7700.0;4655.0;591.5
Departamento;Del Valle;2;1;1;76;9450.0;3447.5;0.0
Departamento;Santa Fe;2;1;1;72;4900.0;2450.0;199.5
Departamento;Roma;2;1;1;130;10500.0;3325.0;0.0
Departamento;Polanco;2;2;1;74;10325.0;4980.5;882.0
Departamento;Santa Fe;3;2;1;98;10500.0;3850.0;700.0
Departamento;Roma;2;1;1;100;10500.0;2502.5;623.0
Departamento;Narvarte;2;1;0;71;7350.0;2450.0;84.0
Departamento;Nueva Santa María;2;1;1;90;5250.0;2656.5;3850.0
Departamento;Lomas de Chapultepec;1;1;0;70;10500.0;2180.5;423.5
Departamento;Santa Fe;3;1;3;200;10500.0;4550.0;0.0
Departamento;Santa Fe;3;2;1;90;9450.0;5250.0;1155.0
Departamento;San Ángel;2;1;0;86;10465.0;1813.0;843.5
Departamento;El Contadero;3;4;0;100;8050.0;1774.5;399.0
Departamento;Condesa;2;0;0;70;7000.0;3227.0;427.0
Departamento;San Rafael;2;1;1;80;4725.0;2450.0;371.0
Departamento;Santa Fe;3;2;3;105;10500.0;5250.0;945.0
Departamento;Narvarte;3;0;1;88;7350.0;3080.0;0.0
Departamento;Santa Fe;3;2;2;85;9800.0;3335.5;654.5
Departamento;Narvarte;2;0;0;70;4550.0;1725.5;70.0
Departamento;Roma;3;0;1;80;8400.0;2275.0;399.0
Departamento;San Miguel Chapultepec;3;1;0;77;5250.0;2341.5;269.5
Departamento;Juárez;2;0;0;71;7700.0;2625.0;381.5
Departamento;Napoles;2;0;0;75;9100.0;2660.0;479.5
Departamento;Santa Fe;3;2;3;112;4900.0;4900.0;3150.0
Departamento;Condesa;2;0;0;70;8750.0;2152.5;455.0
Departamento;Del Valle;3;1;0;90;7700.0;2240.0;413.0
Departamento;Narvarte;2;0;0;80;6300.0;1050.0;332.5
Departamento;El Contadero;2;0;0;87;4025.0;1995.0;0.0
Departamento;Villa de Guadalupe;3;2;1;75;6650.0;2845.5;290.5
Departamento;Narvarte;2;0;0;72;8750.0;1925.0;315.0
Departamento;San Miguel Chapultepec;4;2;1;78;9100.0;2450.0;0.0
Departamento;Lomas de Chapultepec;1;0;0;86;7000.0;2415.0;630.0
Departamento;Narvarte;3;1;1;110;8750.0;2800.0;0.0
Departamento;Narvarte;2;1;0;70;5775.0;2380.0;0.0
Departamento;Del Valle;3;1;0;130;10500.0;3794.0;647.5
Departamento;Juárez;2;1;1;90;10500.0;2887.5;857.5
Departamento;Condesa;3;1;0;75;10500.0;2450.0;420.0
Departamento;Santa Fe;2;2;1;174;8050.0;5600.0;1575.0
Departamento;Napoles;2;0;0;70;9450.0;3073.0;0.0
Departamento;Santa Fe;1;1;1;78;7700.0;4900.0;1214.5
Departamento;Condesa;2;1;1;70;10500.0;2800.0;70.0
Departamento;Narvarte;3;2;1;99;6300.0;3850.0;0.0
Departamento;Santa Fe;3;1;1;70;7350.0;2800.0;0.0
Departamento;Narvarte;2;0;0;70;5950.0;1715.0;252.0
Departamento;Condesa;2;0;0;75;9800.0;1925.0;245.0
Departamento;Santa Fe;2;1;1;90;9625.0;4550.0;539.0
Departamento;Santa Fe;3;2;1;122;9100.0;5950.0;1029.0
Departamento;Del Valle;3;1;0;124;10150.0;4147.5;0.0
Departamento;Narvarte;3;1;1;129;5530.0;3255.0;406.0
Departamento;Santa Fe;2;1;1;78;4200.0;3846.5;521.5
Departamento;Condesa;2;1;0;75;9065.0;2800.0;0.0
Departamento;Narvarte;3;0;0;72;5600.0;1711.5;84.0
Departamento;Peralvillo;3;1;1;80;3500.0;3377.5;311.5
Departamento;Del Valle;2;1;1;83;10500.0;3167.5;528.5
Departamento;Condesa;3;0;0;99;8050.0;2275.0;248.5
Departamento;Santa Fe;2;1;1;70;4900.0;2275.0;0.0
Departamento;El Contadero;2;1;0;80;7000.0;2100.0;0.0
Departamento;Juárez;2;0;1;75;7350.0;2537.5;0.0
Departamento;Santa Fe;2;2;1;78;9800.0;4550.0;4900.0
Departamento;Narvarte;2;0;0;76;5075.0;1155.0;70.0
Departamento;San Rafael;2;1;0;92;5950.0;2450.0;0.0
Departamento;Santa Fe;2;1;1;77;7000.0;3003.0;490.0
Departamento;Narvarte;3;1;0;70;7000.0;2072.0;308.0
Departamento;Santa Fe;3;1;1;131;9800.0;4900.0;14052.5
Departamento;Narvarte;2;0;0;70;6300.0;1400.0;140.0
Departamento;Roma Norte;3;1;0;90;8050.0;2723.0;227.5
Departamento;Santa Fe;2;1;1;78;5250.0;4021.5;549.5
Departamento;Santa Fe;2;1;1;76;9800.0;3500.0;731.5
Departamento;Santa Fe;2;1;1;90;7000.0;5600.0;700.0
Departamento;Santa Fe;2;1;1;70;6650.0;3300.5;378.0
Departamento;Condesa;3;0;0;79;10500.0;4777.5;598.5
Departamento;La Condesa;2;0;0;77;7000.0;2667.0;315.0
Departamento;La Florida;2;1;0;77;4900.0;1680.0;444.5
Departamento;Polanco;2;1;0;75;10500.0;3377.5;525.0
Departamento;Condesa;3;0;0;116;7350.0;4130.0;826.0
Departamento;Santa Fe;2;1;1;80;9800.0;4536.0;0.0
Departamento;Villa de Cortés;3;0;0;100;4200.0;1400.0;0.0
Departamento;San Rafael;2;1;0;75;5250.0;1995.0;0.0
Departamento;Roma Norte;2;0;0;70;4900.0;2100.0;0.0
Departamento;Santa Fe;3;2;2;115;9800.0;5600.0;899.5
Departamento;Santa Fe;3;2;1;180;8750.0;9450.0;1613.5
Departamento;Narvarte;3;1;1;78;8050.0;2054.5;0.0
Departamento;Santa Fe;3;2;3;120;10150.0;4515.0;350.0
Departamento;Roma;3;0;1;128;9800.0;3724.0;0.0
Departamento;Coyoacán;2;0;0;85;10500.0;4200.0;0.0
Departamento;Condesa;2;1;0;78;8750.0;2957.5;476.0
Departamento;Narvarte;2;1;1;71;8400.0;3010.0;409.5
Departamento;Peralvillo;2;1;1;96;4550.0;1596.0;0.0
Departamento;Del Valle;3;1;0;97;8400.0;3850.0;0.0
Departamento;Santa Fe;2;1;1;72;5600.0;2250.5;210.0
Departamento;Santa Fe;2;1;1;90;9100.0;2800.0;787.5
Departamento;Narvarte;2;1;1;70;7350.0;3552.5;336.0
Departamento;Villa de Cortés;2;1;0;100;4200.0;875.0;0.0
Departamento;Condesa;2;0;0;80;7700.0;3675.0;612.5
Departamento;Santa Fe;1;1;1;70;4900.0;4721.5;1253.0
Departamento;Condesa;3;0;1;95;9450.0;4130.0;0.0
Departamento;Narvarte;2;1;1;70;4200.0;1575.0;332.5
Departamento;Condesa;2;0;1;110;10500.0;2800.0;556.5
Departamento;Condesa;3;0;0;122;9450.0;3083.5;0.0
Departamento;Roma;1;1;1;90;6825.0;2625.0;745.5
Departamento;Santa Fe;2;1;2;77;4900.0;4375.0;2502.5
Departamento;Del Valle;2;1;0;70;7000.0;2100.0;525.0
Departamento;Vallejo;2;1;0;88;3500.0;1907.5;0.0
Departamento;San Jerónimo;2;0;0;71;9450.0;1137.5;514.5
Departamento;Narvarte;2;1;0;70;6475.0;2397.5;343.0
Departamento;Roma;3;1;2;89;10500.0;3353.0;805.0
Departamento;Santa Fe;2;1;0;100;8750.0;4536.0;1039.5
Departamento;Álvaro Obregón;2;0;0;80;3850.0;350.0;0.0
Departamento;Nativitas;2;0;0;71;4550.0;2002.0;175.0
Departamento;Roma Norte;2;1;0;88;3850.0;2425.5;112.0
Departamento;Lindavista Sur;2;1;0;70;2275.0;1120.0;0.0
Departamento;Del Valle;2;1;0;70;6300.0;3552.5;360.5
Departamento;Santa Fe;2;0;1;98;8750.0;5764.5;0.0
Departamento;La Condesa;2;1;0;80;8400.0;2730.0;297.5
Departamento;Barrio Bravo;2;1;0;78;3150.0;1470.0;0.0
Departamento;Santa Fe;4;2;1;131;9800.0;5425.0;805.0
Departamento;Narvarte;2;2;1;185;10500.0;5418.0;784.0
Departamento;Juárez;3;1;2;85;10500.0;4830.0;805.0
Departamento;San Pedro de los Pinos;2;1;0;70;5950.0;2275.0;0.0
Departamento;Santa Fe;2;1;0;75;4025.0;4060.0;0.0
Departamento;San Miguel Chapultepec;1;1;0;72;4200.0;1960.0;290.5
Departamento;San Rafael;2;1;0;74;3150.0;2275.0;0.0
Departamento;Santa Fe;3;1;1;75;7000.0;2450.0;0.0
Departamento;Del Valle;3;0;0;110;9100.0;2849.0;385.0
Departamento;Santa Fe;2;0;0;70;5600.0;4550.0;910.0
Departamento;San Miguel Chapultepec;3;1;1;147;6300.0;2789.5;1057.0
Departamento;Narvarte;2;0;0;80;5950.0;2730.0;77.0
Departamento;Iztapalapa;2;2;1;110;7000.0;2100.0;532.0
Departamento;Condesa;2;2;1;98;9800.0;3958.5;1081.5
Departamento;Del Valle;3;0;0;95;9100.0;2901.5;0.0
Departamento;Del Valle;3;1;0;150;8050.0;5950.0;973.0
Departamento;Narvarte;3;2;1;128;9450.0;3675.0;0.0
Departamento;Lindavista;3;0;0;120;2765.0;630.0;567.0
Departamento;Santa Fe;2;0;1;70;5250.0;3745.0;0.0
Departamento;Santa Fe;2;1;1;70;3850.0;3500.0;0.0
Departamento;Narvarte;3;1;1;91;8050.0;2912.0;430.5
Departamento;Santa Fe;3;2;1;110;10500.0;5600.0;665.0
Departamento;Santa Fe;3;1;1;75;7000.0;2450.0;0.0
Departamento;San Pedro de los Pinos;2;1;0;73;10150.0;3241.0;0.0
Departamento;Santa Fe;3;2;3;120;10150.0;4480.0;1365.0
Departamento;Las Águilas;3;2;1;75;5950.0;2100.0;280.0
Departamento;Roma;2;0;0;70;10356.5;1813.0;0.0
Departamento;Narvarte;2;1;2;88;9800.0;2975.0;420.0
Departamento;Santa Fe;2;2;1;76;9800.0;4725.0;4200.0
Departamento;Del Valle;3;0;0;150;9800.0;4060.0;700.0
Departamento;Santa Fe;2;0;0;79;10325.0;3500.0;605.5
Departamento;Narvarte;2;0;1;90;8225.0;2975.0;350.0
Departamento;Santa Fe;2;2;1;85;7525.0;3115.0;560.0
Departamento;Narvarte;3;1;0;85;8750.0;3167.5;640.5
Departamento;Roma;2;1;0;76;9275.0;2380.0;525.0
Departamento;Peralvillo;3;1;2;100;8050.0;3479.0;0.0
Departamento;Condesa;2;0;0;80;10500.0;2765.0;360.5
Departamento;Narvarte;3;2;1;109;8750.0;2597.0;367.5
Departamento;San Pedro de los Pinos;2;0;0;85;7700.0;2702.0;399.0
Departamento;Narvarte;3;0;0;96;6650.0;1799.0;318.5
Departamento;Condesa;2;1;0;94;10500.0;4718.0;283.5
Departamento;Santa Fe;2;1;1;100;9800.0;5708.5;703.5
Departamento;Condesa;3;0;0;90;10500.0;3220.0;371.0
Departamento;Santa Fe;2;1;1;88;9100.0;4900.0;4200.0
Departamento;Narvarte;3;1;0;92;5600.0;2275.0;73.5
Departamento;El Contadero;2;1;1;92;6650.0;1925.0;532.0
Departamento;Santa Fe;3;1;3;83;9450.0;4375.0;420.0
Departamento;San Miguel Chapultepec;3;1;1;100;7350.0;2800.0;798.0
Departamento;Condesa;2;1;1;93;10500.0;3010.0;1008.0
Departamento;Condesa;2;0;0;71;6650.0;4200.0;546.0
Departamento;Santa Fe;4;2;4;153;10500.0;6443.5;1536.5
Departamento;Lomas de Chapultepec;2;0;0;80;10325.0;3080.0;567.0
Departamento;Condesa;2;0;0;75;7000.0;2275.0;283.5
Departamento;Santa Fe;3;2;1;104;9450.0;4319.0;0.0
Departamento;San Miguel Chapultepec;3;0;0;90;5600.0;1260.0;297.5
Departamento;Santa Fe;2;1;1;70;8750.0;3325.0;350.0
Departamento;Santa Fe;2;1;1;100;8750.0;6135.5;875.0
Departamento;Santa Fe;1;1;0;81;5250.0;7455.0;826.0
Departamento;Narvarte;3;0;1;170;8750.0;5950.0;0.0
Departamento;Santa Fe;2;1;1;94;8750.0;6300.0;94.5
Departamento;Condesa;3;1;0;86;5250.0;4340.0;0.0
Departamento;Del Valle;3;1;0;100;9800.0;4900.0;875.0
Departamento;Del Valle;2;0;0;70;8750.0;2800.0;297.5
Departamento;Narvarte;3;2;0;160;9800.0;2800.0;350.0
Departamento;Santa Fe;2;0;2;73;5600.0;5250.0;350.0
Departamento;Santa Fe;2;1;1;79;9800.0;441.0;630.0
Departamento;Santa Fe;2;1;1;100;8750.0;5712.0;819.0
Departamento;Condesa;2;1;0;79;8750.0;2670.5;595.0
Departamento;Lomas de Chapultepec;2;0;0;75;9800.0;2835.0;0.0
Departamento;Narvarte;2;1;1;100;8750.0;3174.5;490.0
Departamento;Narvarte;3;2;1;100;7350.0;1925.0;332.5
Departamento;Santa Fe;2;1;1;72;8050.0;4200.0;843.5
Departamento;Peralvillo;2;1;1;72;4550.0;1890.0;2100.0
Departamento;Santa Fe;2;1;1;83;7000.0;4900.0;4550.0
Departamento;Del Valle;2;0;0;80;7350.0;2450.0;385.0
Departamento;Centro Histórico;3;0;0;100;3850.0;2173.5;0.0
Departamento;Narvarte;3;2;1;148;9450.0;5250.0;742.0
Departamento;Narvarte;3;1;0;110;6650.0;1795.5;504.0
Departamento;Narvarte;3;1;1;79;5250.0;2520.0;0.0
Departamento;Narvarte;3;1;1;102;5915.0;3395.0;462.0
Departamento;Del Valle;2;0;0;98;7700.0;2831.5;0.0
Departamento;Condesa;4;0;0;170;9800.0;4375.0;1211.0
Departamento;Condesa;2;0;0;77;8750.0;2170.0;420.0
Departamento;Condesa;3;0;0;85;9800.0;3360.0;420.0
Departamento;Santa Fe;4;2;2;110;9800.0;6300.0;770.0
Departamento;Santa Fe;2;1;2;77;5250.0;4200.0;2502.5
Departamento;Santa Fe;2;1;1;90;9100.0;4865.0;0.0
Departamento;Narvarte;4;2;1;153;8750.0;3342.5;861.0
Departamento;Santa Fe;2;1;1;78;9800.0;3850.0;248.5
Departamento;San Rafael;3;0;0;103;6300.0;2030.0;0.0
Departamento;Santa Fe;1;1;1;70;10500.0;4900.0;0.0
Departamento;Ciudad de los Deportes;4;2;3;245;9450.0;4830.0;507.5
Departamento;Santa Fe;2;1;1;90;9100.0;4550.0;682.5
Departamento;Condesa;3;0;0;80;10500.0;3500.0;70.0
Departamento;Mixcoac;1;0;0;76;2800.0;1452.5;49.0
Departamento;San Miguel Chapultepec;3;0;1;100;7700.0;700.0;70.0
Departamento;Santa Fe;3;2;1;109;10500.0;5250.0;1155.0
Departamento;Narvarte;3;1;2;104;8750.0;3150.0;5880.0
Departamento;Coyoacán;2;0;0;84;10500.0;2625.0;679.0
Departamento;Narvarte;3;2;1;110;6300.0;4900.0;465.5
Departamento;San Miguel Chapultepec;2;0;0;70;4550.0;770.0;0.0
Departamento;San Miguel Chapultepec;2;1;1;75;10150.0;2030.0;350.0
Departamento;Condesa;2;1;0;70;6300.0;5775.0;770.0
Departamento;Santa Fe;2;0;1;75;10500.0;4375.0;504.0
Departamento;Doctores;3;0;0;80;4900.0;1225.0;700.0
Departamento;Roma;3;0;0;118;10500.0;3636.5;427.0
Departamento;Santa Fe;2;1;0;80;8050.0;3500.0;420.0
Departamento;Santa Fe;4;2;0;158;8750.0;5677.0;0.0
Departamento;Santa Fe;3;2;1;130;10500.0;6394.5;0.0
Departamento;Santa Fe;3;2;3;110;8750.0;5201.0;0.0
Departamento;Condesa;3;0;0;110;10500.0;4375.0;437.5
Departamento;Napoles;2;0;0;75;9450.0;3073.0;0.0
Departamento;Santa Fe;3;2;1;104;9100.0;5950.0;700.0
Departamento;Santa Fe;1;1;1;75;5950.0;3255.0;546.0
Departamento;Condesa;3;0;1;90;8750.0;4900.0;759.5
Departamento;Narvarte;3;0;0;80;5110.0;1592.5;434.0
Departamento;Condesa;3;0;0;120;7350.0;3724.0;1162.0
Departamento;San Rafael;3;2;2;107;10150.0;3990.0;647.5
Departamento;La Florida;3;1;1;73;4550.0;2677.5;294.0
Departamento;Coyoacán;3;1;1;104;10500.0;2576.0;724.5
Departamento;Narvarte;3;0;0;72;3850.0;1533.0;80.5
Departamento;Santa Fe;2;1;1;70;6300.0;2100.0;420.0
Departamento;Santa Fe;3;2;1;75;6300.0;3430.0;700.0
Departamento;Narvarte;3;0;0;85;6300.0;3269.0;0.0
Departamento;Santa Fe;2;1;1;80;7700.0;4130.0;0.0
Departamento;Narvarte;3;2;1;100;7000.0;2751.0;630.0
Departamento;Roma Norte;2;0;0;75;3850.0;1680.0;164.5
Departamento;Narvarte;3;1;1;90;9100.0;3440.5;577.5
Departamento;Ciudad de los Deportes;3;1;2;70;5600.0;1949.5;269.5
Departamento;Roma;2;0;0;75;8400.0;1960.0;392.0
Departamento;Condesa;2;0;0;72;9800.0;3500.0;3031.0
Departamento;Santa Fe;2;1;1;85;9100.0;4200.0;1050.0
Departamento;Santa Fe;3;1;1;79;8750.0;2765.0;140.0
Departamento;Las Águilas;3;1;2;70;5600.0;2625.0;0.0
Departamento;Peralvillo;2;1;0;77;4550.0;1050.0;252.0
Departamento;Narvarte;3;0;1;170;9975.0;6055.0;0.0
Departamento;Arboledas;3;1;0;75;3500.0;2100.0;525.0
Departamento;Santa Fe;3;0;1;90;10500.0;2800.0;70.0
Departamento;Santa Fe;2;1;0;80;5775.0;3500.0;738.5
Departamento;Roma;2;1;0;78;9450.0;3458.0;465.5
Departamento;Santa Fe;3;1;1;90;8750.0;5131.0;581.0
Departamento;Santa Fe;3;1;2;93;8050.0;3010.0;0.0
Departamento;San Miguel Chapultepec;2;1;1;76;5600.0;2800.0;0.0
Departamento;Narvarte;2;0;0;70;4830.0;1743.0;0.0
Departamento;Roma;2;0;0;84;8050.0;2380.0;616.0
Departamento;Santa Fe;1;1;1;70;6300.0;3937.5;1214.5
Departamento;Narvarte;2;0;0;83;5600.0;1785.0;0.0
Departamento;Condesa;3;0;0;87;8575.0;2534.0;658.0
Departamento;Ciudad de los Deportes;2;1;0;76;3080.0;1540.0;45.5
Departamento;Narvarte;3;0;0;85;7000.0;2502.5;280.0
Departamento;Condesa;2;0;0;90;7350.0;4242.0;658.0
Departamento;Condesa;2;1;0;84;8750.0;2800.0;483.0
Departamento;Narvarte;2;0;1;74;7000.0;1400.0;0.0
Departamento;Santa Fe;2;1;1;70;10500.0;2625.0;525.0
Departamento;Santa Fe;3;2;1;129;8050.0;4200.0;630.0
Departamento;Santa Fe;3;1;1;100;9100.0;5719.0;640.5
Departamento;Narvarte;3;2;1;123;8750.0;4200.0;490.0
Departamento;Santa Fe;2;1;1;73;5950.0;4242.0;409.5
Departamento;Santa Fe;3;2;2;85;9800.0;3335.5;654.5
Departamento;Narvarte;3;1;1;116;6650.0;4973.5;0.0
Departamento;Del Valle;2;0;0;85;7000.0;2849.0;427.0
Departamento;Del Valle;2;0;0;85;9100.0;1767.5;472.5
Departamento;Lindavista;3;0;0;115;2765.0;630.0;1946.0
Departamento;Santa Fe;3;0;1;135;10150.0;7000.0;0.0
Departamento;Roma Norte;2;0;0;70;3500.0;1641.5;336.0
Departamento;Santa Fe;2;1;1;95;7700.0;2730.0;630.0
Departamento;Santa Fe;2;1;1;70;7350.0;2635.5;0.0
Departamento;Narvarte;2;0;0;70;5950.0;777.0;87.5
Departamento;Narvarte;3;0;0;80;4900.0;2887.5;80.5
Departamento;Roma Norte;2;0;0;75;4200.0;1610.0;105.0
Departamento;Napoles;2;0;0;75;9450.0;3073.0;0.0
Departamento;Bosques de las Lomas;2;1;1;71;9975.0;4480.0;1113.0
Departamento;Santa Fe;2;1;1;88;8050.0;4714.5;0.0
Departamento;Del Valle;3;1;0;137;10150.0;2800.0;0.0
Departamento;Santa Fe;3;2;1;105;10500.0;6125.0;1127.0
Departamento;Santa Fe;4;3;1;158;9450.0;5677.0;0.0
Departamento;Condesa;2;1960;0;80;5600.0;3150.0;350.0
Departamento;Santa Fe;1;2;1;186;8750.0;5250.0;1400.0
Departamento;Del Valle;3;1;0;120;10500.0;3850.0;528.5
Departamento;San Pedro de los Pinos;2;0;0;88;8400.0;2555.0;0.0
Departamento;Santa Fe;2;1;1;78;5950.0;3150.0;455.0
Departamento;Del Valle;3;0;0;100;4200.0;630.0;73.5
Departamento;Napoles;3;1;1;100;7700.0;6650.0;595.0
Departamento;Peralvillo;2;1;0;70;2800.0;1225.0;0.0
Departamento;Arboledas;2;1;0;81;4375.0;2096.5;45.5
Departamento;San Miguel Chapultepec;3;2;1;180;8750.0;2975.0;11200.0
Departamento;Santa Fe;2;2;1;174;7700.0;6300.0;0.0
Departamento;Del Valle;3;0;0;111;8750.0;2684.5;0.0
Departamento;Del Valle;3;1;1;102;10500.0;3045.0;0.0
Departamento;Roma;2;0;0;73;8400.0;1610.0;161.0
Departamento;Narvarte;2;0;0;70;6300.0;770.0;0.0
Departamento;Santa Fe;1;1;0;70;6300.0;3955.0;980.0
Departamento;San Miguel Chapultepec;2;0;0;80;5250.0;1729.0;297.5
Departamento;Condesa;2;0;0;96;8750.0;3675.0;1190.0
Departamento;Narvarte;3;1;1;87;7700.0;2975.0;0.0
Departamento;Juárez;1;0;0;70;8400.0;1750.0;0.0
Departamento;Narvarte;2;0;0;70;5250.0;2061.5;0.0
Departamento;Condesa;3;0;0;75;5600.0;4014.5;458.5
Departamento;Santa Fe;3;2;1;70;6300.0;3552.5;556.5
Departamento;Condesa;3;0;0;90;10150.0;3430.0;525.0
Departamento;Santa Fe;3;1;2;80;5950.0;3185.0;371.0
Departamento;Santa Fe;1;1;0;70;6650.0;3675.0;0.0
Departamento;Santa Fe;1;1;1;84;7000.0;4550.0;0.0
Departamento;San Miguel Chapultepec;2;1;1;70;5250.0;1792.0;308.0
Departamento;La Merced;2;0;0;70;4900.0;875.0;0.0
Departamento;Santa Fe;2;1;2;84;8750.0;5414.5;0.0
Departamento;Peralvillo;3;1;1;167;7350.0;4200.0;0.0
Departamento;Condesa;3;0;1;150;9450.0;808.5;343.0
Departamento;Del Valle;3;1;0;137;10150.0;2800.0;0.0
Departamento;Ajusco;2;1;1;74;7700.0;4725.0;497.0
Departamento;San Jerónimo;2;1;0;90;10150.0;2695.0;5967.5
Departamento;Santa Fe;1;2;1;72;10500.0;4550.0;350.0
Departamento;Centro Histórico;2;1;1;70;9800.0;2100.0;525.0
Departamento;Santa Fe;2;1;1;84;7875.0;4571.0;700.0
Departamento;Del Valle;3;1;0;99;8050.0;2688.0;437.5
Departamento;Santa Fe;2;1;1;74;8400.0;3258.5;553.0
Departamento;Condesa;1;0;0;70;8750.0;2380.0;315.0
Departamento;Nativitas;2;0;0;70;4200.0;2380.0;280.0
Departamento;Narvarte;2;1;0;80;6300.0;1575.0;336.0
Departamento;Narvarte;2;0;0;84;5600.0;1050.0;0.0
Departamento;Santa Fe;2;1;0;84;7700.0;4987.5;980.0
Departamento;Peralvillo;3;1;1;102;6650.0;3619.0;497.0
Departamento;Arboledas;2;1;1;70;4725.0;1610.0;0.0
Departamento;Del Valle;3;1;1;130;9450.0;3850.0;836.5
Departamento;Santa Fe;2;1;0;77;8750.0;2450.0;5250.0
Departamento;Roma;3;0;1;84;8400.0;2761.5;549.5
Departamento;Santa Fe;3;1;2;94;10500.0;2912.0;0.0
Departamento;Culhuacán CTM;2;1;0;78;2450.0;2068.5;0.0
Departamento;Roma;2;0;0;79;7700.0;3083.5;385.0
Departamento;Peralvillo;2;1;1;74;4200.0;2275.0;213.5
Departamento;Narvarte;3;2;1;90;8750.0;2800.0;0.0
Departamento;Narvarte;2;1;0;70;4550.0;2205.0;70.0
Departamento;Ciudad de los Deportes;3;2;1;120;4900.0;875.0;0.0
Departamento;Santa Fe;2;1;1;72;5250.0;3181.5;3920.0
Departamento;Narvarte;3;1;0;90;7700.0;2100.0;290.5
Departamento;Narvarte;2;0;0;70;5250.0;2467.5;217.0
Departamento;Roma Norte;2;1;0;90;8050.0;2723.0;248.5
Departamento;San Andrés Tetepilco;2;2;1;90;6300.0;2205.0;0.0
Departamento;Lomas de Chapultepec;2;1;0;78;10500.0;3080.0;735.0
Departamento;Narvarte;2;1;0;73;5950.0;1750.0;0.0
Departamento;San Rafael;1;0;0;70;4550.0;105.0;0.0
Departamento;Santa Fe;3;2;1;84;5600.0;2625.0;0.0
Departamento;Polanco;3;0;0;90;10500.0;1032.5;700.0
Departamento;Santa Fe;2;1;1;78;7700.0;3675.0;3500.0
Departamento;Narvarte;2;1;1;85;6300.0;2968.0;374.5
Departamento;Santa Fe;2;1;1;80;8750.0;4245.5;392.0
Departamento;Narvarte;2;1;0;73;6300.0;2205.0;0.0
Departamento;Roma;2;1;1;86;10150.0;3325.0;0.0
Departamento;Roma Norte;2;1;0;71;3290.0;1925.0;49.0
Departamento;Roma;2;1;1;70;9450.0;2919.0;343.0
Departamento;Roma;2;1;1;90;10500.0;2891.0;630.0
Departamento;Del Valle;2;1;0;70;7000.0;2450.0;500.5
Departamento;Condesa;2;1;1;70;8750.0;2625.0;385.0
Departamento;San Ángel;2;0;0;80;9450.0;2229.5;455.0
Departamento;Santa Fe;2;1;0;91;7000.0;3850.0;0.0
Departamento;San Pedro de los Pinos;3;1;1;90;9975.0;4060.0;910.0
Departamento;Del Valle;2;0;0;70;8750.0;2450.0;420.0
Departamento;Narvarte;5;2;2;240;10500.0;5005.0;1918.0
Departamento;Santa Fe;2;1;1;72;5600.0;3342.5;6069.0
Departamento;Roma Norte;3;0;0;98;7000.0;2100.0;105.0
Departamento;Santa Fe;3;1;1;75;5950.0;2660.0;0.0
Departamento;Santa Fe;2;1;1;80;9100.0;2625.0;2625.0
Departamento;Narvarte;2;0;0;70;4200.0;3150.0;287.0
Departamento;Narvarte;3;1;0;80;6650.0;2261.0;140.0
Departamento;Del Valle;3;0;0;137;10150.0;2800.0;700.0
Departamento;Atlalilco;3;1;1;100;5600.0;875.0;350.0
Departamento;Del Valle;3;1;1;110;10325.0;4200.0;798.0
Departamento;Peralvillo;3;1;0;79;4550.0;2450.0;315.0
Departamento;Santa Fe;1;2;0;78;7700.0;1421.0;332.5
Departamento;San Miguel Chapultepec;3;0;1;115;7350.0;1575.0;315.0
Departamento;Roma Norte;2;1;1;89;7350.0;1855.0;315.0
Departamento;Santa Fe;1;1;0;79;4550.0;6797.0;840.0
Departamento;Santa Fe;2;1;1;100;9100.0;5425.0;0.0
Departamento;Las Águilas;3;2;1;74;5250.0;2275.0;0.0
Departamento;Lomas de Chapultepec;2;0;0;70;8750.0;2429.0;668.5
Departamento;Narvarte;2;1;1;87;6300.0;3461.5;647.5
Departamento;Santa Fe;2;2;0;78;8750.0;2450.0;525.0
Departamento;Narvarte;3;0;0;105;7000.0;1792.0;455.0
Departamento;Bosques de las Lomas;2;1;1;80;9800.0;2534.0;710.5
Departamento;Nueva Santa María;2;1;1;80;3850.0;1680.0;245.0
Departamento;Condesa;2;1;1;75;10500.0;3150.0;521.5
Departamento;Narvarte;2;1;0;80;7000.0;2275.0;434.0
Departamento;Santa Fe;3;1;1;112;9096.5;5075.0;840.0
Departamento;Narvarte;2;1;0;88;4200.0;2240.0;0.0
Departamento;Roma Norte;2;1;0;81;2450.0;3097.5;311.5
Departamento;Santa Fe;2;1;1;87;7000.0;3850.0;420.0
Departamento;Santa Fe;3;2;0;105;10150.0;5250.0;927.5
Departamento;Santa Fe;3;2;2;179;6965.0;6254.5;1564.5
Departamento;Coyoacán;2;0;0;90;9450.0;5523.0;854.0
Departamento;Narvarte;2;1;0;85;6475.0;1540.0;168.0
Departamento;Santa Fe;2;1;1;72;7000.0;2800.0;217.0
Departamento;Narvarte;3;1;0;85;8750.0;2275.0;290.5
Departamento;Santa Fe;3;2;1;110;8015.0;5600.0;875.0
Departamento;Santa Fe;2;1;1;103;10500.0;6125.0;7000.0
Departamento;Condesa;2;0;0;70;8750.0;2450.0;315.0
Departamento;Santa Fe;2;1;1;70;8400.0;2800.0;0.0
Departamento;Narvarte;3;0;0;104;6300.0;1400.0;0.0
Departamento;Narvarte;2;1;1;90;8750.0;2100.0;455.0
Departamento;Doctores;3;1;1;94;3150.0;2100.0;0.0
Departamento;Coyoacán;2;0;0;73;7700.0;1960.0;738.5
Departamento;San Ángel;3;0;0;120;9450.0;3080.0;833.0
Departamento;Santa Fe;4;1;1;120;8575.0;6223.0;1312.5
Departamento;Peralvillo;3;1;1;87;4200.0;2415.0;311.5
Departamento;Condesa;3;0;0;80;8750.0;4011.0;336.0
Departamento;Roma;2;1;0;73;8050.0;2800.0;0.0
Departamento;Doctores;3;1;1;90;6300.0;2275.0;262.5
Departamento;Juárez;2;0;0;84;9275.0;3010.0;556.5
Departamento;Santa Fe;2;1;1;78;7700.0;3850.0;315.0
Departamento;San Ángel;3;0;1;120;10150.0;3080.0;836.5
Departamento;Bosques de las Lomas;2;1;1;78;10500.0;3745.0;0.0
Departamento;Santa Fe;3;2;1;110;10500.0;4550.0;8750.0
Departamento;Santa Fe;2;1;1;80;7000.0;4725.0;0.0
Departamento;Condesa;3;0;1;100;8750.0;3500.0;420.0
Departamento;Condesa;3;1;1;110;10500.0;4571.0;1015.0
Departamento;Narvarte;3;1;1;118;9100.0;2079.0;563.5
Departamento;Narvarte;4;1;0;131;9800.0;2047.5;4819.5
Departamento;La Virgen;2;0;0;70;3325.0;1400.0;56.0
Departamento;San Rafael;2;0;0;72;5600.0;2870.0;0.0
Departamento;Roma;3;1;1;82;10500.0;3150.0;605.5
Departamento;Polanco;3;1;0;73;9450.0;3710.0;588.0
Departamento;Peralvillo;2;1;1;70;5950.0;2275.0;2065.0
Departamento;Coyoacán;3;0;1;110;10500.0;5600.0;1025.5
Departamento;Del Valle;3;0;0;110;9100.0;2730.0;210.0
Departamento;Narvarte;3;1;0;100;7000.0;2800.0;0.0
Departamento;Santa Fe;2;1;0;75;4025.0;4060.0;0.0
Departamento;Condesa;3;1;1;75;9450.0;2145.5;0.0
Departamento;Narvarte;4;2;1;135;10500.0;4725.0;700.0
Departamento;Santa Fe;1;1;0;75;6650.0;3444.0;980.0
Departamento;Condesa;3;1;0;160;8750.0;7700.0;1050.0
Departamento;San Pedro de los Pinos;2;1;0;83;5600.0;2628.5;0.0
Departamento;Narvarte;2;1;0;79;7000.0;3118.5;0.0
Departamento;Narvarte;2;1;0;76;8750.0;2534.0;0.0
Departamento;Roma;2;1;1;90;10325.0;3591.0;752.5
Departamento;Condesa;3;1;0;105;8750.0;4900.0;770.0
Departamento;Bosques de las Lomas;2;1;1;82;9800.0;4445.0;819.0
Departamento;Santa Fe;3;1;1;110;10150.0;2520.0;980.0
Departamento;Condesa;3;0;0;120;9450.0;4154.5;1067.5
Departamento;Narvarte;2;1;0;70;7000.0;1841.0;2674.0
Departamento;Santa Fe;2;2;0;161;10500.0;11651.5;1578.5
Departamento;San Rafael;3;0;0;90;5775.0;875.0;245.0
Departamento;Condesa;2;1;0;80;9100.0;2957.5;315.0
Departamento;Del Valle;2;0;0;70;9450.0;2625.0;339.5
Departamento;Santa Fe;2;2;1;140;6650.0;3325.0;630.0
Departamento;Condesa;2;0;0;74;7700.0;3325.0;0.0
Departamento;Las Águilas;3;2;1;84;7000.0;3150.0;2884.0
Departamento;Villa de Cortés;3;1;0;70;4200.0;700.0;0.0
Departamento;Roma;3;0;0;118;10500.0;3636.5;427.0
Departamento;Narvarte;3;1;1;93;10500.0;5453.0;0.0
Departamento;Juárez;2;0;0;70;9450.0;2100.0;252.0
Departamento;Santa Fe;4;3;4;148;5250.0;5600.0;686.0
Departamento;San Miguel Chapultepec;2;0;0;80;3500.0;1750.0;87.5
Departamento;San Pedro de los Pinos;2;1;1;80;9625.0;2639.0;374.5
Departamento;Narvarte;3;2;1;135;8750.0;4340.0;0.0
Departamento;Narvarte;3;0;0;100;5600.0;1575.0;364.0
Departamento;Narvarte;3;1;0;148;7700.0;3465.0;686.0
Departamento;San Miguel Chapultepec;3;0;0;75;5250.0;2030.0;0.0
Departamento;Narvarte;3;0;0;96;6300.0;3500.0;336.0
Departamento;Santa Fe;3;2;1;92;9975.0;4077.5;955.5
Departamento;San Pedro de los Pinos;2;1;0;70;10150.0;3150.0;0.0
Departamento;Condesa;3;0;0;110;9450.0;3500.0;770.0
Departamento;San Miguel Chapultepec;2;1;0;84;5950.0;1925.0;378.0
Departamento;Narvarte;3;2;1;110;7875.0;3150.0;0.0
Departamento;La Condesa;2;0;0;70;7700.0;2030.0;287.0
Departamento;Arboledas;2;1;0;80;3850.0;1288.0;245.0
Departamento;Del Valle;4;0;0;110;9100.0;2684.5;444.5
Departamento;Arboledas;2;1;1;73;4200.0;2625.0;0.0
Departamento;Narvarte;2;1;1;70;7700.0;2380.0;245.0
Departamento;Roma;3;0;1;88;8750.0;2002.0;532.0
Departamento;Narvarte;3;1;1;106;7000.0;3150.0;0.0
Departamento;Bosques de las Lomas;1;1;0;70;7700.0;4725.0;1060.5
Departamento;Peralvillo;2;1;1;75;4200.0;1610.0;0.0
Departamento;Narvarte;2;2;1;100;5600.0;2835.0;483.0
Departamento;Lomas de Chapultepec;1;0;0;70;9450.0;3745.0;616.0
Departamento;Condesa;3;0;0;84;8050.0;2520.0;444.5
Departamento;Narvarte;3;1;0;110;8715.0;3850.0;493.5
Departamento;Narvarte;2;1;1;95;5775.0;3500.0;0.0
Departamento;Condesa;3;0;0;90;10150.0;3150.0;0.0
Departamento;Narvarte;2;1;0;84;6475.0;3290.0;665.0
Departamento;Santa Fe;2;1;1;88;7700.0;5239.5;840.0
Departamento;Santa Fe;2;1;1;86;8750.0;3500.0;609.0
Departamento;Narvarte;3;0;0;80;6300.0;1722.0;315.0
Departamento;Santa Fe;4;2;1;115;9800.0;6300.0;875.0
Departamento;Narvarte;3;2;1;82;9100.0;3577.0;630.0
Departamento;Lindavista Sur;3;2;2;194;5950.0;4025.0;493.5
Departamento;Polanco;2;1;0;80;8750.0;2765.0;679.0
Departamento;Polanco;2;1;1;72;9800.0;3290.0;490.0
Departamento;Narvarte;2;0;1;74;7700.0;2275.0;525.0
Departamento;Santa Fe;2;3;2;115;8750.0;13300.0;2100.0
Departamento;Narvarte;2;1;0;85;5950.0;2030.0;350.0
Departamento;Santa Fe;3;1;1;74;7875.0;2100.0;259.0
Departamento;Narvarte;3;1;0;103;6825.0;2135.0;346.5
Departamento;Narvarte;2;1;1;90;8400.0;2800.0;280.0
Departamento;Condesa;3;0;0;80;7700.0;875.0;70.0
Departamento;Del Valle;3;0;0;120;9450.0;2450.0;455.0
Departamento;Santa Fe;1;1;1;70;8400.0;3500.0;910.0
Departamento;Peralvillo;2;1;0;80;3500.0;1855.0;87.5
Departamento;Santa Fe;2;1;1;78;6300.0;2205.0;210.0
Departamento;Narvarte;3;1;0;170;10500.0;3307.5;787.5
Departamento;Roma;2;1;1;104;10500.0;3850.0;6300.0
Departamento;Roma Norte;2;1;1;90;5250.0;2240.0;0.0
Departamento;Santa Fe;2;1;1;74;7000.0;3871.0;0.0
Departamento;Santa Fe;3;2;2;72;8400.0;2135.0;234.5
Departamento;Santa Fe;1;1;0;82;6300.0;7350.0;868.0
Departamento;Roma;2;1;1;70;8750.0;2579.5;0.0
Departamento;Roma;2;0;0;80;8750.0;2800.0;0.0
Departamento;Del Valle;3;2;0;155;5250.0;9100.0;1148.0
Departamento;Narvarte;3;1;0;115;7875.0;3500.0;0.0
Departamento;Del Valle;1;0;0;70;6300.0;2800.0;280.0
Departamento;Condesa;3;0;0;92;6650.0;4851.0;388.5
Departamento;Condesa;4;1;1;239;10500.0;7000.0;12950.0
Departamento;Roma Norte;4;0;0;95;10500.0;700.0;0.0
Departamento;Narvarte;3;1;0;85;7000.0;3272.5;0.0
Departamento;Condesa;2;0;0;70;7000.0;2520.0;0.0
Departamento;Condesa;3;0;0;80;9450.0;2660.0;630.0
Departamento;Narvarte;2;1;1;90;8750.0;3395.0;577.5
Departamento;Napoles;2;0;0;82;9800.0;2590.0;0.0
Departamento;Peralvillo;2;1;1;70;4550.0;2156.0;0.0
Departamento;Condesa;3;0;0;100;10500.0;2275.0;0.0
Departamento;Villa de Guadalupe;3;1;1;71;5250.0;2205.0;0.0
Departamento;Del Valle;2;1;0;110;10500.0;2800.0;248.5
Departamento;Del Valle;3;0;0;125;9450.0;2100.0;119.0
Departamento;Santa Fe;3;2;1;104;8400.0;2800.0;717.5
Departamento;Peralvillo;3;1;1;70;4900.0;1708.0;266.0
Departamento;Polanco;1;1;0;72;10500.0;3132.5;612.5
Departamento;Narvarte;2;1;1;75;4550.0;1925.0;0.0
Departamento;Peralvillo;3;1;1;93;4900.0;3444.0;294.0
Departamento;Santa Fe;2;1;2;80;6650.0;3500.0;630.0
Departamento;Polanco;2;0;1;74;9800.0;4980.5;0.0
Departamento;Santa Fe;2;1;1;85;10325.0;2450.0;213.5
Departamento;Narvarte;3;2;1;119;8750.0;2905.0;0.0
Departamento;Santa Fe;2;1;1;74;7000.0;4550.0;875.0
Departamento;Santa Fe;3;2;1;110;9800.0;3850.0;1263.5
Departamento;San Pedro de los Pinos;2;1;1;105;8050.0;4480.0;808.5
Departamento;Narvarte;2;1;0;70;5250.0;2520.0;262.5
Departamento;Narvarte;3;1;0;73;7350.0;2275.0;339.5
Departamento;Santa Fe;2;2;1;80;10500.0;4830.0;1050.0
Departamento;El Contadero;3;0;0;80;5950.0;1330.0;455.0
Departamento;Nueva Santa María;3;0;0;80;5250.0;1575.0;0.0
Departamento;Santa Fe;3;2;1;141;10500.0;4987.5;1302.0
Departamento;San Miguel Chapultepec;2;1;0;74;4900.0;2205.0;0.0
Departamento;Narvarte;3;1;1;105;8225.0;3125.5;514.5
Departamento;Santa Fe;1;1;0;74;8050.0;4294.5;518.0
Departamento;Santa Fe;2;1;1;70;8400.0;3325.0;448.0
Departamento;Coyoacán;2;1;1;87;10500.0;3500.0;0.0
Departamento;Condesa;3;0;0;110;9450.0;3500.0;70.0
Departamento;El Contadero;2;1;0;95;5775.0;1417.5;2170.0
Departamento;Coyoacán;2;0;0;76;8050.0;2275.0;567.0
Departamento;Peralvillo;3;2;1;77;5600.0;2275.0;0.0
Departamento;Las Águilas;3;1;1;73;5600.0;2086.0;35.0
Departamento;Condesa;2;0;0;108;10325.0;4025.0;0.0
Departamento;Condesa;2;0;0;85;9800.0;2625.0;416.5
Departamento;Narvarte;2;0;0;77;6300.0;1767.5;0.0
Departamento;Santa Fe;2;1;1;74;6300.0;3850.0;420.0
Departamento;Peralvillo;2;1;1;78;4200.0;2310.0;206.5
Departamento;Roma;2;0;0;100;10500.0;2555.0;490.0
Departamento;Tepalcatlalpan;2;1;0;80;2800.0;885.5;0.0
Departamento;Santa Fe;2;1;1;90;8750.0;3850.0;469.0
Departamento;Santa Fe;2;1;2;70;6125.0;2369.5;0.0
Departamento;Condesa;2;0;0;80;10500.0;2345.0;0.0
Departamento;Narvarte;3;1;1;79;6825.0;3850.0;0.0
Departamento;Condesa;3;0;0;90;10500.0;2975.0;525.0
Departamento;Narvarte;2;1;0;76;4900.0;2702.0;290.5
Departamento;Condesa;2;0;0;80;8750.0;2800.0;0.0
Departamento;Condesa;3;0;0;114;9800.0;2975.0;710.5
Departamento;Narvarte;4;1;0;131;9800.0;2047.5;4819.5
Departamento;Santa Fe;3;2;1;100;10500.0;5950.0;0.0
Departamento;Santa Fe;2;1;1;80;8750.0;3360.0;0.0
Departamento;Santa Fe;1;1;1;71;4900.0;2555.0;0.0
Departamento;Condesa;3;1;0;95;10150.0;4550.0;560.0
Departamento;Condesa;2;0;0;80;8050.0;3132.5;602.0
Departamento;Santa Fe;4;3;4;148;8750.0;4795.0;0.0
Departamento;Arboledas;2;1;0;84;4200.0;1407.0;0.0
Departamento;San Rafael;2;1;0;86;6650.0;1956.5;0.0
Departamento;Narvarte;3;0;0;88;5600.0;2814.0;322.0
Departamento;Santa Fe;3;2;1;172;8050.0;5600.0;1575.0
Departamento;Narvarte;3;1;1;110;5075.0;4532.5;0.0
Departamento;Santa Fe;3;1;1;87;5600.0;4627.0;0.0
Departamento;Condesa;2;0;0;100;9100.0;5250.0;455.0
Departamento;San Rafael;2;0;0;81;4200.0;1400.0;262.5
Departamento;Condesa;2;0;0;80;10150.0;3367.0;490.0
Departamento;Bosques de las Lomas;2;1;1;78;10500.0;4858.0;906.5
Departamento;Santa Fe;2;0;1;81;8750.0;5285.0;0.0
Departamento;Condesa;2;0;0;110;9450.0;3605.0;840.0
Departamento;Condesa;2;0;0;72;8050.0;2327.5;0.0
Departamento;Condesa;2;0;0;79;6825.0;3538.5;0.0
Departamento;Condesa;3;0;1;120;9800.0;3675.0;350.0
Departamento;Narvarte;3;1;1;125;8400.0;3045.0;493.5
Departamento;Narvarte;2;1;0;80;3500.0;2149.0;0.0
Departamento;San Pedro de los Pinos;3;1;0;95;10500.0;2821.0;0.0
Departamento;Del Valle;2;1;1;86;9800.0;4266.5;745.5
Departamento;Del Valle;2;0;0;70;7000.0;2800.0;297.5
Departamento;Roma;2;0;0;73;8400.0;2065.0;493.5
Departamento;Los Reyes Coyoacán;2;0;0;78;2625.0;1043.0;45.5
Departamento;Santa Fe;2;1;1;90;8050.0;4550.0;0.0
Departamento;Santa Fe;2;1;1;88;8400.0;3360.0;343.0
Departamento;Narvarte;2;0;0;75;7350.0;1687.0;308.0
Departamento;Condesa;3;1;0;130;10325.0;4410.0;658.0
Departamento;Polanco;3;1;0;100;10150.0;3804.5;616.0
Departamento;El Contadero;3;2;1;104;9450.0;2450.0;560.0
Departamento;Santa Fe;2;1;2;100;9481.5;3990.0;0.0
Departamento;Del Valle;2;0;1;80;6300.0;4200.0;336.0
Departamento;Santa Fe;2;1;1;100;9450.0;4025.0;0.0
Departamento;Condesa;3;1;0;105;9450.0;3937.5;812.0
Departamento;Lomas de Chapultepec;2;2;1;90;9800.0;4805.5;1599.5
Departamento;Narvarte;3;0;0;92;5600.0;2817.5;560.0
Departamento;Del Valle;2;2;1;70;8400.0;4725.0;507.5
Departamento;Condesa;1;0;0;70;7350.0;2275.0;287.0
Departamento;San Rafael;2;1;0;70;5950.0;3500.0;0.0
Departamento;Coyoacán;2;0;0;115;9450.0;5495.0;612.5
Departamento;San Miguel Chapultepec;1;1;0;75;5250.0;2100.0;280.0
Departamento;Bosques de las Lomas;2;1;0;72;7350.0;3762.5;805.0
Departamento;Santa Fe;2;2;1;73;9625.0;4592.0;472.5
Departamento;Lomas de Chapultepec;2;1;0;70;9800.0;2205.0;343.0
Departamento;Mixcoac;2;1;0;101;7000.0;1508.5;434.0
Departamento;Polanco;1;1;1;95;9100.0;3524.5;731.5
Departamento;Narvarte;3;1;1;165;9275.0;4578.0;0.0
Departamento;Coyoacán;2;1;1;75;10500.0;3430.0;350.0
Departamento;Centro Histórico;3;0;0;76;5950.0;1225.0;0.0
Departamento;Roma;3;2;1;120;9800.0;4900.0;1050.0
Departamento;Santa Fe;3;2;1;120;10150.0;5250.0;1085.0
Departamento;Santa Fe;2;1;1;75;10500.0;4550.0;4662.0
Departamento;Narvarte;2;1;0;70;5600.0;1648.5;0.0
Departamento;San Miguel Chapultepec;2;0;0;70;5250.0;1085.0;0.0
Departamento;Santa Fe;2;1;1;70;6300.0;4550.0;0.0
Departamento;Narvarte;2;1;1;94;7000.0;2275.0;0.0
Departamento;San Rafael;2;1;0;71;4550.0;1925.0;378.0
Departamento;Condesa;3;0;0;98;10500.0;2968.0;493.5
Departamento;Condesa;3;0;0;97;7350.0;3045.0;0.0
Departamento;Peralvillo;2;1;1;110;3850.0;1578.5;486.5
Departamento;Roma;3;0;0;120;9100.0;2800.0;420.0
Departamento;Narvarte;2;0;1;110;7000.0;1575.0;448.0
Departamento;Condesa;3;0;0;135;10500.0;3500.0;0.0
Departamento;Juárez;2;1;0;72;7350.0;2079.0;185.5
Departamento;Narvarte;3;2;1;122;10500.0;3745.0;1050.0
Departamento;El Contadero;3;2;1;90;7000.0;1225.0;0.0
Departamento;Lomas de Chapultepec;3;1;0;110;10500.0;3734.5;497.0
Departamento;Napoles;3;0;0;130;10500.0;3153.5;1092.0
Departamento;Coyoacán;2;0;0;75;10500.0;3185.0;668.5
Departamento;Casa Blanca;3;2;1;85;7350.0;2975.0;0.0
Departamento;Roma;2;1;1;90;9100.0;3780.0;654.5
Departamento;Santa Fe;2;1;1;70;8750.0;3150.0;4200.0
Departamento;San Rafael;2;1;0;71;4200.0;1750.0;490.0
Departamento;Santa Fe;2;1;1;77;8750.0;3951.5;770.0
Departamento;Del Valle;2;0;0;100;9450.0;2275.0;350.0
Departamento;Del Valle;3;0;1;97;9450.0;3363.5;504.0
Departamento;Narvarte;3;1;0;175;8750.0;3920.0;0.0
Departamento;Condesa;3;0;1;200;9800.0;5460.0;0.0
Departamento;Condesa;2;0;1;73;10150.0;2282.0;0.0
Departamento;Condesa;1;2;0;88;9100.0;3472.0;0.0
Departamento;Napoles;2;0;1;75;9100.0;3073.0;0.0
Departamento;Narvarte;3;0;0;87;5250.0;2100.0;350.0
Departamento;Santa Fe;2;1;1;78;8050.0;2390.5;651.0
Departamento;Narvarte;2;0;0;85;4900.0;2030.0;367.5
Departamento;Juárez;2;0;0;70;8750.0;2100.0;280.0
Departamento;Condesa;2;0;0;77;7000.0;2240.0;346.5
Departamento;San Miguel Chapultepec;2;1;1;74;7000.0;2590.0;0.0
Departamento;San Ángel;3;0;1;120;10150.0;3430.0;0.0
Departamento;Santa Fe;2;1;1;90;9100.0;3850.0;847.0
Departamento;Narvarte;3;2;1;108;8746.5;2555.0;525.0
Departamento;Condesa;2;0;0;90;10500.0;2800.0;763.0
Departamento;Coyoacán;2;1;0;76;9450.0;3073.0;437.5
Departamento;Centro Histórico;2;0;0;70;8750.0;2310.0;297.5
Departamento;Peralvillo;2;1;1;75;5250.0;2100.0;2800.0
Departamento;Zacatenco;2;1;1;73;5075.0;1435.0;140.0
Departamento;Santa Fe;2;1;1;93;9800.0;3622.5;1011.5
Departamento;El Contadero;3;1;0;71;6825.0;1680.0;0.0
Departamento;Santa Fe;3;2;1;85;8750.0;2800.0;815.5
Departamento;Santa Fe;2;1;1;81;7000.0;3675.0;0.0
Departamento;Santa Fe;2;2;1;100;9625.0;3902.5;843.5
Departamento;Coyoacán;2;0;0;90;10500.0;4900.0;0.0
Departamento;Santa Fe;2;1;1;90;7000.0;6300.0;8162.0
Departamento;Narvarte;2;1;0;78;6300.0;2170.0;217.0
Departamento;Santa Fe;2;1;1;85;7000.0;5075.0;472.5
Departamento;Condesa;1;1;1;90;10500.0;4753.0;0.0
Departamento;Santa Fe;2;1;1;94;9100.0;4620.0;479.5
Departamento;Del Valle Centro;2;1;0;75;3500.0;1855.0;0.0
Departamento;Condesa;3;0;1;125;9800.0;2257.5;1274.0
Departamento;San Miguel Chapultepec;2;0;0;96;4900.0;2450.0;290.5
Departamento;Narvarte;2;3;0;70;5880.0;805.0;157.5
Departamento;Los Reyes Coyoacán;3;0;0;97;4550.0;525.0;136.5
Departamento;Condesa;3;0;1;110;10500.0;3150.0;0.0
Departamento;Del Valle;2;0;1;90;7700.0;1890.0;483.0
Departamento;Lomas de Chapultepec;2;0;0;73;10500.0;1750.0;994.0
Departamento;Santa Fe;2;1;1;72;5950.0;3045.0;560.0
Departamento;Narvarte;3;1;0;75;6650.0;3010.0;493.5
Departamento;Santa Fe;2;1;1;85;7875.0;5463.5;689.5
Departamento;Santa Fe;3;2;0;98;8050.0;3104.5;619.5
Departamento;Lomas de Chapultepec;3;0;1;80;10500.0;3535.0;871.5
Departamento;Lomas de Chapultepec;2;0;0;70;10500.0;2660.0;0.0
